"CVE_MUN","INCIDENTE","TOTAL","NOM_MUN"
"001","ABUSO DE CONFIANZA",1,"Acatlán"
"001","ACCIDENTE DE MOTOCICLETA CON LESIONADOS",27,"Acatlán"
"001","ACCIDENTE DE TRÁNSITO SIN LESIONADOS",18,"Acatlán"
"001","ACCIDENTE DE VEHÍCULO AUTOMOTOR CON LESIONADOS",11,"Acatlán"
"001","ACCIDENTE MÚLTIPLE CON LESIONADOS",1,"Acatlán"
"001","ALLANAMIENTO DE MORADA",5,"Acatlán"
"001","ALTERACIÓN DEL ORDEN PÚBLICO POR PERSONA ALCOHOLIZADA",9,"Acatlán"
"001","AMENAZA",1,"Acatlán"
"001","AMENAZA DE ABORTO",2,"Acatlán"
"001","ANIMAL PELIGROSO",1,"Acatlán"
"001","APOYO A LA CIUDADANÍA",22,"Acatlán"
"001","APOYO A OTRO ESTADO",1,"Acatlán"
"001","ASFIXIA",1,"Acatlán"
"001","ATROPELLAMIENTO",2,"Acatlán"
"001","CABLES COLGANDO",1,"Acatlán"
"001","CAÍDA",6,"Acatlán"
"001","CONDUCTOR EBRIO",4,"Acatlán"
"001","CONSUMO DE ALCOHOL EN VÍA PÚBLICA",1,"Acatlán"
"001","CONTAMINACIÓN DE SUELO, AIRE Y AGUA",1,"Acatlán"
"001","CORTO CIRCUITO",1,"Acatlán"
"001","DAÑO A PROPIEDAD AJENA",2,"Acatlán"
"001","DETONACIÓN DE ARMA DE FUEGO",18,"Acatlán"
"001","DETONACIÓN DE COHETES O FUEGOS ARTIFICIALES",1,"Acatlán"
"001","DIFICULTAD RESPIRATORIA / URGENCIA RESPIRATORIA",7,"Acatlán"
"001","DOLOR ABDOMINAL / URGENCIA ABDOMINAL",1,"Acatlán"
"001","ENJAMBRE DE ABEJAS",8,"Acatlán"
"001","EXTORSIÓN TELEFÓNICA",2,"Acatlán"
"001","FALLECIDO DE CAUSA NATURAL",2,"Acatlán"
"001","FALLECIDO DE CAUSA TRAUMÁTICA",2,"Acatlán"
"001","FRACTURADO/TRAUMATISMO DE EXTREMIDADES",1,"Acatlán"
"001","FRAUDE",2,"Acatlán"
"001","FUGAS Y DERRAMES DE SUSTANCIAS QUÍMICAS",2,"Acatlán"
"001","GASES TÓXICOS",2,"Acatlán"
"001","HEMORRAGIA",2,"Acatlán"
"001","INCENDIO DE VEHÍCULO",1,"Acatlán"
"001","INCENDIO FORESTAL",2,"Acatlán"
"001","INFARTO / URGENCIA CARDIOLÓGICA",2,"Acatlán"
"001","INUNDACIONES",1,"Acatlán"
"001","MALTRATO DE ANIMALES",3,"Acatlán"
"001","NOTIFICACIÓN DE CIBER INCIDENTE",1,"Acatlán"
"001","OTRAS ALARMAS DE EMERGENCIAS ACTIVADAS",38,"Acatlán"
"001","OTRAS FALTAS AL REGLAMENTO DE TRÁNSITO",4,"Acatlán"
"001","OTROS ACTOS RELACIONADOS CON EL PATRIMONIO",2,"Acatlán"
"001","OTROS ACTOS RELACIONADOS CON LA FAMILIA",2,"Acatlán"
"001","OTROS ACTOS RELACIONADOS CON LA LIBERTAD PERSONAL",1,"Acatlán"
"001","OTROS INCENDIOS",24,"Acatlán"
"001","OTROS INCIDENTES MÉDICOS CLINICOS",2,"Acatlán"
"001","OTROS INCIDENTES MÉDICOS TRAUMÁTICOS",6,"Acatlán"
"001","OTROS RESCATES",2,"Acatlán"
"001","PERSONA AGRESIVA",20,"Acatlán"
"001","PERSONA EN CRISIS POR TRASTORNO MENTAL",1,"Acatlán"
"001","PERSONA INCONSCIENTE / URGENCIA NEUROLÓGICA",14,"Acatlán"
"001","PERSONA LOCALIZADA",3,"Acatlán"
"001","PERSONA NO LOCALIZADA",1,"Acatlán"
"001","PERSONA SOSPECHOSA",18,"Acatlán"
"001","PERSONA TIRADA EN VÍA PÚBLICA",4,"Acatlán"
"001","PORTACIÓN DE ARMAS O CARTUCHOS",8,"Acatlán"
"001","RIÑA / PELEA CLANDESTINA",11,"Acatlán"
"001","ROBO A CASA HABITACIÓN SIN VIOLENCIA",5,"Acatlán"
"001","ROBO DE GANADO",2,"Acatlán"
"001","ROBO DE VEHÍCULO PARTICULAR SIN VIOLENCIA",7,"Acatlán"
"001","RUIDO EXCESIVO",3,"Acatlán"
"001","SOLICITUD DE RONDÍN",4,"Acatlán"
"001","SUICIDIO",1,"Acatlán"
"001","SUSTRACCIÓN DE MENORES",1,"Acatlán"
"001","TENTATIVA DE ROBO",4,"Acatlán"
"001","TRABAJO DE PARTO",1,"Acatlán"
"001","URGENCIA EN PACIENTE EMBARAZADA",4,"Acatlán"
"001","URGENCIA POR ENFERMEDAD GENERAL",10,"Acatlán"
"001","VEHÍCULO A EXCESO DE VELOCIDAD",1,"Acatlán"
"001","VEHÍCULO ABANDONADO",2,"Acatlán"
"001","VEHÍCULO DESCOMPUESTO",2,"Acatlán"
"001","VEHÍCULO EN HUIDA",2,"Acatlán"
"001","VEHÍCULO RECUPERADO",1,"Acatlán"
"001","VEHÍCULO SOSPECHOSO",27,"Acatlán"
"001","VIOLENCIA CONTRA LA MUJER",3,"Acatlán"
"001","VIOLENCIA DE PAREJA",5,"Acatlán"
"001","VIOLENCIA FAMILIAR",11,"Acatlán"
"001","ÁRBOL CAÍDO O POR CAER",1,"Acatlán"
"002","ABANDONO DE PERSONA",1,"Acaxochitlán"
"002","ABUSO DE CONFIANZA",3,"Acaxochitlán"
"002","ABUSO SEXUAL",1,"Acaxochitlán"
"002","ACCIDENTE DE MOTOCICLETA CON FALLECIDO",1,"Acaxochitlán"
"002","ACCIDENTE DE MOTOCICLETA CON LESIONADOS",28,"Acaxochitlán"
"002","ACCIDENTE DE TRÁNSITO SIN LESIONADOS",47,"Acaxochitlán"
"002","ACCIDENTE DE VEHÍCULO AUTOMOTOR CON FALLECIDO",2,"Acaxochitlán"
"002","ACCIDENTE DE VEHÍCULO AUTOMOTOR CON LESIONADOS",48,"Acaxochitlán"
"002","ACCIDENTE DE VEHÍCULO DE PASAJEROS CON FALLECIDO",1,"Acaxochitlán"
"002","ACCIDENTE DE VEHÍCULO DE PASAJEROS CON LESIONADOS",3,"Acaxochitlán"
"002","ACCIDENTE MÚLTIPLE CON FALLECIDO",1,"Acaxochitlán"
"002","ACCIDENTE MÚLTIPLE CON LESIONADOS",28,"Acaxochitlán"
"002","ACOSO U HOSTIGAMIENTO SEXUAL",1,"Acaxochitlán"
"002","ALLANAMIENTO DE MORADA",12,"Acaxochitlán"
"002","ALTERACIÓN DEL ORDEN PÚBLICO POR PERSONA ALCOHOLIZADA",16,"Acaxochitlán"
"002","ALTERACIÓN DEL ORDEN PÚBLICO POR PERSONA DROGADA",5,"Acaxochitlán"
"002","AMENAZA DE ABORTO",1,"Acaxochitlán"
"002","APOYO A LA CIUDADANÍA",230,"Acaxochitlán"
"002","APOYO A OTRO ESTADO",38,"Acaxochitlán"
"002","ARRANCONES O CARRERAS DE VEHÍCULOS",2,"Acaxochitlán"
"002","ATROPELLAMIENTO",6,"Acaxochitlán"
"002","BLOQUEO O CORTE DE VÍAS DE COMUNICACIÓN",2,"Acaxochitlán"
"002","CABLES COLGANDO",3,"Acaxochitlán"
"002","CAÍDA",13,"Acaxochitlán"
"002","CIRCULAR EN SENTIDO CONTRARIO",1,"Acaxochitlán"
"002","CONDUCTOR EBRIO",9,"Acaxochitlán"
"002","CONSUMO DE ALCOHOL EN VÍA PÚBLICA",2,"Acaxochitlán"
"002","CONTAMINACIÓN DE SUELO, AIRE Y AGUA",3,"Acaxochitlán"
"002","CONVULSIONES",6,"Acaxochitlán"
"002","CORTO CIRCUITO",3,"Acaxochitlán"
"002","DAÑO A PROPIEDAD AJENA",1,"Acaxochitlán"
"002","DERRUMBES",1,"Acaxochitlán"
"002","DESCOMPENSACIÓN DE LA DIABETES/DESHIDRATACIÓN",1,"Acaxochitlán"
"002","DETONACIÓN DE ARMA DE FUEGO",17,"Acaxochitlán"
"002","DIFICULTAD RESPIRATORIA / URGENCIA RESPIRATORIA",4,"Acaxochitlán"
"002","DOLOR ABDOMINAL / URGENCIA ABDOMINAL",2,"Acaxochitlán"
"002","ELECTROCUTADO/LESIÓN POR CORRIENTE ELÉCTRICA",1,"Acaxochitlán"
"002","ENCHARCAMIENTO/ DESBORDAMIENTO DE RÍO",1,"Acaxochitlán"
"002","ENJAMBRE DE ABEJAS",8,"Acaxochitlán"
"002","EXTORSIÓN TELEFÓNICA",5,"Acaxochitlán"
"002","EXTRAVÍO DE PLACA",2,"Acaxochitlán"
"002","FALLECIDO DE CAUSA NATURAL",1,"Acaxochitlán"
"002","FALLECIDO DE CAUSA TRAUMÁTICA",3,"Acaxochitlán"
"002","FRACTURADO/TRAUMATISMO DE EXTREMIDADES",1,"Acaxochitlán"
"002","FRAUDE",1,"Acaxochitlán"
"002","FUGAS Y DERRAMES DE SUSTANCIAS QUÍMICAS",6,"Acaxochitlán"
"002","GASES TÓXICOS",1,"Acaxochitlán"
"002","HEMORRAGIA",3,"Acaxochitlán"
"002","INCENDIO DE CASA HABITACIÓN",6,"Acaxochitlán"
"002","INCENDIO DE VEHÍCULO",5,"Acaxochitlán"
"002","INCENDIO FORESTAL",31,"Acaxochitlán"
"002","INFARTO / URGENCIA CARDIOLÓGICA",3,"Acaxochitlán"
"002","INUNDACIONES",1,"Acaxochitlán"
"002","MALTRATO DE ANIMALES",4,"Acaxochitlán"
"002","MENOR EXTRAVIADO",1,"Acaxochitlán"
"002","MORDEDURA DE ANIMAL",2,"Acaxochitlán"
"002","NOTIFICACIÓN DE CIBER INCIDENTE",2,"Acaxochitlán"
"002","OLORES FÉTIDOS",1,"Acaxochitlán"
"002","OTRAS ALARMAS DE EMERGENCIAS ACTIVADAS",59,"Acaxochitlán"
"002","OTRAS FALTAS AL REGLAMENTO DE TRÁNSITO",2,"Acaxochitlán"
"002","OTROS ACCIDENTES CON LESIONADOS",1,"Acaxochitlán"
"002","OTROS ACTOS RELACIONADOS CON EL PATRIMONIO",6,"Acaxochitlán"
"002","OTROS ACTOS RELACIONADOS CON LA FAMILIA",13,"Acaxochitlán"
"002","OTROS ACTOS RELACIONADOS CON LA LIBERTAD PERSONAL",1,"Acaxochitlán"
"002","OTROS ACTOS RELACIONADOS CON OTROS BIENES JURÍDICOS",2,"Acaxochitlán"
"002","OTROS INCENDIOS",28,"Acaxochitlán"
"002","OTROS INCIDENTES MÉDICOS CLINICOS",1,"Acaxochitlán"
"002","OTROS INCIDENTES MÉDICOS TRAUMÁTICOS",2,"Acaxochitlán"
"002","OTROS RESCATES",3,"Acaxochitlán"
"002","OTROS TIPOS DE ALTERACIÓN AL ORDEN PÚBLICO",1,"Acaxochitlán"
"002","PERSONA AGRESIVA",35,"Acaxochitlán"
"002","PERSONA DETENIDA",8,"Acaxochitlán"
"002","PERSONA EN SITUACIÓN DE CALLE",2,"Acaxochitlán"
"002","PERSONA EXHIBICIONISTA",1,"Acaxochitlán"
"002","PERSONA INCONSCIENTE / URGENCIA NEUROLÓGICA",16,"Acaxochitlán"
"002","PERSONA LOCALIZADA",7,"Acaxochitlán"
"002","PERSONA NO LOCALIZADA",7,"Acaxochitlán"
"002","PERSONA SOSPECHOSA",28,"Acaxochitlán"
"002","PERSONA TIRADA EN VÍA PÚBLICA",7,"Acaxochitlán"
"002","PORTACIÓN DE ARMAS O CARTUCHOS",11,"Acaxochitlán"
"002","RIÑA / PELEA CLANDESTINA",21,"Acaxochitlán"
"002","ROBO A CASA HABITACIÓN SIN VIOLENCIA",4,"Acaxochitlán"
"002","ROBO DE COMBUSTIBLE",2,"Acaxochitlán"
"002","ROBO DE GANADO",2,"Acaxochitlán"
"002","ROBO DE VEHÍCULO PARTICULAR SIN VIOLENCIA",16,"Acaxochitlán"
"002","RUIDO EXCESIVO",4,"Acaxochitlán"
"002","SOLICITUD DE RONDÍN",3,"Acaxochitlán"
"002","SUICIDIO",1,"Acaxochitlán"
"002","TALA ILEGAL",27,"Acaxochitlán"
"002","TENTATIVA DE ROBO",7,"Acaxochitlán"
"002","TRABAJO DE PARTO",5,"Acaxochitlán"
"002","URGENCIA EN PACIENTE EMBARAZADA",1,"Acaxochitlán"
"002","URGENCIA POR ENFERMEDAD GENERAL",8,"Acaxochitlán"
"002","VEHÍCULO A EXCESO DE VELOCIDAD",4,"Acaxochitlán"
"002","VEHÍCULO ABANDONADO",3,"Acaxochitlán"
"002","VEHÍCULO DESCOMPUESTO",45,"Acaxochitlán"
"002","VEHÍCULO EN HUIDA",9,"Acaxochitlán"
"002","VEHÍCULO RECUPERADO",3,"Acaxochitlán"
"002","VEHÍCULO SOSPECHOSO",40,"Acaxochitlán"
"002","VENTA CLANDESTINA DE PIROTECNIA, COHETES O FUEGOS ARTIFICIALES",1,"Acaxochitlán"
"002","VIOLENCIA CONTRA LA MUJER",8,"Acaxochitlán"
"002","VIOLENCIA DE PAREJA",36,"Acaxochitlán"
"002","VIOLENCIA FAMILIAR",24,"Acaxochitlán"
"002","ÁRBOL CAÍDO O POR CAER",3,"Acaxochitlán"
"003","ABANDONO DE PERSONA",2,"Actopan"
"003","ABUSO DE CONFIANZA",11,"Actopan"
"003","ABUSO SEXUAL",2,"Actopan"
"003","ACCIDENTE DE MOTOCICLETA CON FALLECIDO",6,"Actopan"
"003","ACCIDENTE DE MOTOCICLETA CON LESIONADOS",173,"Actopan"
"003","ACCIDENTE DE TRÁNSITO SIN LESIONADOS",162,"Actopan"
"003","ACCIDENTE DE VEHÍCULO AUTOMOTOR CON FALLECIDO",2,"Actopan"
"003","ACCIDENTE DE VEHÍCULO AUTOMOTOR CON LESIONADOS",57,"Actopan"
"003","ACCIDENTE DE VEHÍCULO DE PASAJEROS CON LESIONADOS",4,"Actopan"
"003","ACCIDENTE MÚLTIPLE CON LESIONADOS",26,"Actopan"
"003","ACOSO U HOSTIGAMIENTO SEXUAL",7,"Actopan"
"003","ALLANAMIENTO DE MORADA",54,"Actopan"
"003","ALTERACIÓN DEL ORDEN PÚBLICO POR PERSONA ALCOHOLIZADA",96,"Actopan"
"003","ALTERACIÓN DEL ORDEN PÚBLICO POR PERSONA DROGADA",25,"Actopan"
"003","AMENAZA",10,"Actopan"
"003","AMENAZA DE SUICIDIO",9,"Actopan"
"003","ANIMAL PELIGROSO",5,"Actopan"
"003","ANIMALES SUELTOS",4,"Actopan"
"003","APOYO A LA CIUDADANÍA",144,"Actopan"
"003","APOYO A OTRO ESTADO",1,"Actopan"
"003","ARRANCONES O CARRERAS DE VEHÍCULOS",15,"Actopan"
"003","ASFIXIA",3,"Actopan"
"003","ASOCIACIÓN DELICTUOSA O PANDILLERISMO",1,"Actopan"
"003","ATAQUES AL PUDOR",3,"Actopan"
"003","ATROPELLAMIENTO",26,"Actopan"
"003","CABLES COLGANDO",5,"Actopan"
"003","CAÍDA",92,"Actopan"
"003","CAÍDA DE POSTE",2,"Actopan"
"003","CIRCULAR EN SENTIDO CONTRARIO",3,"Actopan"
"003","CONDUCTOR EBRIO",29,"Actopan"
"003","CONSUMO DE ALCOHOL EN VÍA PÚBLICA",24,"Actopan"
"003","CONSUMO DE DROGAS EN VÍA PÚBLICA",11,"Actopan"
"003","CONTAMINACIÓN DE SUELO, AIRE Y AGUA",11,"Actopan"
"003","CONVULSIONES",31,"Actopan"
"003","CORTO CIRCUITO",11,"Actopan"
"003","DAÑO A BIENES PÚBLICOS, INSTITUCIONES, MONUMENTOS, ENTRE OTROS",6,"Actopan"
"003","DAÑO A PROPIEDAD AJENA",24,"Actopan"
"003","DESCOMPENSACIÓN DE LA DIABETES/DESHIDRATACIÓN",12,"Actopan"
"003","DETONACIÓN DE ARMA DE FUEGO",43,"Actopan"
"003","DETONACIÓN DE COHETES O FUEGOS ARTIFICIALES",15,"Actopan"
"003","DIFICULTAD RESPIRATORIA / URGENCIA RESPIRATORIA",13,"Actopan"
"003","DOLOR ABDOMINAL / URGENCIA ABDOMINAL",10,"Actopan"
"003","ELECTROCUTADO/LESIÓN POR CORRIENTE ELÉCTRICA",1,"Actopan"
"003","ENJAMBRE DE ABEJAS",15,"Actopan"
"003","ENVENENAMIENTO POR ANIMAL DE PONZOÑA",1,"Actopan"
"003","EXPLOTACIÓN DE MENORES",3,"Actopan"
"003","EXTORSIÓN",4,"Actopan"
"003","EXTORSIÓN TELEFÓNICA",13,"Actopan"
"003","EXTRAVÍO DE PLACA",1,"Actopan"
"003","FALLAS DE SEMÁFORO",6,"Actopan"
"003","FALLECIDO DE CAUSA NATURAL",19,"Actopan"
"003","FALLECIDO DE CAUSA TRAUMÁTICA",11,"Actopan"
"003","FRACTURADO/TRAUMATISMO DE EXTREMIDADES",7,"Actopan"
"003","FRAUDE",4,"Actopan"
"003","FUGAS Y DERRAMES DE SUSTANCIAS QUÍMICAS",19,"Actopan"
"003","FUGAS Y DERRAMES EN ESCUELA",1,"Actopan"
"003","GASES TÓXICOS",6,"Actopan"
"003","GRAFITIS",3,"Actopan"
"003","GRAVA SUELTA",1,"Actopan"
"003","HEMORRAGIA",6,"Actopan"
"003","INCENDIO DE CASA HABITACIÓN",6,"Actopan"
"003","INCENDIO DE COMERCIO",3,"Actopan"
"003","INCENDIO DE VEHÍCULO",7,"Actopan"
"003","INCENDIO FORESTAL",9,"Actopan"
"003","INFARTO / URGENCIA CARDIOLÓGICA",6,"Actopan"
"003","INFARTO CEREBRAL",3,"Actopan"
"003","INTOXICACIÓN / SOBREDOSIS / ENVENENAMIENTO POR SUSTANCIAS",4,"Actopan"
"003","INTOXICACIÓN ETÍLICA",13,"Actopan"
"003","LESIONADO POR ARMA BLANCA",7,"Actopan"
"003","MALTRATO DE ANIMALES",4,"Actopan"
"003","MALTRATO INFANTIL",7,"Actopan"
"003","MENOR EXTRAVIADO",3,"Actopan"
"003","MORDEDURA DE ANIMAL",3,"Actopan"
"003","NOTIFICACIÓN DE CIBER INCIDENTE",12,"Actopan"
"003","OLORES FÉTIDOS",1,"Actopan"
"003","OTRAS ALARMAS DE EMERGENCIAS ACTIVADAS",154,"Actopan"
"003","OTRAS FALTAS AL REGLAMENTO DE TRÁNSITO",42,"Actopan"
"003","OTROS ACTOS RELACIONADOS CON EL PATRIMONIO",35,"Actopan"
"003","OTROS ACTOS RELACIONADOS CON LA FAMILIA",34,"Actopan"
"003","OTROS ACTOS RELACIONADOS CON LA LIBERTAD PERSONAL",14,"Actopan"
"003","OTROS ACTOS RELACIONADOS CON LA LIBERTAD Y LA SEGURIDAD SEXUAL",1,"Actopan"
"003","OTROS ACTOS RELACIONADOS CON OTROS BIENES JURÍDICOS",2,"Actopan"
"003","OTROS INCENDIOS",178,"Actopan"
"003","OTROS INCIDENTES MÉDICOS CLINICOS",20,"Actopan"
"003","OTROS INCIDENTES MÉDICOS TRAUMÁTICOS",22,"Actopan"
"003","OTROS RESCATES",6,"Actopan"
"003","OTROS TIPOS DE ALTERACIÓN AL ORDEN PÚBLICO",18,"Actopan"
"003","PARO CARDIORRESPIRATORIO",1,"Actopan"
"003","PERSONA AGRESIVA",253,"Actopan"
"003","PERSONA DETENIDA",19,"Actopan"
"003","PERSONA EN CRISIS POR TRASTORNO MENTAL",6,"Actopan"
"003","PERSONA EN SITUACIÓN DE CALLE",3,"Actopan"
"003","PERSONA EXHIBICIONISTA",4,"Actopan"
"003","PERSONA INCONSCIENTE / URGENCIA NEUROLÓGICA",63,"Actopan"
"003","PERSONA LOCALIZADA",5,"Actopan"
"003","PERSONA NO LOCALIZADA",4,"Actopan"
"003","PERSONA SOSPECHOSA",114,"Actopan"
"003","PERSONA TIRADA EN VÍA PÚBLICA",53,"Actopan"
"003","PORTACIÓN DE ARMAS O CARTUCHOS",17,"Actopan"
"003","RESCATE ANIMAL",10,"Actopan"
"003","RIÑA / PELEA CLANDESTINA",109,"Actopan"
"003","ROBO A CASA HABITACIÓN SIN VIOLENCIA",11,"Actopan"
"003","ROBO A NEGOCIO SIN VIOLENCIA",13,"Actopan"
"003","ROBO A TRANSEÚNTE SIN VIOLENCIA",3,"Actopan"
"003","ROBO DE AUTOPARTES O ACCESORIOS",2,"Actopan"
"003","ROBO DE VEHÍCULO PARTICULAR SIN VIOLENCIA",115,"Actopan"
"003","RUIDO EXCESIVO",33,"Actopan"
"003","SOLICITUD DE OTROS SERVICIOS PÚBLICOS",1,"Actopan"
"003","SOLICITUD DE RONDÍN",9,"Actopan"
"003","SUICIDIO",3,"Actopan"
"003","SUSTRACCIÓN DE MENORES",2,"Actopan"
"003","TALA ILEGAL",1,"Actopan"
"003","TENTATIVA DE ROBO",27,"Actopan"
"003","TRABAJO DE PARTO",1,"Actopan"
"003","TRAFICO Y/O VENTA CLANDESTINA DE ANIMALES",1,"Actopan"
"003","TRAUMATISMO DE CRÁNEO",1,"Actopan"
"003","TRAUMATISMOS MÚLTIPLES",1,"Actopan"
"003","TRÁFICO DE DROGAS Y ESTUPEFACIENTES EN VÍA PÚBLICA",1,"Actopan"
"003","URGENCIA EN PACIENTE EMBARAZADA",5,"Actopan"
"003","URGENCIA POR ENFERMEDAD GENERAL",44,"Actopan"
"003","VEHÍCULO A EXCESO DE VELOCIDAD",20,"Actopan"
"003","VEHÍCULO ABANDONADO",15,"Actopan"
"003","VEHÍCULO DESCOMPUESTO",26,"Actopan"
"003","VEHÍCULO EN HUIDA",36,"Actopan"
"003","VEHÍCULO RECUPERADO",10,"Actopan"
"003","VEHÍCULO SOSPECHOSO",101,"Actopan"
"003","VIALIDAD EN MAL ESTADO",1,"Actopan"
"003","VIOLENCIA CONTRA LA MUJER",39,"Actopan"
"003","VIOLENCIA DE PAREJA",117,"Actopan"
"003","VIOLENCIA FAMILIAR",117,"Actopan"
"003","ÁRBOL CAÍDO O POR CAER",2,"Actopan"
"004","ABUSO DE CONFIANZA",1,"Agua Blanca de Iturbide"
"004","ACCIDENTE DE MOTOCICLETA CON LESIONADOS",3,"Agua Blanca de Iturbide"
"004","ACCIDENTE DE TRÁNSITO SIN LESIONADOS",2,"Agua Blanca de Iturbide"
"004","ACCIDENTE DE VEHÍCULO AUTOMOTOR CON LESIONADOS",5,"Agua Blanca de Iturbide"
"004","ACCIDENTE MÚLTIPLE CON LESIONADOS",3,"Agua Blanca de Iturbide"
"004","ALLANAMIENTO DE MORADA",4,"Agua Blanca de Iturbide"
"004","ALTERACIÓN DEL ORDEN PÚBLICO POR PERSONA ALCOHOLIZADA",4,"Agua Blanca de Iturbide"
"004","ALTERACIÓN DEL ORDEN PÚBLICO POR PERSONA DROGADA",3,"Agua Blanca de Iturbide"
"004","AMENAZA",1,"Agua Blanca de Iturbide"
"004","APOYO A LA CIUDADANÍA",9,"Agua Blanca de Iturbide"
"004","ATROPELLAMIENTO",1,"Agua Blanca de Iturbide"
"004","CABLES COLGANDO",1,"Agua Blanca de Iturbide"
"004","CAÍDA",8,"Agua Blanca de Iturbide"
"004","CONDUCTOR EBRIO",1,"Agua Blanca de Iturbide"
"004","CONSUMO DE ALCOHOL EN VÍA PÚBLICA",1,"Agua Blanca de Iturbide"
"004","CONVULSIONES",1,"Agua Blanca de Iturbide"
"004","CORTO CIRCUITO",1,"Agua Blanca de Iturbide"
"004","DERRUMBES",2,"Agua Blanca de Iturbide"
"004","DETONACIÓN DE ARMA DE FUEGO",7,"Agua Blanca de Iturbide"
"004","DETONACIÓN DE COHETES O FUEGOS ARTIFICIALES",1,"Agua Blanca de Iturbide"
"004","DIFICULTAD RESPIRATORIA / URGENCIA RESPIRATORIA",2,"Agua Blanca de Iturbide"
"004","DOLOR ABDOMINAL / URGENCIA ABDOMINAL",2,"Agua Blanca de Iturbide"
"004","EXTORSIÓN TELEFÓNICA",2,"Agua Blanca de Iturbide"
"004","INCENDIO DE CASA HABITACIÓN",1,"Agua Blanca de Iturbide"
"004","INCENDIO DE VEHÍCULO",1,"Agua Blanca de Iturbide"
"004","INCENDIO FORESTAL",1,"Agua Blanca de Iturbide"
"004","INTOXICACIÓN / SOBREDOSIS / ENVENENAMIENTO POR SUSTANCIAS",1,"Agua Blanca de Iturbide"
"004","MALTRATO DE ANIMALES",1,"Agua Blanca de Iturbide"
"004","MALTRATO INFANTIL",1,"Agua Blanca de Iturbide"
"004","OTRAS ALARMAS DE EMERGENCIAS ACTIVADAS",42,"Agua Blanca de Iturbide"
"004","OTRAS FALTAS AL REGLAMENTO DE TRÁNSITO",1,"Agua Blanca de Iturbide"
"004","OTROS ACTOS RELACIONADOS CON EL PATRIMONIO",4,"Agua Blanca de Iturbide"
"004","OTROS ACTOS RELACIONADOS CON LA FAMILIA",2,"Agua Blanca de Iturbide"
"004","OTROS INCENDIOS",6,"Agua Blanca de Iturbide"
"004","OTROS INCIDENTES MÉDICOS CLINICOS",2,"Agua Blanca de Iturbide"
"004","OTROS RESCATES",1,"Agua Blanca de Iturbide"
"004","OTROS TIPOS DE ALTERACIÓN AL ORDEN PÚBLICO",1,"Agua Blanca de Iturbide"
"004","PERSONA AGRESIVA",9,"Agua Blanca de Iturbide"
"004","PERSONA EN CRISIS POR TRASTORNO MENTAL",1,"Agua Blanca de Iturbide"
"004","PERSONA INCONSCIENTE / URGENCIA NEUROLÓGICA",3,"Agua Blanca de Iturbide"
"004","PERSONA LOCALIZADA",2,"Agua Blanca de Iturbide"
"004","PERSONA NO LOCALIZADA",1,"Agua Blanca de Iturbide"
"004","PERSONA SOSPECHOSA",4,"Agua Blanca de Iturbide"
"004","PERSONA TIRADA EN VÍA PÚBLICA",4,"Agua Blanca de Iturbide"
"004","PORTACIÓN DE ARMAS O CARTUCHOS",1,"Agua Blanca de Iturbide"
"004","RIÑA / PELEA CLANDESTINA",3,"Agua Blanca de Iturbide"
"004","ROBO A CASA HABITACIÓN SIN VIOLENCIA",3,"Agua Blanca de Iturbide"
"004","ROBO A NEGOCIO SIN VIOLENCIA",1,"Agua Blanca de Iturbide"
"004","ROBO DE GANADO",1,"Agua Blanca de Iturbide"
"004","ROBO DE VEHÍCULO PARTICULAR SIN VIOLENCIA",6,"Agua Blanca de Iturbide"
"004","SOLICITUD DE OTROS SERVICIOS PÚBLICOS",1,"Agua Blanca de Iturbide"
"004","SOLICITUD DE RONDÍN",1,"Agua Blanca de Iturbide"
"004","TALA ILEGAL",4,"Agua Blanca de Iturbide"
"004","TENTATIVA DE ROBO",1,"Agua Blanca de Iturbide"
"004","URGENCIA EN PACIENTE EMBARAZADA",2,"Agua Blanca de Iturbide"
"004","URGENCIA POR ENFERMEDAD GENERAL",2,"Agua Blanca de Iturbide"
"004","VEHÍCULO A EXCESO DE VELOCIDAD",2,"Agua Blanca de Iturbide"
"004","VEHÍCULO DESCOMPUESTO",1,"Agua Blanca de Iturbide"
"004","VEHÍCULO SOSPECHOSO",14,"Agua Blanca de Iturbide"
"004","VIOLENCIA CONTRA LA MUJER",1,"Agua Blanca de Iturbide"
"004","VIOLENCIA DE PAREJA",7,"Agua Blanca de Iturbide"
"004","VIOLENCIA FAMILIAR",7,"Agua Blanca de Iturbide"
"004","ÁRBOL CAÍDO O POR CAER",2,"Agua Blanca de Iturbide"
"005","ABANDONO DE PERSONA",2,"Ajacuba"
"005","ABUSO DE CONFIANZA",1,"Ajacuba"
"005","ACCIDENTE DE MOTOCICLETA CON FALLECIDO",1,"Ajacuba"
"005","ACCIDENTE DE MOTOCICLETA CON LESIONADOS",13,"Ajacuba"
"005","ACCIDENTE DE TRÁNSITO SIN LESIONADOS",18,"Ajacuba"
"005","ACCIDENTE DE VEHÍCULO AUTOMOTOR CON FALLECIDO",1,"Ajacuba"
"005","ACCIDENTE DE VEHÍCULO AUTOMOTOR CON LESIONADOS",12,"Ajacuba"
"005","ACCIDENTE DE VEHÍCULO DE PASAJEROS CON FALLECIDO",1,"Ajacuba"
"005","ACCIDENTE MÚLTIPLE CON LESIONADOS",1,"Ajacuba"
"005","ACOSO U HOSTIGAMIENTO SEXUAL",2,"Ajacuba"
"005","ALLANAMIENTO DE MORADA",9,"Ajacuba"
"005","ALTERACIÓN DEL ORDEN PÚBLICO POR PERSONA ALCOHOLIZADA",19,"Ajacuba"
"005","ALTERACIÓN DEL ORDEN PÚBLICO POR PERSONA DROGADA",1,"Ajacuba"
"005","AMENAZA",3,"Ajacuba"
"005","ANIMAL PELIGROSO",1,"Ajacuba"
"005","ANIMALES SUELTOS",1,"Ajacuba"
"005","APOYO A LA CIUDADANÍA",28,"Ajacuba"
"005","APOYO A OTRO ESTADO",1,"Ajacuba"
"005","ARRANCONES O CARRERAS DE VEHÍCULOS",1,"Ajacuba"
"005","ASFIXIA",1,"Ajacuba"
"005","ATROPELLAMIENTO",3,"Ajacuba"
"005","BLOQUEO O CORTE DE VÍAS DE COMUNICACIÓN",1,"Ajacuba"
"005","CABLES COLGANDO",3,"Ajacuba"
"005","CAÍDA",7,"Ajacuba"
"005","CAÍDA DE POSTE",2,"Ajacuba"
"005","CONDUCTOR EBRIO",4,"Ajacuba"
"005","CONSUMO DE ALCOHOL EN VÍA PÚBLICA",5,"Ajacuba"
"005","CONSUMO DE DROGAS EN VÍA PÚBLICA",1,"Ajacuba"
"005","CONTAMINACIÓN DE SUELO, AIRE Y AGUA",2,"Ajacuba"
"005","CONVULSIONES",3,"Ajacuba"
"005","CORTO CIRCUITO",3,"Ajacuba"
"005","DAÑO A PROPIEDAD AJENA",4,"Ajacuba"
"005","DESCOMPENSACIÓN DE LA DIABETES/DESHIDRATACIÓN",2,"Ajacuba"
"005","DETONACIÓN DE ARMA DE FUEGO",5,"Ajacuba"
"005","DETONACIÓN DE COHETES O FUEGOS ARTIFICIALES",1,"Ajacuba"
"005","DIFICULTAD RESPIRATORIA / URGENCIA RESPIRATORIA",5,"Ajacuba"
"005","ELECTROCUTADO/LESIÓN POR CORRIENTE ELÉCTRICA",1,"Ajacuba"
"005","ENJAMBRE DE ABEJAS",3,"Ajacuba"
"005","ENVENENAMIENTO POR ANIMAL DE PONZOÑA",1,"Ajacuba"
"005","EXTORSIÓN",1,"Ajacuba"
"005","EXTORSIÓN TELEFÓNICA",9,"Ajacuba"
"005","FALLECIDO DE CAUSA NATURAL",3,"Ajacuba"
"005","FALLECIDO DE CAUSA TRAUMÁTICA",1,"Ajacuba"
"005","FRACTURADO/TRAUMATISMO DE EXTREMIDADES",1,"Ajacuba"
"005","FUGAS Y DERRAMES DE SUSTANCIAS QUÍMICAS",3,"Ajacuba"
"005","HEMORRAGIA",1,"Ajacuba"
"005","INCENDIO DE VEHÍCULO",1,"Ajacuba"
"005","INCENDIO FORESTAL",3,"Ajacuba"
"005","INTOXICACIÓN / SOBREDOSIS / ENVENENAMIENTO POR SUSTANCIAS",1,"Ajacuba"
"005","INTOXICACIÓN ETÍLICA",1,"Ajacuba"
"005","MALTRATO DE ANIMALES",4,"Ajacuba"
"005","MALTRATO INFANTIL",3,"Ajacuba"
"005","NOTIFICACIÓN DE CIBER INCIDENTE",5,"Ajacuba"
"005","OBJETO SOSPECHOSO O PELIGROSO",3,"Ajacuba"
"005","OTRAS ALARMAS DE EMERGENCIAS ACTIVADAS",128,"Ajacuba"
"005","OTRAS FALTAS AL REGLAMENTO DE TRÁNSITO",6,"Ajacuba"
"005","OTROS ACTOS RELACIONADOS CON EL PATRIMONIO",5,"Ajacuba"
"005","OTROS ACTOS RELACIONADOS CON LA FAMILIA",2,"Ajacuba"
"005","OTROS ACTOS RELACIONADOS CON LA LIBERTAD PERSONAL",2,"Ajacuba"
"005","OTROS INCENDIOS",37,"Ajacuba"
"005","OTROS INCIDENTES MÉDICOS CLINICOS",5,"Ajacuba"
"005","OTROS INCIDENTES MÉDICOS TRAUMÁTICOS",4,"Ajacuba"
"005","OTROS RESCATES",4,"Ajacuba"
"005","OTROS TIPOS DE ALTERACIÓN AL ORDEN PÚBLICO",1,"Ajacuba"
"005","PERSONA AGRESIVA",43,"Ajacuba"
"005","PERSONA DETENIDA",1,"Ajacuba"
"005","PERSONA EN CRISIS POR TRASTORNO MENTAL",1,"Ajacuba"
"005","PERSONA INCONSCIENTE / URGENCIA NEUROLÓGICA",2,"Ajacuba"
"005","PERSONA LOCALIZADA",6,"Ajacuba"
"005","PERSONA NO LOCALIZADA",1,"Ajacuba"
"005","PERSONA SOSPECHOSA",16,"Ajacuba"
"005","PERSONA TIRADA EN VÍA PÚBLICA",3,"Ajacuba"
"005","PORTACIÓN DE ARMAS O CARTUCHOS",9,"Ajacuba"
"005","RESCATE ANIMAL",1,"Ajacuba"
"005","RIÑA / PELEA CLANDESTINA",21,"Ajacuba"
"005","ROBO A CASA HABITACIÓN SIN VIOLENCIA",4,"Ajacuba"
"005","ROBO DE COMBUSTIBLE",22,"Ajacuba"
"005","ROBO DE GANADO",1,"Ajacuba"
"005","ROBO DE VEHÍCULO PARTICULAR SIN VIOLENCIA",6,"Ajacuba"
"005","RUIDO EXCESIVO",5,"Ajacuba"
"005","SOLICITUD DE RONDÍN",4,"Ajacuba"
"005","SUICIDIO",1,"Ajacuba"
"005","SUSTRACCIÓN DE MENORES",1,"Ajacuba"
"005","TALA ILEGAL",1,"Ajacuba"
"005","TENTATIVA DE ROBO",5,"Ajacuba"
"005","URGENCIA EN PACIENTE EMBARAZADA",3,"Ajacuba"
"005","URGENCIA POR ENFERMEDAD GENERAL",6,"Ajacuba"
"005","VEHÍCULO A EXCESO DE VELOCIDAD",8,"Ajacuba"
"005","VEHÍCULO ABANDONADO",2,"Ajacuba"
"005","VEHÍCULO DESCOMPUESTO",1,"Ajacuba"
"005","VEHÍCULO EN HUIDA",2,"Ajacuba"
"005","VEHÍCULO RECUPERADO",2,"Ajacuba"
"005","VEHÍCULO SOSPECHOSO",31,"Ajacuba"
"005","VIALIDAD EN MAL ESTADO",1,"Ajacuba"
"005","VIOLENCIA CONTRA LA MUJER",6,"Ajacuba"
"005","VIOLENCIA DE PAREJA",16,"Ajacuba"
"005","VIOLENCIA FAMILIAR",19,"Ajacuba"
"006","ACCIDENTE DE MOTOCICLETA CON LESIONADOS",18,"Alfajayucan"
"006","ACCIDENTE DE TRÁNSITO SIN LESIONADOS",26,"Alfajayucan"
"006","ACCIDENTE DE VEHÍCULO AUTOMOTOR CON FALLECIDO",1,"Alfajayucan"
"006","ACCIDENTE DE VEHÍCULO AUTOMOTOR CON LESIONADOS",23,"Alfajayucan"
"006","ACCIDENTE DE VEHÍCULO DE PASAJEROS CON LESIONADOS",2,"Alfajayucan"
"006","ACCIDENTE MÚLTIPLE CON LESIONADOS",3,"Alfajayucan"
"006","ALLANAMIENTO DE MORADA",6,"Alfajayucan"
"006","ALTERACIÓN DEL ORDEN PÚBLICO POR PERSONA ALCOHOLIZADA",2,"Alfajayucan"
"006","ALTERACIÓN DEL ORDEN PÚBLICO POR PERSONA DROGADA",2,"Alfajayucan"
"006","AMENAZA",1,"Alfajayucan"
"006","ANIMAL PELIGROSO",2,"Alfajayucan"
"006","ANIMALES SUELTOS",1,"Alfajayucan"
"006","APOYO A LA CIUDADANÍA",11,"Alfajayucan"
"006","ARRANCONES O CARRERAS DE VEHÍCULOS",3,"Alfajayucan"
"006","ATROPELLAMIENTO",1,"Alfajayucan"
"006","CAÍDA",7,"Alfajayucan"
"006","CONDUCTOR EBRIO",2,"Alfajayucan"
"006","CONSUMO DE ALCOHOL EN VÍA PÚBLICA",1,"Alfajayucan"
"006","CONSUMO DE DROGAS EN VÍA PÚBLICA",1,"Alfajayucan"
"006","CONTAMINACIÓN DE SUELO, AIRE Y AGUA",1,"Alfajayucan"
"006","CONVULSIONES",4,"Alfajayucan"
"006","CORTO CIRCUITO",2,"Alfajayucan"
"006","DETONACIÓN DE ARMA DE FUEGO",1,"Alfajayucan"
"006","DETONACIÓN DE COHETES O FUEGOS ARTIFICIALES",2,"Alfajayucan"
"006","DIFICULTAD RESPIRATORIA / URGENCIA RESPIRATORIA",2,"Alfajayucan"
"006","DOLOR ABDOMINAL / URGENCIA ABDOMINAL",1,"Alfajayucan"
"006","ENJAMBRE DE ABEJAS",4,"Alfajayucan"
"006","ENVENENAMIENTO POR ANIMAL DE PONZOÑA",2,"Alfajayucan"
"006","EXTORSIÓN",1,"Alfajayucan"
"006","EXTORSIÓN TELEFÓNICA",1,"Alfajayucan"
"006","FALLECIDO DE CAUSA NATURAL",2,"Alfajayucan"
"006","FALLECIDO DE CAUSA TRAUMÁTICA",1,"Alfajayucan"
"006","FRACTURADO/TRAUMATISMO DE EXTREMIDADES",1,"Alfajayucan"
"006","HEMORRAGIA",1,"Alfajayucan"
"006","INCENDIO DE VEHÍCULO",4,"Alfajayucan"
"006","INCENDIO FORESTAL",4,"Alfajayucan"
"006","INFARTO / URGENCIA CARDIOLÓGICA",1,"Alfajayucan"
"006","MALTRATO DE ANIMALES",1,"Alfajayucan"
"006","MORDEDURA DE ANIMAL",1,"Alfajayucan"
"006","NOTIFICACIÓN DE CIBER INCIDENTE",4,"Alfajayucan"
"006","OTRAS ALARMAS DE EMERGENCIAS ACTIVADAS",40,"Alfajayucan"
"006","OTROS ACTOS RELACIONADOS CON EL PATRIMONIO",1,"Alfajayucan"
"006","OTROS ACTOS RELACIONADOS CON LA FAMILIA",2,"Alfajayucan"
"006","OTROS INCENDIOS",24,"Alfajayucan"
"006","OTROS INCIDENTES MÉDICOS CLINICOS",3,"Alfajayucan"
"006","OTROS INCIDENTES MÉDICOS TRAUMÁTICOS",2,"Alfajayucan"
"006","OTROS RESCATES",2,"Alfajayucan"
"006","PERSONA AGRESIVA",10,"Alfajayucan"
"006","PERSONA INCONSCIENTE / URGENCIA NEUROLÓGICA",3,"Alfajayucan"
"006","PERSONA NO LOCALIZADA",2,"Alfajayucan"
"006","PERSONA TIRADA EN VÍA PÚBLICA",2,"Alfajayucan"
"006","PORTACIÓN DE ARMAS O CARTUCHOS",1,"Alfajayucan"
"006","RIÑA / PELEA CLANDESTINA",6,"Alfajayucan"
"006","ROBO DE VEHÍCULO PARTICULAR SIN VIOLENCIA",11,"Alfajayucan"
"006","RUIDO EXCESIVO",5,"Alfajayucan"
"006","SOLICITUD DE RONDÍN",1,"Alfajayucan"
"006","TENTATIVA DE ROBO",2,"Alfajayucan"
"006","URGENCIA EN PACIENTE EMBARAZADA",1,"Alfajayucan"
"006","URGENCIA POR ENFERMEDAD GENERAL",5,"Alfajayucan"
"006","VEHÍCULO A EXCESO DE VELOCIDAD",4,"Alfajayucan"
"006","VEHÍCULO ABANDONADO",2,"Alfajayucan"
"006","VEHÍCULO DESCOMPUESTO",8,"Alfajayucan"
"006","VEHÍCULO EN HUIDA",1,"Alfajayucan"
"006","VEHÍCULO SOSPECHOSO",8,"Alfajayucan"
"006","VIOLENCIA CONTRA LA MUJER",5,"Alfajayucan"
"006","VIOLENCIA DE PAREJA",4,"Alfajayucan"
"006","VIOLENCIA FAMILIAR",4,"Alfajayucan"
"006","ÁRBOL CAÍDO O POR CAER",2,"Alfajayucan"
"007","ACCIDENTE DE MOTOCICLETA CON LESIONADOS",11,"Almoloya"
"007","ACCIDENTE DE TRÁNSITO SIN LESIONADOS",5,"Almoloya"
"007","ACCIDENTE DE VEHÍCULO AUTOMOTOR CON LESIONADOS",9,"Almoloya"
"007","ACCIDENTE MÚLTIPLE CON LESIONADOS",1,"Almoloya"
"007","ALLANAMIENTO DE MORADA",4,"Almoloya"
"007","ALTERACIÓN DEL ORDEN PÚBLICO POR PERSONA ALCOHOLIZADA",20,"Almoloya"
"007","ALTERACIÓN DEL ORDEN PÚBLICO POR PERSONA DROGADA",3,"Almoloya"
"007","AMENAZA",1,"Almoloya"
"007","AMENAZA DE SUICIDIO",1,"Almoloya"
"007","APOYO A LA CIUDADANÍA",9,"Almoloya"
"007","APOYO A OTRO ESTADO",2,"Almoloya"
"007","ARRANCONES O CARRERAS DE VEHÍCULOS",1,"Almoloya"
"007","CABLES COLGANDO",1,"Almoloya"
"007","CAÍDA",5,"Almoloya"
"007","CONSUMO DE ALCOHOL EN VÍA PÚBLICA",10,"Almoloya"
"007","CONTAMINACIÓN DE SUELO, AIRE Y AGUA",1,"Almoloya"
"007","CONVULSIONES",4,"Almoloya"
"007","CORTO CIRCUITO",1,"Almoloya"
"007","DAÑO A PROPIEDAD AJENA",1,"Almoloya"
"007","DESCOMPENSACIÓN DE LA DIABETES/DESHIDRATACIÓN",1,"Almoloya"
"007","DETONACIÓN DE ARMA DE FUEGO",12,"Almoloya"
"007","DETONACIÓN DE COHETES O FUEGOS ARTIFICIALES",1,"Almoloya"
"007","DIFICULTAD RESPIRATORIA / URGENCIA RESPIRATORIA",2,"Almoloya"
"007","ENJAMBRE DE ABEJAS",1,"Almoloya"
"007","EXTORSIÓN",2,"Almoloya"
"007","EXTORSIÓN TELEFÓNICA",4,"Almoloya"
"007","FALLECIDO DE CAUSA NATURAL",2,"Almoloya"
"007","FALLECIDO DE CAUSA TRAUMÁTICA",1,"Almoloya"
"007","FRACTURADO/TRAUMATISMO DE EXTREMIDADES",3,"Almoloya"
"007","FRAUDE",1,"Almoloya"
"007","FUGAS Y DERRAMES DE SUSTANCIAS QUÍMICAS",1,"Almoloya"
"007","HEMORRAGIA",2,"Almoloya"
"007","INCENDIO DE CASA HABITACIÓN",3,"Almoloya"
"007","INCENDIO FORESTAL",4,"Almoloya"
"007","LESIONADO POR ARMA BLANCA",2,"Almoloya"
"007","MALTRATO DE ANIMALES",1,"Almoloya"
"007","MALTRATO INFANTIL",2,"Almoloya"
"007","MORDEDURA DE ANIMAL",1,"Almoloya"
"007","NOTIFICACIÓN DE CIBER INCIDENTE",1,"Almoloya"
"007","OBJETO SOSPECHOSO O PELIGROSO",1,"Almoloya"
"007","OLORES FÉTIDOS",1,"Almoloya"
"007","OTRAS ALARMAS DE EMERGENCIAS ACTIVADAS",2,"Almoloya"
"007","OTRAS FALTAS AL REGLAMENTO DE TRÁNSITO",4,"Almoloya"
"007","OTROS ACTOS RELACIONADOS CON EL PATRIMONIO",1,"Almoloya"
"007","OTROS ACTOS RELACIONADOS CON LA FAMILIA",4,"Almoloya"
"007","OTROS ACTOS RELACIONADOS CON LA LIBERTAD PERSONAL",1,"Almoloya"
"007","OTROS INCENDIOS",13,"Almoloya"
"007","OTROS INCIDENTES MÉDICOS CLINICOS",3,"Almoloya"
"007","OTROS INCIDENTES MÉDICOS TRAUMÁTICOS",3,"Almoloya"
"007","OTROS RESCATES",1,"Almoloya"
"007","OTROS TIPOS DE ALTERACIÓN AL ORDEN PÚBLICO",1,"Almoloya"
"007","PERSONA AGRESIVA",13,"Almoloya"
"007","PERSONA DETENIDA",1,"Almoloya"
"007","PERSONA INCONSCIENTE / URGENCIA NEUROLÓGICA",6,"Almoloya"
"007","PERSONA LOCALIZADA",1,"Almoloya"
"007","PERSONA NO LOCALIZADA",1,"Almoloya"
"007","PERSONA SOSPECHOSA",5,"Almoloya"
"007","PERSONA TIRADA EN VÍA PÚBLICA",3,"Almoloya"
"007","PORTACIÓN DE ARMAS O CARTUCHOS",4,"Almoloya"
"007","RIÑA / PELEA CLANDESTINA",9,"Almoloya"
"007","ROBO DE VEHÍCULO PARTICULAR SIN VIOLENCIA",2,"Almoloya"
"007","RUIDO EXCESIVO",14,"Almoloya"
"007","SOLICITUD DE RONDÍN",3,"Almoloya"
"007","SUSTRACCIÓN DE MENORES",1,"Almoloya"
"007","TENTATIVA DE ROBO",2,"Almoloya"
"007","TRABAJO DE PARTO",2,"Almoloya"
"007","TRAUMATISMOS MÚLTIPLES",1,"Almoloya"
"007","URGENCIA EN PACIENTE EMBARAZADA",1,"Almoloya"
"007","URGENCIA POR ENFERMEDAD GENERAL",8,"Almoloya"
"007","VEHÍCULO A EXCESO DE VELOCIDAD",3,"Almoloya"
"007","VEHÍCULO ABANDONADO",1,"Almoloya"
"007","VEHÍCULO DESCOMPUESTO",2,"Almoloya"
"007","VEHÍCULO EN HUIDA",3,"Almoloya"
"007","VEHÍCULO RECUPERADO",1,"Almoloya"
"007","VEHÍCULO SOSPECHOSO",7,"Almoloya"
"007","VIOLENCIA DE PAREJA",3,"Almoloya"
"007","VIOLENCIA FAMILIAR",10,"Almoloya"
"008","ABUSO DE CONFIANZA",3,"Apan"
"008","ACCIDENTE DE MOTOCICLETA CON LESIONADOS",76,"Apan"
"008","ACCIDENTE DE TRÁNSITO SIN LESIONADOS",62,"Apan"
"008","ACCIDENTE DE VEHÍCULO AUTOMOTOR CON FALLECIDO",1,"Apan"
"008","ACCIDENTE DE VEHÍCULO AUTOMOTOR CON LESIONADOS",32,"Apan"
"008","ACCIDENTE DE VEHÍCULO DE PASAJEROS CON LESIONADOS",3,"Apan"
"008","ACCIDENTE MÚLTIPLE CON LESIONADOS",1,"Apan"
"008","ALCANTARILLA SIN TAPA",1,"Apan"
"008","ALLANAMIENTO DE MORADA",57,"Apan"
"008","ALTERACIÓN DEL ORDEN PÚBLICO POR PERSONA ALCOHOLIZADA",88,"Apan"
"008","ALTERACIÓN DEL ORDEN PÚBLICO POR PERSONA DROGADA",20,"Apan"
"008","AMENAZA",6,"Apan"
"008","AMENAZA DE ABORTO",2,"Apan"
"008","AMENAZA DE SUICIDIO",2,"Apan"
"008","ANIMAL PELIGROSO",4,"Apan"
"008","ANIMALES SUELTOS",1,"Apan"
"008","APOYO A LA CIUDADANÍA",85,"Apan"
"008","APOYO A OTRO ESTADO",5,"Apan"
"008","ARRANCONES O CARRERAS DE VEHÍCULOS",7,"Apan"
"008","ASFIXIA",4,"Apan"
"008","ATROPELLAMIENTO",11,"Apan"
"008","CABLES COLGANDO",1,"Apan"
"008","CAÍDA",56,"Apan"
"008","CAÍDA DE BARDA",1,"Apan"
"008","CONDUCTOR EBRIO",14,"Apan"
"008","CONSUMO DE ALCOHOL EN VÍA PÚBLICA",33,"Apan"
"008","CONSUMO DE DROGAS EN VÍA PÚBLICA",11,"Apan"
"008","CONTAMINACIÓN DE SUELO, AIRE Y AGUA",2,"Apan"
"008","CONVULSIONES",31,"Apan"
"008","CORTO CIRCUITO",2,"Apan"
"008","DAÑO A BIENES PÚBLICOS, INSTITUCIONES, MONUMENTOS, ENTRE OTROS",2,"Apan"
"008","DAÑO A PROPIEDAD AJENA",12,"Apan"
"008","DESCOMPENSACIÓN DE LA DIABETES/DESHIDRATACIÓN",4,"Apan"
"008","DETONACIÓN DE ARMA DE FUEGO",36,"Apan"
"008","DETONACIÓN DE COHETES O FUEGOS ARTIFICIALES",16,"Apan"
"008","DIFICULTAD RESPIRATORIA / URGENCIA RESPIRATORIA",19,"Apan"
"008","DOLOR ABDOMINAL / URGENCIA ABDOMINAL",4,"Apan"
"008","ENJAMBRE DE ABEJAS",8,"Apan"
"008","EXTORSIÓN TELEFÓNICA",13,"Apan"
"008","FALLAS DE SEMÁFORO",1,"Apan"
"008","FALLECIDO DE CAUSA NATURAL",22,"Apan"
"008","FALLECIDO DE CAUSA TRAUMÁTICA",2,"Apan"
"008","FRACTURADO/TRAUMATISMO DE EXTREMIDADES",6,"Apan"
"008","FRAUDE",2,"Apan"
"008","FUGAS Y DERRAMES DE SUSTANCIAS QUÍMICAS",5,"Apan"
"008","GASES TÓXICOS",9,"Apan"
"008","GRAFITIS",1,"Apan"
"008","GRAVA SUELTA",1,"Apan"
"008","HEMORRAGIA",4,"Apan"
"008","INCENDIO DE CASA HABITACIÓN",13,"Apan"
"008","INCENDIO DE COMERCIO",1,"Apan"
"008","INCENDIO DE VEHÍCULO",3,"Apan"
"008","INCENDIO FORESTAL",8,"Apan"
"008","INFARTO / URGENCIA CARDIOLÓGICA",1,"Apan"
"008","INTOXICACIÓN / SOBREDOSIS / ENVENENAMIENTO POR SUSTANCIAS",5,"Apan"
"008","INTOXICACIÓN ETÍLICA",6,"Apan"
"008","LESIONADO POR ARMA BLANCA",2,"Apan"
"008","MALTRATO DE ANIMALES",5,"Apan"
"008","MALTRATO INFANTIL",6,"Apan"
"008","MORDEDURA DE ANIMAL",4,"Apan"
"008","NOTIFICACIÓN DE CIBER INCIDENTE",8,"Apan"
"008","OBJETO SOSPECHOSO O PELIGROSO",3,"Apan"
"008","OLORES FÉTIDOS",2,"Apan"
"008","OTRAS ALARMAS DE EMERGENCIAS ACTIVADAS",21,"Apan"
"008","OTRAS FALTAS AL REGLAMENTO DE TRÁNSITO",35,"Apan"
"008","OTROS ACCIDENTES CON LESIONADOS",2,"Apan"
"008","OTROS ACTOS RELACIONADOS CON EL PATRIMONIO",15,"Apan"
"008","OTROS ACTOS RELACIONADOS CON LA FAMILIA",21,"Apan"
"008","OTROS ACTOS RELACIONADOS CON LA LIBERTAD PERSONAL",2,"Apan"
"008","OTROS ACTOS RELACIONADOS CON LA VIDA Y LA INTEGRIDAD PERSONAL",1,"Apan"
"008","OTROS INCENDIOS",86,"Apan"
"008","OTROS INCIDENTES MÉDICOS CLINICOS",30,"Apan"
"008","OTROS INCIDENTES MÉDICOS TRAUMÁTICOS",11,"Apan"
"008","OTROS RESCATES",28,"Apan"
"008","OTROS TIPOS DE ALTERACIÓN AL ORDEN PÚBLICO",4,"Apan"
"008","PELEA CLANDESTINA CON ANIMALES",1,"Apan"
"008","PERSONA AGRESIVA",158,"Apan"
"008","PERSONA DETENIDA",2,"Apan"
"008","PERSONA EN CRISIS POR TRASTORNO MENTAL",2,"Apan"
"008","PERSONA EN SITUACIÓN DE CALLE",3,"Apan"
"008","PERSONA INCONSCIENTE / URGENCIA NEUROLÓGICA",66,"Apan"
"008","PERSONA LOCALIZADA",4,"Apan"
"008","PERSONA NO LOCALIZADA",5,"Apan"
"008","PERSONA SOSPECHOSA",95,"Apan"
"008","PERSONA TIRADA EN VÍA PÚBLICA",32,"Apan"
"008","PORTACIÓN DE ARMAS O CARTUCHOS",27,"Apan"
"008","QUEMADURAS",1,"Apan"
"008","RESCATE ANIMAL",5,"Apan"
"008","RIÑA / PELEA CLANDESTINA",60,"Apan"
"008","ROBO A CASA HABITACIÓN SIN VIOLENCIA",7,"Apan"
"008","ROBO A NEGOCIO SIN VIOLENCIA",5,"Apan"
"008","ROBO A TRANSPORTISTA SIN VIOLENCIA",1,"Apan"
"008","ROBO DE AUTOPARTES O ACCESORIOS",2,"Apan"
"008","ROBO DE COMBUSTIBLE",3,"Apan"
"008","ROBO DE GANADO",3,"Apan"
"008","ROBO DE VEHÍCULO PARTICULAR SIN VIOLENCIA",48,"Apan"
"008","RUIDO EXCESIVO",45,"Apan"
"008","SOLICITUD DE RONDÍN",9,"Apan"
"008","SUICIDIO",2,"Apan"
"008","SUSTRACCIÓN DE MENORES",1,"Apan"
"008","TALA ILEGAL",1,"Apan"
"008","TENTATIVA DE ROBO",17,"Apan"
"008","TRABAJO DE PARTO",1,"Apan"
"008","URGENCIA EN PACIENTE EMBARAZADA",4,"Apan"
"008","URGENCIA POR ENFERMEDAD GENERAL",30,"Apan"
"008","VEHÍCULO A EXCESO DE VELOCIDAD",9,"Apan"
"008","VEHÍCULO ABANDONADO",15,"Apan"
"008","VEHÍCULO DESCOMPUESTO",13,"Apan"
"008","VEHÍCULO EN HUIDA",15,"Apan"
"008","VEHÍCULO RECUPERADO",6,"Apan"
"008","VEHÍCULO SOSPECHOSO",71,"Apan"
"008","VIOLENCIA CONTRA LA MUJER",23,"Apan"
"008","VIOLENCIA DE PAREJA",66,"Apan"
"008","VIOLENCIA FAMILIAR",83,"Apan"
"008","ÁRBOL CAÍDO O POR CAER",1,"Apan"
"009","ABUSO DE CONFIANZA",5,"El Arenal"
"009","ABUSO SEXUAL",1,"El Arenal"
"009","ACCIDENTE DE MOTOCICLETA CON LESIONADOS",30,"El Arenal"
"009","ACCIDENTE DE TRÁNSITO CON MUERTOS",1,"El Arenal"
"009","ACCIDENTE DE TRÁNSITO SIN LESIONADOS",36,"El Arenal"
"009","ACCIDENTE DE VEHÍCULO AUTOMOTOR CON LESIONADOS",34,"El Arenal"
"009","ACCIDENTE MÚLTIPLE CON FALLECIDO",1,"El Arenal"
"009","ACCIDENTE MÚLTIPLE CON LESIONADOS",11,"El Arenal"
"009","ACTIVACIÓN DE ALARMA EN ESCUELA",1,"El Arenal"
"009","AGRESIÓN FÍSICA EN PANDILLA",1,"El Arenal"
"009","AHOGAMIENTO",1,"El Arenal"
"009","ALLANAMIENTO DE MORADA",6,"El Arenal"
"009","ALTERACIÓN DEL ORDEN PÚBLICO POR PERSONA ALCOHOLIZADA",12,"El Arenal"
"009","AMENAZA",1,"El Arenal"
"009","AMENAZA DE ABORTO",1,"El Arenal"
"009","AMENAZA DE SUICIDIO",1,"El Arenal"
"009","ANIMAL MUERTO",1,"El Arenal"
"009","ANIMAL PELIGROSO",2,"El Arenal"
"009","ANIMALES SUELTOS",1,"El Arenal"
"009","APOYO A LA CIUDADANÍA",35,"El Arenal"
"009","ARRANCONES O CARRERAS DE VEHÍCULOS",3,"El Arenal"
"009","ASFIXIA",1,"El Arenal"
"009","ATROPELLAMIENTO",5,"El Arenal"
"009","CAÍDA",7,"El Arenal"
"009","CAÍDA DE ANUNCIO O ESPECTACULAR",1,"El Arenal"
"009","CONDUCTOR EBRIO",18,"El Arenal"
"009","CONSUMO DE ALCOHOL EN VÍA PÚBLICA",4,"El Arenal"
"009","CONSUMO DE DROGAS EN VÍA PÚBLICA",1,"El Arenal"
"009","CONTAMINACIÓN DE SUELO, AIRE Y AGUA",1,"El Arenal"
"009","CONVULSIONES",6,"El Arenal"
"009","CORTO CIRCUITO",3,"El Arenal"
"009","DAÑO A BIENES PÚBLICOS, INSTITUCIONES, MONUMENTOS, ENTRE OTROS",4,"El Arenal"
"009","DAÑO A PROPIEDAD AJENA",3,"El Arenal"
"009","DESCOMPENSACIÓN DE LA DIABETES/DESHIDRATACIÓN",1,"El Arenal"
"009","DETONACIÓN DE ARMA DE FUEGO",16,"El Arenal"
"009","DIFICULTAD RESPIRATORIA / URGENCIA RESPIRATORIA",6,"El Arenal"
"009","ELECTROCUTADO/LESIÓN POR CORRIENTE ELÉCTRICA",1,"El Arenal"
"009","ENJAMBRE DE ABEJAS",3,"El Arenal"
"009","EXTORSIÓN",3,"El Arenal"
"009","EXTORSIÓN TELEFÓNICA",1,"El Arenal"
"009","FALLECIDO DE CAUSA NATURAL",5,"El Arenal"
"009","FALLECIDO DE CAUSA TRAUMÁTICA",2,"El Arenal"
"009","FRACTURADO/TRAUMATISMO DE EXTREMIDADES",2,"El Arenal"
"009","FRAUDE",1,"El Arenal"
"009","FUGAS Y DERRAMES DE SUSTANCIAS QUÍMICAS",3,"El Arenal"
"009","GASES TÓXICOS",1,"El Arenal"
"009","GRAVA SUELTA",1,"El Arenal"
"009","HEMORRAGIA",1,"El Arenal"
"009","INCENDIO DE CASA HABITACIÓN",1,"El Arenal"
"009","INCENDIO DE VEHÍCULO",2,"El Arenal"
"009","INCENDIO FORESTAL",6,"El Arenal"
"009","MALTRATO DE ANIMALES",4,"El Arenal"
"009","MORDEDURA DE ANIMAL",1,"El Arenal"
"009","NOTIFICACIÓN DE CIBER INCIDENTE",1,"El Arenal"
"009","OBJETO SOSPECHOSO O PELIGROSO",1,"El Arenal"
"009","OTRAS ALARMAS DE EMERGENCIAS ACTIVADAS",25,"El Arenal"
"009","OTRAS FALTAS AL REGLAMENTO DE TRÁNSITO",4,"El Arenal"
"009","OTROS ACTOS RELACIONADOS CON EL PATRIMONIO",8,"El Arenal"
"009","OTROS ACTOS RELACIONADOS CON LA FAMILIA",9,"El Arenal"
"009","OTROS ACTOS RELACIONADOS CON LA LIBERTAD PERSONAL",1,"El Arenal"
"009","OTROS INCENDIOS",57,"El Arenal"
"009","OTROS INCIDENTES MÉDICOS CLINICOS",4,"El Arenal"
"009","OTROS INCIDENTES MÉDICOS TRAUMÁTICOS",5,"El Arenal"
"009","OTROS TIPOS DE ALTERACIÓN AL ORDEN PÚBLICO",1,"El Arenal"
"009","PERSONA AGRESIVA",38,"El Arenal"
"009","PERSONA DETENIDA",5,"El Arenal"
"009","PERSONA INCONSCIENTE / URGENCIA NEUROLÓGICA",12,"El Arenal"
"009","PERSONA LOCALIZADA",2,"El Arenal"
"009","PERSONA NO LOCALIZADA",1,"El Arenal"
"009","PERSONA SOSPECHOSA",17,"El Arenal"
"009","PERSONA TIRADA EN VÍA PÚBLICA",3,"El Arenal"
"009","PLAGAS",1,"El Arenal"
"009","PORTACIÓN DE ARMAS O CARTUCHOS",4,"El Arenal"
"009","RESCATE ANIMAL",2,"El Arenal"
"009","RIÑA / PELEA CLANDESTINA",22,"El Arenal"
"009","ROBO A CASA HABITACIÓN SIN VIOLENCIA",1,"El Arenal"
"009","ROBO A NEGOCIO SIN VIOLENCIA",1,"El Arenal"
"009","ROBO DE GANADO",1,"El Arenal"
"009","ROBO DE VEHÍCULO PARTICULAR SIN VIOLENCIA",8,"El Arenal"
"009","RUIDO EXCESIVO",5,"El Arenal"
"009","SOLICITUD DE RONDÍN",1,"El Arenal"
"009","TALA ILEGAL",1,"El Arenal"
"009","TENTATIVA DE ROBO",3,"El Arenal"
"009","TRAFICO Y/O VENTA CLANDESTINA DE ANIMALES",1,"El Arenal"
"009","URGENCIA EN PACIENTE EMBARAZADA",2,"El Arenal"
"009","URGENCIA POR ENFERMEDAD GENERAL",9,"El Arenal"
"009","VEHÍCULO A EXCESO DE VELOCIDAD",17,"El Arenal"
"009","VEHÍCULO ABANDONADO",2,"El Arenal"
"009","VEHÍCULO DESCOMPUESTO",18,"El Arenal"
"009","VEHÍCULO EN HUIDA",8,"El Arenal"
"009","VEHÍCULO SOSPECHOSO",31,"El Arenal"
"009","VIALIDAD EN MAL ESTADO",3,"El Arenal"
"009","VIOLENCIA CONTRA LA MUJER",15,"El Arenal"
"009","VIOLENCIA DE PAREJA",19,"El Arenal"
"009","VIOLENCIA FAMILIAR",18,"El Arenal"
"009","ÁRBOL CAÍDO O POR CAER",1,"El Arenal"
"010","ABANDONO DE PERSONA",1,"Atitalaquia"
"010","ABUSO DE CONFIANZA",4,"Atitalaquia"
"010","ABUSO SEXUAL",1,"Atitalaquia"
"010","ACCIDENTE DE MOTOCICLETA CON FALLECIDO",1,"Atitalaquia"
"010","ACCIDENTE DE MOTOCICLETA CON LESIONADOS",86,"Atitalaquia"
"010","ACCIDENTE DE TRÁNSITO SIN LESIONADOS",94,"Atitalaquia"
"010","ACCIDENTE DE VEHÍCULO AUTOMOTOR CON FALLECIDO",1,"Atitalaquia"
"010","ACCIDENTE DE VEHÍCULO AUTOMOTOR CON LESIONADOS",51,"Atitalaquia"
"010","ACCIDENTE DE VEHÍCULO DE PASAJEROS CON LESIONADOS",1,"Atitalaquia"
"010","ACCIDENTE FERROVIARIO CON LESIONADOS",1,"Atitalaquia"
"010","ACCIDENTE MÚLTIPLE CON FALLECIDO",2,"Atitalaquia"
"010","ACCIDENTE MÚLTIPLE CON LESIONADOS",16,"Atitalaquia"
"010","ACOSO U HOSTIGAMIENTO SEXUAL",3,"Atitalaquia"
"010","AERONAVE SOSPECHOSA",2,"Atitalaquia"
"010","AFECTACIÓN DE LOS SERVICIOS BÁSICOS O DE INFRAESTRUCTURA ESTRATÉGICA",2,"Atitalaquia"
"010","AHOGAMIENTO",1,"Atitalaquia"
"010","ALLANAMIENTO DE MORADA",49,"Atitalaquia"
"010","ALTERACIÓN DEL ORDEN PÚBLICO POR PERSONA ALCOHOLIZADA",40,"Atitalaquia"
"010","ALTERACIÓN DEL ORDEN PÚBLICO POR PERSONA DROGADA",12,"Atitalaquia"
"010","AMENAZA",3,"Atitalaquia"
"010","AMENAZA DE ABORTO",1,"Atitalaquia"
"010","AMENAZA DE SUICIDIO",4,"Atitalaquia"
"010","ANIMAL MUERTO",2,"Atitalaquia"
"010","ANIMAL PELIGROSO",3,"Atitalaquia"
"010","ANIMALES SUELTOS",2,"Atitalaquia"
"010","APOYO A LA CIUDADANÍA",95,"Atitalaquia"
"010","APOYO A OTRO ESTADO",5,"Atitalaquia"
"010","ARRANCONES O CARRERAS DE VEHÍCULOS",2,"Atitalaquia"
"010","ASFIXIA",2,"Atitalaquia"
"010","ATAQUES AL PUDOR",1,"Atitalaquia"
"010","ATROPELLAMIENTO",5,"Atitalaquia"
"010","BLOQUEO O CORTE DE VÍAS DE COMUNICACIÓN",2,"Atitalaquia"
"010","CABLES COLGANDO",3,"Atitalaquia"
"010","CAÍDA",32,"Atitalaquia"
"010","CAÍDA DE POSTE",2,"Atitalaquia"
"010","CIRCULAR EN SENTIDO CONTRARIO",1,"Atitalaquia"
"010","CONDUCTOR EBRIO",4,"Atitalaquia"
"010","CONSUMO DE ALCOHOL EN VÍA PÚBLICA",14,"Atitalaquia"
"010","CONSUMO DE DROGAS EN VÍA PÚBLICA",4,"Atitalaquia"
"010","CONTAMINACIÓN DE SUELO, AIRE Y AGUA",3,"Atitalaquia"
"010","CONVULSIONES",18,"Atitalaquia"
"010","CORTO CIRCUITO",5,"Atitalaquia"
"010","DAÑO A BIENES PÚBLICOS, INSTITUCIONES, MONUMENTOS, ENTRE OTROS",2,"Atitalaquia"
"010","DAÑO A PROPIEDAD AJENA",6,"Atitalaquia"
"010","DESCARGA DE DESECHOS SIN PERMISOS",2,"Atitalaquia"
"010","DESCOMPENSACIÓN DE LA DIABETES/DESHIDRATACIÓN",6,"Atitalaquia"
"010","DETONACIÓN DE ARMA DE FUEGO",34,"Atitalaquia"
"010","DETONACIÓN DE COHETES O FUEGOS ARTIFICIALES",6,"Atitalaquia"
"010","DIFICULTAD RESPIRATORIA / URGENCIA RESPIRATORIA",12,"Atitalaquia"
"010","DOLOR ABDOMINAL / URGENCIA ABDOMINAL",5,"Atitalaquia"
"010","ELECTROCUTADO/LESIÓN POR CORRIENTE ELÉCTRICA",1,"Atitalaquia"
"010","ENCHARCAMIENTO/ DESBORDAMIENTO DE RÍO",2,"Atitalaquia"
"010","ENJAMBRE DE ABEJAS",8,"Atitalaquia"
"010","ENVENENAMIENTO POR ANIMAL DE PONZOÑA",1,"Atitalaquia"
"010","EXTORSIÓN",1,"Atitalaquia"
"010","EXTORSIÓN TELEFÓNICA",7,"Atitalaquia"
"010","FALLAS DE SEMÁFORO",4,"Atitalaquia"
"010","FALLECIDO DE CAUSA NATURAL",7,"Atitalaquia"
"010","FRACTURADO/TRAUMATISMO DE EXTREMIDADES",5,"Atitalaquia"
"010","FRAUDE",1,"Atitalaquia"
"010","FUGAS Y DERRAMES DE SUSTANCIAS QUÍMICAS",13,"Atitalaquia"
"010","GASES TÓXICOS",7,"Atitalaquia"
"010","HEMORRAGIA",5,"Atitalaquia"
"010","INCENDIO DE CASA HABITACIÓN",6,"Atitalaquia"
"010","INCENDIO DE FÁBRICA O INDUSTRIA",1,"Atitalaquia"
"010","INCENDIO DE VEHÍCULO",9,"Atitalaquia"
"010","INCENDIO FORESTAL",1,"Atitalaquia"
"010","INFARTO / URGENCIA CARDIOLÓGICA",2,"Atitalaquia"
"010","INTOXICACIÓN / SOBREDOSIS / ENVENENAMIENTO POR SUSTANCIAS",6,"Atitalaquia"
"010","INTOXICACIÓN ETÍLICA",2,"Atitalaquia"
"010","INUNDACIONES",5,"Atitalaquia"
"010","LESIONADO POR ARMA BLANCA",1,"Atitalaquia"
"010","MALTRATO DE ANIMALES",6,"Atitalaquia"
"010","MALTRATO INFANTIL",3,"Atitalaquia"
"010","MANIFESTACIÓN CON DISTURBIOS O BLOQUEOS",1,"Atitalaquia"
"010","MORDEDURA DE ANIMAL",2,"Atitalaquia"
"010","NOTIFICACIÓN DE CIBER INCIDENTE",12,"Atitalaquia"
"010","OBJETO SOSPECHOSO O PELIGROSO",4,"Atitalaquia"
"010","OTRAS ALARMAS DE EMERGENCIAS ACTIVADAS",173,"Atitalaquia"
"010","OTRAS FALTAS AL REGLAMENTO DE TRÁNSITO",13,"Atitalaquia"
"010","OTROS ACCIDENTES CON LESIONADOS",2,"Atitalaquia"
"010","OTROS ACTOS RELACIONADOS CON EL PATRIMONIO",22,"Atitalaquia"
"010","OTROS ACTOS RELACIONADOS CON LA FAMILIA",19,"Atitalaquia"
"010","OTROS ACTOS RELACIONADOS CON LA LIBERTAD PERSONAL",3,"Atitalaquia"
"010","OTROS INCENDIOS",116,"Atitalaquia"
"010","OTROS INCIDENTES MÉDICOS CLINICOS",11,"Atitalaquia"
"010","OTROS INCIDENTES MÉDICOS TRAUMÁTICOS",10,"Atitalaquia"
"010","OTROS RESCATES",13,"Atitalaquia"
"010","OTROS TIPOS DE ALTERACIÓN AL ORDEN PÚBLICO",12,"Atitalaquia"
"010","PELEA CLANDESTINA CON ANIMALES",1,"Atitalaquia"
"010","PERSONA AGRESIVA",119,"Atitalaquia"
"010","PERSONA DETENIDA",3,"Atitalaquia"
"010","PERSONA EN CRISIS POR TRASTORNO MENTAL",3,"Atitalaquia"
"010","PERSONA INCONSCIENTE / URGENCIA NEUROLÓGICA",34,"Atitalaquia"
"010","PERSONA LOCALIZADA",4,"Atitalaquia"
"010","PERSONA NO LOCALIZADA",4,"Atitalaquia"
"010","PERSONA SOSPECHOSA",71,"Atitalaquia"
"010","PERSONA TIRADA EN VÍA PÚBLICA",17,"Atitalaquia"
"010","PLAGAS",1,"Atitalaquia"
"010","PORTACIÓN DE ARMAS O CARTUCHOS",18,"Atitalaquia"
"010","QUEMADURAS",1,"Atitalaquia"
"010","RESCATE ANIMAL",8,"Atitalaquia"
"010","RIÑA / PELEA CLANDESTINA",40,"Atitalaquia"
"010","ROBO A CASA HABITACIÓN SIN VIOLENCIA",8,"Atitalaquia"
"010","ROBO A FERROCARRIL",2,"Atitalaquia"
"010","ROBO A NEGOCIO SIN VIOLENCIA",2,"Atitalaquia"
"010","ROBO A TRANSEÚNTE SIN VIOLENCIA",2,"Atitalaquia"
"010","ROBO A TRANSPORTISTA SIN VIOLENCIA",1,"Atitalaquia"
"010","ROBO DE AUTOPARTES O ACCESORIOS",1,"Atitalaquia"
"010","ROBO DE COMBUSTIBLE",8,"Atitalaquia"
"010","ROBO DE PLACA",1,"Atitalaquia"
"010","ROBO DE VEHÍCULO PARTICULAR SIN VIOLENCIA",157,"Atitalaquia"
"010","RUIDO EXCESIVO",34,"Atitalaquia"
"010","SOLICITUD DE RONDÍN",11,"Atitalaquia"
"010","SUSTRACCIÓN DE MENORES",3,"Atitalaquia"
"010","TALA ILEGAL",1,"Atitalaquia"
"010","TENTATIVA DE ROBO",18,"Atitalaquia"
"010","TRABAJO DE PARTO",1,"Atitalaquia"
"010","TRAUMATISMO DE CRÁNEO",2,"Atitalaquia"
"010","TRAUMATISMOS MÚLTIPLES",1,"Atitalaquia"
"010","URGENCIA EN PACIENTE EMBARAZADA",4,"Atitalaquia"
"010","URGENCIA POR ENFERMEDAD GENERAL",25,"Atitalaquia"
"010","VEHÍCULO A EXCESO DE VELOCIDAD",21,"Atitalaquia"
"010","VEHÍCULO ABANDONADO",7,"Atitalaquia"
"010","VEHÍCULO DESCOMPUESTO",21,"Atitalaquia"
"010","VEHÍCULO EN HUIDA",12,"Atitalaquia"
"010","VEHÍCULO RECUPERADO",3,"Atitalaquia"
"010","VEHÍCULO SOSPECHOSO",99,"Atitalaquia"
"010","VENTA CLANDESTINA DE PIROTECNIA, COHETES O FUEGOS ARTIFICIALES",1,"Atitalaquia"
"010","VIOLENCIA CONTRA LA MUJER",26,"Atitalaquia"
"010","VIOLENCIA DE PAREJA",61,"Atitalaquia"
"010","VIOLENCIA FAMILIAR",63,"Atitalaquia"
"010","ÁRBOL CAÍDO O POR CAER",5,"Atitalaquia"
"011","ACCIDENTE DE MOTOCICLETA CON LESIONADOS",3,"Atlapexco"
"011","ACCIDENTE DE TRÁNSITO CON MUERTOS",1,"Atlapexco"
"011","ACCIDENTE DE TRÁNSITO SIN LESIONADOS",4,"Atlapexco"
"011","ACCIDENTE DE VEHÍCULO AUTOMOTOR CON FALLECIDO",1,"Atlapexco"
"011","ACCIDENTE DE VEHÍCULO AUTOMOTOR CON LESIONADOS",6,"Atlapexco"
"011","ALTERACIÓN DEL ORDEN PÚBLICO POR PERSONA ALCOHOLIZADA",11,"Atlapexco"
"011","APOYO A LA CIUDADANÍA",8,"Atlapexco"
"011","ATROPELLAMIENTO",1,"Atlapexco"
"011","CAÍDA DE POSTE",1,"Atlapexco"
"011","CONCENTRACIÓN PACÍFICA DE PERSONAS",1,"Atlapexco"
"011","CONDUCTOR EBRIO",2,"Atlapexco"
"011","CONSUMO DE ALCOHOL EN VÍA PÚBLICA",1,"Atlapexco"
"011","CONSUMO DE DROGAS EN VÍA PÚBLICA",1,"Atlapexco"
"011","CORTO CIRCUITO",1,"Atlapexco"
"011","DERRUMBES",1,"Atlapexco"
"011","DESCOMPENSACIÓN DE LA DIABETES/DESHIDRATACIÓN",1,"Atlapexco"
"011","DETONACIÓN DE ARMA DE FUEGO",2,"Atlapexco"
"011","DIFICULTAD RESPIRATORIA / URGENCIA RESPIRATORIA",1,"Atlapexco"
"011","ELECTORALES",1,"Atlapexco"
"011","ENJAMBRE DE ABEJAS",1,"Atlapexco"
"011","EXTORSIÓN",1,"Atlapexco"
"011","EXTORSIÓN TELEFÓNICA",1,"Atlapexco"
"011","FALLECIDO DE CAUSA NATURAL",1,"Atlapexco"
"011","FALLECIDO DE CAUSA TRAUMÁTICA",1,"Atlapexco"
"011","INCENDIO DE CASA HABITACIÓN",1,"Atlapexco"
"011","INCENDIO FORESTAL",1,"Atlapexco"
"011","MORDEDURA DE ANIMAL",2,"Atlapexco"
"011","NOTIFICACIÓN DE CIBER INCIDENTE",2,"Atlapexco"
"011","OTRAS ALARMAS DE EMERGENCIAS ACTIVADAS",68,"Atlapexco"
"011","OTRAS FALTAS AL REGLAMENTO DE TRÁNSITO",1,"Atlapexco"
"011","OTROS ACTOS RELACIONADOS CON EL PATRIMONIO",1,"Atlapexco"
"011","OTROS ACTOS RELACIONADOS CON LA FAMILIA",3,"Atlapexco"
"011","OTROS INCENDIOS",1,"Atlapexco"
"011","OTROS INCIDENTES MÉDICOS CLINICOS",1,"Atlapexco"
"011","OTROS RESCATES",1,"Atlapexco"
"011","OTROS TIPOS DE ALTERACIÓN AL ORDEN PÚBLICO",1,"Atlapexco"
"011","PERSONA AGRESIVA",8,"Atlapexco"
"011","PERSONA LOCALIZADA",2,"Atlapexco"
"011","PERSONA NO LOCALIZADA",1,"Atlapexco"
"011","PERSONA SOSPECHOSA",2,"Atlapexco"
"011","PERSONA TIRADA EN VÍA PÚBLICA",4,"Atlapexco"
"011","PORTACIÓN DE ARMAS O CARTUCHOS",1,"Atlapexco"
"011","RIÑA / PELEA CLANDESTINA",4,"Atlapexco"
"011","ROBO DE VEHÍCULO PARTICULAR SIN VIOLENCIA",1,"Atlapexco"
"011","RUIDO EXCESIVO",1,"Atlapexco"
"011","URGENCIA POR ENFERMEDAD GENERAL",1,"Atlapexco"
"011","VEHÍCULO A EXCESO DE VELOCIDAD",1,"Atlapexco"
"011","VEHÍCULO DESCOMPUESTO",1,"Atlapexco"
"011","VEHÍCULO EN HUIDA",2,"Atlapexco"
"011","VIOLENCIA CONTRA LA MUJER",5,"Atlapexco"
"011","VIOLENCIA DE PAREJA",4,"Atlapexco"
"011","VIOLENCIA FAMILIAR",7,"Atlapexco"
"012","ABUSO DE CONFIANZA",4,"Atotonilco el Grande"
"012","ACCIDENTE DE MOTOCICLETA CON FALLECIDO",5,"Atotonilco el Grande"
"012","ACCIDENTE DE MOTOCICLETA CON LESIONADOS",21,"Atotonilco el Grande"
"012","ACCIDENTE DE TRÁNSITO CON MUERTOS",1,"Atotonilco el Grande"
"012","ACCIDENTE DE TRÁNSITO SIN LESIONADOS",44,"Atotonilco el Grande"
"012","ACCIDENTE DE VEHÍCULO AUTOMOTOR CON FALLECIDO",1,"Atotonilco el Grande"
"012","ACCIDENTE DE VEHÍCULO AUTOMOTOR CON LESIONADOS",32,"Atotonilco el Grande"
"012","ACCIDENTE DE VEHÍCULO DE PASAJEROS CON LESIONADOS",1,"Atotonilco el Grande"
"012","ACCIDENTE MÚLTIPLE CON LESIONADOS",10,"Atotonilco el Grande"
"012","ALLANAMIENTO DE MORADA",7,"Atotonilco el Grande"
"012","ALTERACIÓN DEL ORDEN PÚBLICO POR PERSONA ALCOHOLIZADA",17,"Atotonilco el Grande"
"012","ALTERACIÓN DEL ORDEN PÚBLICO POR PERSONA DROGADA",6,"Atotonilco el Grande"
"012","AMENAZA",3,"Atotonilco el Grande"
"012","AMENAZA DE SUICIDIO",1,"Atotonilco el Grande"
"012","ANIMAL PELIGROSO",5,"Atotonilco el Grande"
"012","ANIMALES SUELTOS",5,"Atotonilco el Grande"
"012","APOYO A LA CIUDADANÍA",35,"Atotonilco el Grande"
"012","APOYO A OTRO ESTADO",1,"Atotonilco el Grande"
"012","ARRANCONES O CARRERAS DE VEHÍCULOS",1,"Atotonilco el Grande"
"012","ATROPELLAMIENTO",2,"Atotonilco el Grande"
"012","CABLES COLGANDO",3,"Atotonilco el Grande"
"012","CAÍDA",19,"Atotonilco el Grande"
"012","CAÍDA DE POSTE",1,"Atotonilco el Grande"
"012","CONCENTRACIÓN PACÍFICA DE PERSONAS",2,"Atotonilco el Grande"
"012","CONDUCTOR EBRIO",6,"Atotonilco el Grande"
"012","CONSUMO DE ALCOHOL EN VÍA PÚBLICA",7,"Atotonilco el Grande"
"012","CONSUMO DE DROGAS EN VÍA PÚBLICA",4,"Atotonilco el Grande"
"012","CONTAMINACIÓN DE SUELO, AIRE Y AGUA",1,"Atotonilco el Grande"
"012","CONVULSIONES",14,"Atotonilco el Grande"
"012","CORTO CIRCUITO",3,"Atotonilco el Grande"
"012","DAÑO A PROPIEDAD AJENA",4,"Atotonilco el Grande"
"012","DERRUMBES",5,"Atotonilco el Grande"
"012","DESCOMPENSACIÓN DE LA DIABETES/DESHIDRATACIÓN",4,"Atotonilco el Grande"
"012","DETONACIÓN DE ARMA DE FUEGO",17,"Atotonilco el Grande"
"012","DETONACIÓN DE COHETES O FUEGOS ARTIFICIALES",2,"Atotonilco el Grande"
"012","DIFICULTAD RESPIRATORIA / URGENCIA RESPIRATORIA",9,"Atotonilco el Grande"
"012","DOLOR ABDOMINAL / URGENCIA ABDOMINAL",3,"Atotonilco el Grande"
"012","ELECTROCUTADO/LESIÓN POR CORRIENTE ELÉCTRICA",1,"Atotonilco el Grande"
"012","ENCHARCAMIENTO/ DESBORDAMIENTO DE RÍO",1,"Atotonilco el Grande"
"012","ENJAMBRE DE ABEJAS",3,"Atotonilco el Grande"
"012","EXPLOSIÓN",1,"Atotonilco el Grande"
"012","EXTORSIÓN TELEFÓNICA",4,"Atotonilco el Grande"
"012","FALLECIDO DE CAUSA NATURAL",4,"Atotonilco el Grande"
"012","FALLECIDO DE CAUSA TRAUMÁTICA",2,"Atotonilco el Grande"
"012","FRACTURADO/TRAUMATISMO DE EXTREMIDADES",2,"Atotonilco el Grande"
"012","FRAUDE",1,"Atotonilco el Grande"
"012","FUGAS Y DERRAMES DE SUSTANCIAS QUÍMICAS",5,"Atotonilco el Grande"
"012","GASES TÓXICOS",1,"Atotonilco el Grande"
"012","HEMORRAGIA",6,"Atotonilco el Grande"
"012","INCENDIO DE CASA HABITACIÓN",4,"Atotonilco el Grande"
"012","INCENDIO DE COMERCIO",1,"Atotonilco el Grande"
"012","INCENDIO DE VEHÍCULO",1,"Atotonilco el Grande"
"012","INCENDIO FORESTAL",3,"Atotonilco el Grande"
"012","INTOXICACIÓN / SOBREDOSIS / ENVENENAMIENTO POR SUSTANCIAS",1,"Atotonilco el Grande"
"012","INTOXICACIÓN ETÍLICA",6,"Atotonilco el Grande"
"012","LESIONADO POR ARMA BLANCA",2,"Atotonilco el Grande"
"012","MALTRATO DE ANIMALES",1,"Atotonilco el Grande"
"012","MALTRATO INFANTIL",1,"Atotonilco el Grande"
"012","NOTIFICACIÓN DE CIBER INCIDENTE",2,"Atotonilco el Grande"
"012","OBJETO SOSPECHOSO O PELIGROSO",2,"Atotonilco el Grande"
"012","OTRAS ALARMAS DE EMERGENCIAS ACTIVADAS",77,"Atotonilco el Grande"
"012","OTRAS FALTAS AL REGLAMENTO DE TRÁNSITO",5,"Atotonilco el Grande"
"012","OTROS ACTOS RELACIONADOS CON EL PATRIMONIO",5,"Atotonilco el Grande"
"012","OTROS ACTOS RELACIONADOS CON LA FAMILIA",3,"Atotonilco el Grande"
"012","OTROS ACTOS RELACIONADOS CON LA LIBERTAD PERSONAL",2,"Atotonilco el Grande"
"012","OTROS ACTOS RELACIONADOS CON LA VIDA Y LA INTEGRIDAD PERSONAL",1,"Atotonilco el Grande"
"012","OTROS INCENDIOS",36,"Atotonilco el Grande"
"012","OTROS INCIDENTES MÉDICOS CLINICOS",8,"Atotonilco el Grande"
"012","OTROS INCIDENTES MÉDICOS TRAUMÁTICOS",5,"Atotonilco el Grande"
"012","OTROS RESCATES",11,"Atotonilco el Grande"
"012","OTROS TIPOS DE ALTERACIÓN AL ORDEN PÚBLICO",4,"Atotonilco el Grande"
"012","PERSONA AGRESIVA",43,"Atotonilco el Grande"
"012","PERSONA DETENIDA",1,"Atotonilco el Grande"
"012","PERSONA INCONSCIENTE / URGENCIA NEUROLÓGICA",11,"Atotonilco el Grande"
"012","PERSONA LOCALIZADA",1,"Atotonilco el Grande"
"012","PERSONA NO LOCALIZADA",1,"Atotonilco el Grande"
"012","PERSONA SOSPECHOSA",23,"Atotonilco el Grande"
"012","PERSONA TIRADA EN VÍA PÚBLICA",6,"Atotonilco el Grande"
"012","PORTACIÓN DE ARMAS O CARTUCHOS",16,"Atotonilco el Grande"
"012","RESCATE ANIMAL",2,"Atotonilco el Grande"
"012","RIÑA / PELEA CLANDESTINA",16,"Atotonilco el Grande"
"012","ROBO A CASA HABITACIÓN SIN VIOLENCIA",5,"Atotonilco el Grande"
"012","ROBO A NEGOCIO SIN VIOLENCIA",2,"Atotonilco el Grande"
"012","ROBO DE AUTOPARTES O ACCESORIOS",1,"Atotonilco el Grande"
"012","ROBO DE VEHÍCULO PARTICULAR SIN VIOLENCIA",10,"Atotonilco el Grande"
"012","RUIDO EXCESIVO",9,"Atotonilco el Grande"
"012","SOLICITUD DE RONDÍN",5,"Atotonilco el Grande"
"012","SUSTRACCIÓN DE MENORES",2,"Atotonilco el Grande"
"012","TALA ILEGAL",1,"Atotonilco el Grande"
"012","TENTATIVA DE ROBO",5,"Atotonilco el Grande"
"012","URGENCIA EN PACIENTE EMBARAZADA",3,"Atotonilco el Grande"
"012","URGENCIA POR ENFERMEDAD GENERAL",12,"Atotonilco el Grande"
"012","VEHÍCULO A EXCESO DE VELOCIDAD",9,"Atotonilco el Grande"
"012","VEHÍCULO ABANDONADO",3,"Atotonilco el Grande"
"012","VEHÍCULO DESCOMPUESTO",29,"Atotonilco el Grande"
"012","VEHÍCULO EN HUIDA",7,"Atotonilco el Grande"
"012","VEHÍCULO SOSPECHOSO",35,"Atotonilco el Grande"
"012","VIOLENCIA CONTRA LA MUJER",9,"Atotonilco el Grande"
"012","VIOLENCIA DE PAREJA",20,"Atotonilco el Grande"
"012","VIOLENCIA FAMILIAR",32,"Atotonilco el Grande"
"012","ÁRBOL CAÍDO O POR CAER",2,"Atotonilco el Grande"
"013","ABANDONO DE PERSONA",5,"Atotonilco de Tula"
"013","ABUSO DE CONFIANZA",14,"Atotonilco de Tula"
"013","ABUSO SEXUAL",3,"Atotonilco de Tula"
"013","ACCIDENTE DE MOTOCICLETA CON FALLECIDO",3,"Atotonilco de Tula"
"013","ACCIDENTE DE MOTOCICLETA CON LESIONADOS",165,"Atotonilco de Tula"
"013","ACCIDENTE DE TRÁNSITO CON MUERTOS",1,"Atotonilco de Tula"
"013","ACCIDENTE DE TRÁNSITO SIN LESIONADOS",92,"Atotonilco de Tula"
"013","ACCIDENTE DE VEHÍCULO AUTOMOTOR CON LESIONADOS",75,"Atotonilco de Tula"
"013","ACCIDENTE DE VEHÍCULO DE PASAJEROS CON LESIONADOS",3,"Atotonilco de Tula"
"013","ACCIDENTE FERROVIARIO CON LESIONADOS",2,"Atotonilco de Tula"
"013","ACCIDENTE MÚLTIPLE CON LESIONADOS",26,"Atotonilco de Tula"
"013","ACOSO U HOSTIGAMIENTO SEXUAL",4,"Atotonilco de Tula"
"013","ACTIVACIÓN DE ALARMA EN ESCUELA",1,"Atotonilco de Tula"
"013","AERONAVE SOSPECHOSA",1,"Atotonilco de Tula"
"013","AFECTACIÓN DE LOS SERVICIOS BÁSICOS O DE INFRAESTRUCTURA ESTRATÉGICA",2,"Atotonilco de Tula"
"013","ALLANAMIENTO DE MORADA",99,"Atotonilco de Tula"
"013","ALMACENAMIENTO DE SUSTANCIAS PELIGROSAS",1,"Atotonilco de Tula"
"013","ALTERACIÓN DEL ORDEN PÚBLICO POR PERSONA ALCOHOLIZADA",51,"Atotonilco de Tula"
"013","ALTERACIÓN DEL ORDEN PÚBLICO POR PERSONA DROGADA",35,"Atotonilco de Tula"
"013","AMENAZA",10,"Atotonilco de Tula"
"013","AMENAZA DE ABORTO",4,"Atotonilco de Tula"
"013","AMENAZA DE SUICIDIO",14,"Atotonilco de Tula"
"013","ANIMAL MUERTO",3,"Atotonilco de Tula"
"013","ANIMAL PELIGROSO",17,"Atotonilco de Tula"
"013","ANIMALES SUELTOS",3,"Atotonilco de Tula"
"013","APOYO A LA CIUDADANÍA",162,"Atotonilco de Tula"
"013","APOYO A OTRO ESTADO",16,"Atotonilco de Tula"
"013","ARRANCONES O CARRERAS DE VEHÍCULOS",16,"Atotonilco de Tula"
"013","ASFIXIA",3,"Atotonilco de Tula"
"013","ATAQUES AL PUDOR",1,"Atotonilco de Tula"
"013","ATROPELLAMIENTO",13,"Atotonilco de Tula"
"013","CABLES COLGANDO",6,"Atotonilco de Tula"
"013","CAÍDA",62,"Atotonilco de Tula"
"013","CAÍDA DE POSTE",4,"Atotonilco de Tula"
"013","CONDUCTOR EBRIO",15,"Atotonilco de Tula"
"013","CONSUMO DE ALCOHOL EN VÍA PÚBLICA",8,"Atotonilco de Tula"
"013","CONSUMO DE DROGAS EN VÍA PÚBLICA",12,"Atotonilco de Tula"
"013","CONTAMINACIÓN DE SUELO, AIRE Y AGUA",15,"Atotonilco de Tula"
"013","CONVULSIONES",40,"Atotonilco de Tula"
"013","CORTO CIRCUITO",10,"Atotonilco de Tula"
"013","DAÑO A BIENES PÚBLICOS, INSTITUCIONES, MONUMENTOS, ENTRE OTROS",3,"Atotonilco de Tula"
"013","DAÑO A PROPIEDAD AJENA",22,"Atotonilco de Tula"
"013","DESCOMPENSACIÓN DE LA DIABETES/DESHIDRATACIÓN",13,"Atotonilco de Tula"
"013","DETONACIÓN DE ARMA DE FUEGO",69,"Atotonilco de Tula"
"013","DETONACIÓN DE COHETES O FUEGOS ARTIFICIALES",12,"Atotonilco de Tula"
"013","DIFICULTAD RESPIRATORIA / URGENCIA RESPIRATORIA",47,"Atotonilco de Tula"
"013","DOLOR ABDOMINAL / URGENCIA ABDOMINAL",14,"Atotonilco de Tula"
"013","ELECTROCUTADO/LESIÓN POR CORRIENTE ELÉCTRICA",1,"Atotonilco de Tula"
"013","ENJAMBRE DE ABEJAS",9,"Atotonilco de Tula"
"013","ENVENENAMIENTO POR ANIMAL DE PONZOÑA",3,"Atotonilco de Tula"
"013","EXPLOSIÓN",2,"Atotonilco de Tula"
"013","EXTORSIÓN",3,"Atotonilco de Tula"
"013","EXTORSIÓN TELEFÓNICA",16,"Atotonilco de Tula"
"013","FALLECIDO DE CAUSA NATURAL",26,"Atotonilco de Tula"
"013","FALLECIDO DE CAUSA TRAUMÁTICA",6,"Atotonilco de Tula"
"013","FRACTURADO/TRAUMATISMO DE EXTREMIDADES",7,"Atotonilco de Tula"
"013","FRAUDE",3,"Atotonilco de Tula"
"013","FUGAS Y DERRAMES DE SUSTANCIAS QUÍMICAS",62,"Atotonilco de Tula"
"013","GASES TÓXICOS",14,"Atotonilco de Tula"
"013","GRAFITIS",1,"Atotonilco de Tula"
"013","HEMORRAGIA",11,"Atotonilco de Tula"
"013","INCENDIO DE CASA HABITACIÓN",12,"Atotonilco de Tula"
"013","INCENDIO DE COMERCIO",2,"Atotonilco de Tula"
"013","INCENDIO DE EDIFICIO",1,"Atotonilco de Tula"
"013","INCENDIO DE FÁBRICA O INDUSTRIA",1,"Atotonilco de Tula"
"013","INCENDIO DE VEHÍCULO",10,"Atotonilco de Tula"
"013","INCENDIO FORESTAL",17,"Atotonilco de Tula"
"013","INFARTO / URGENCIA CARDIOLÓGICA",6,"Atotonilco de Tula"
"013","INFARTO CEREBRAL",1,"Atotonilco de Tula"
"013","INTOXICACIÓN / SOBREDOSIS / ENVENENAMIENTO POR SUSTANCIAS",7,"Atotonilco de Tula"
"013","INTOXICACIÓN ETÍLICA",5,"Atotonilco de Tula"
"013","INUNDACIONES",1,"Atotonilco de Tula"
"013","LESIONADO POR ARMA BLANCA",12,"Atotonilco de Tula"
"013","MALTRATO DE ANIMALES",15,"Atotonilco de Tula"
"013","MALTRATO INFANTIL",9,"Atotonilco de Tula"
"013","MENOR EXTRAVIADO",3,"Atotonilco de Tula"
"013","MORDEDURA DE ANIMAL",16,"Atotonilco de Tula"
"013","NOTIFICACIÓN DE CIBER INCIDENTE",23,"Atotonilco de Tula"
"013","OBJETO SOSPECHOSO O PELIGROSO",11,"Atotonilco de Tula"
"013","OLORES FÉTIDOS",1,"Atotonilco de Tula"
"013","OTRAS ALARMAS DE EMERGENCIAS ACTIVADAS",74,"Atotonilco de Tula"
"013","OTRAS FALTAS AL REGLAMENTO DE TRÁNSITO",27,"Atotonilco de Tula"
"013","OTROS ACTOS RELACIONADOS CON EL PATRIMONIO",39,"Atotonilco de Tula"
"013","OTROS ACTOS RELACIONADOS CON LA FAMILIA",81,"Atotonilco de Tula"
"013","OTROS ACTOS RELACIONADOS CON LA LIBERTAD PERSONAL",6,"Atotonilco de Tula"
"013","OTROS ACTOS RELACIONADOS CON LA LIBERTAD Y LA SEGURIDAD SEXUAL",7,"Atotonilco de Tula"
"013","OTROS ACTOS RELACIONADOS CON OTROS BIENES JURÍDICOS",1,"Atotonilco de Tula"
"013","OTROS INCENDIOS",194,"Atotonilco de Tula"
"013","OTROS INCIDENTES MÉDICOS CLINICOS",44,"Atotonilco de Tula"
"013","OTROS INCIDENTES MÉDICOS TRAUMÁTICOS",26,"Atotonilco de Tula"
"013","OTROS RESCATES",4,"Atotonilco de Tula"
"013","OTROS TIPOS DE ALTERACIÓN AL ORDEN PÚBLICO",8,"Atotonilco de Tula"
"013","PERSONA AGRESIVA",342,"Atotonilco de Tula"
"013","PERSONA DETENIDA",15,"Atotonilco de Tula"
"013","PERSONA EN CRISIS POR TRASTORNO MENTAL",8,"Atotonilco de Tula"
"013","PERSONA EN SITUACIÓN DE CALLE",2,"Atotonilco de Tula"
"013","PERSONA EXHIBICIONISTA",3,"Atotonilco de Tula"
"013","PERSONA INCONSCIENTE / URGENCIA NEUROLÓGICA",67,"Atotonilco de Tula"
"013","PERSONA LOCALIZADA",10,"Atotonilco de Tula"
"013","PERSONA NO LOCALIZADA",11,"Atotonilco de Tula"
"013","PERSONA SOSPECHOSA",97,"Atotonilco de Tula"
"013","PERSONA TIRADA EN VÍA PÚBLICA",38,"Atotonilco de Tula"
"013","PLAGAS",1,"Atotonilco de Tula"
"013","PORTACIÓN DE ARMAS O CARTUCHOS",54,"Atotonilco de Tula"
"013","QUEMADURAS",1,"Atotonilco de Tula"
"013","RESCATE ANIMAL",14,"Atotonilco de Tula"
"013","RIÑA / PELEA CLANDESTINA",103,"Atotonilco de Tula"
"013","ROBO A CASA HABITACIÓN SIN VIOLENCIA",29,"Atotonilco de Tula"
"013","ROBO A FERROCARRIL",1,"Atotonilco de Tula"
"013","ROBO A GASOLINERA SIN VIOLENCIA",1,"Atotonilco de Tula"
"013","ROBO A NEGOCIO SIN VIOLENCIA",8,"Atotonilco de Tula"
"013","ROBO A TRANSEÚNTE SIN VIOLENCIA",4,"Atotonilco de Tula"
"013","ROBO A TRANSPORTISTA SIN VIOLENCIA",2,"Atotonilco de Tula"
"013","ROBO DE AUTOPARTES O ACCESORIOS",6,"Atotonilco de Tula"
"013","ROBO DE COMBUSTIBLE",5,"Atotonilco de Tula"
"013","ROBO DE PLACA",1,"Atotonilco de Tula"
"013","ROBO DE VEHÍCULO PARTICULAR SIN VIOLENCIA",108,"Atotonilco de Tula"
"013","RUIDO EXCESIVO",63,"Atotonilco de Tula"
"013","SOLICITUD DE RONDÍN",15,"Atotonilco de Tula"
"013","SUICIDIO",4,"Atotonilco de Tula"
"013","SUSTRACCIÓN DE MENORES",6,"Atotonilco de Tula"
"013","TALA ILEGAL",4,"Atotonilco de Tula"
"013","TENTATIVA DE ROBO",33,"Atotonilco de Tula"
"013","TRABAJO DE PARTO",9,"Atotonilco de Tula"
"013","TRAUMATISMO DE CRÁNEO",2,"Atotonilco de Tula"
"013","TRAUMATISMOS MÚLTIPLES",1,"Atotonilco de Tula"
"013","URGENCIA EN PACIENTE EMBARAZADA",13,"Atotonilco de Tula"
"013","URGENCIA POR ENFERMEDAD GENERAL",103,"Atotonilco de Tula"
"013","VEHÍCULO A EXCESO DE VELOCIDAD",8,"Atotonilco de Tula"
"013","VEHÍCULO ABANDONADO",16,"Atotonilco de Tula"
"013","VEHÍCULO DESCOMPUESTO",16,"Atotonilco de Tula"
"013","VEHÍCULO EN HUIDA",18,"Atotonilco de Tula"
"013","VEHÍCULO RECUPERADO",9,"Atotonilco de Tula"
"013","VEHÍCULO SOSPECHOSO",120,"Atotonilco de Tula"
"013","VENTA CLANDESTINA DE PIROTECNIA, COHETES O FUEGOS ARTIFICIALES",3,"Atotonilco de Tula"
"013","VIALIDAD EN MAL ESTADO",1,"Atotonilco de Tula"
"013","VIOLACIÓN",1,"Atotonilco de Tula"
"013","VIOLENCIA CONTRA LA MUJER",83,"Atotonilco de Tula"
"013","VIOLENCIA DE PAREJA",239,"Atotonilco de Tula"
"013","VIOLENCIA FAMILIAR",213,"Atotonilco de Tula"
"013","ÁRBOL CAÍDO O POR CAER",1,"Atotonilco de Tula"
"014","ACCIDENTE DE MOTOCICLETA CON LESIONADOS",2,"Calnali"
"014","ACCIDENTE DE TRÁNSITO SIN LESIONADOS",1,"Calnali"
"014","ACCIDENTE DE VEHÍCULO AUTOMOTOR CON LESIONADOS",2,"Calnali"
"014","ACCIDENTE MÚLTIPLE CON LESIONADOS",2,"Calnali"
"014","ALLANAMIENTO DE MORADA",1,"Calnali"
"014","ALTERACIÓN DEL ORDEN PÚBLICO POR PERSONA DROGADA",1,"Calnali"
"014","AMENAZA",1,"Calnali"
"014","APOYO A LA CIUDADANÍA",3,"Calnali"
"014","CABLES COLGANDO",1,"Calnali"
"014","DETONACIÓN DE ARMA DE FUEGO",2,"Calnali"
"014","DOLOR ABDOMINAL / URGENCIA ABDOMINAL",1,"Calnali"
"014","EXTORSIÓN TELEFÓNICA",1,"Calnali"
"014","FALLECIDO DE CAUSA NATURAL",1,"Calnali"
"014","INUNDACIONES",1,"Calnali"
"014","MALTRATO DE ANIMALES",1,"Calnali"
"014","NOTIFICACIÓN DE CIBER INCIDENTE",3,"Calnali"
"014","OTRAS ALARMAS DE EMERGENCIAS ACTIVADAS",130,"Calnali"
"014","OTROS ACTOS RELACIONADOS CON LA FAMILIA",1,"Calnali"
"014","OTROS INCIDENTES MÉDICOS CLINICOS",2,"Calnali"
"014","OTROS RESCATES",1,"Calnali"
"014","PERSONA AGRESIVA",8,"Calnali"
"014","PERSONA LOCALIZADA",1,"Calnali"
"014","PERSONA SOSPECHOSA",2,"Calnali"
"014","PORTACIÓN DE ARMAS O CARTUCHOS",1,"Calnali"
"014","ROBO DE VEHÍCULO PARTICULAR SIN VIOLENCIA",2,"Calnali"
"014","RUIDO EXCESIVO",1,"Calnali"
"014","TENTATIVA DE ROBO",1,"Calnali"
"014","VEHÍCULO DESCOMPUESTO",2,"Calnali"
"014","VEHÍCULO SOSPECHOSO",2,"Calnali"
"014","VIOLENCIA CONTRA LA MUJER",1,"Calnali"
"014","VIOLENCIA DE PAREJA",3,"Calnali"
"014","VIOLENCIA FAMILIAR",5,"Calnali"
"014","ÁRBOL CAÍDO O POR CAER",2,"Calnali"
"015","ACCIDENTE DE MOTOCICLETA CON LESIONADOS",11,"Cardonal"
"015","ACCIDENTE DE TRÁNSITO SIN LESIONADOS",3,"Cardonal"
"015","ACCIDENTE DE VEHÍCULO AUTOMOTOR CON LESIONADOS",8,"Cardonal"
"015","ACCIDENTE MÚLTIPLE CON LESIONADOS",1,"Cardonal"
"015","AERONAVE SOSPECHOSA",2,"Cardonal"
"015","ALLANAMIENTO DE MORADA",2,"Cardonal"
"015","ALTERACIÓN DEL ORDEN PÚBLICO POR PERSONA ALCOHOLIZADA",1,"Cardonal"
"015","ALTERACIÓN DEL ORDEN PÚBLICO POR PERSONA DROGADA",1,"Cardonal"
"015","AMENAZA",1,"Cardonal"
"015","AMENAZA DE ABORTO",1,"Cardonal"
"015","APOYO A LA CIUDADANÍA",10,"Cardonal"
"015","ASFIXIA",1,"Cardonal"
"015","CAÍDA",3,"Cardonal"
"015","CONDUCTOR EBRIO",1,"Cardonal"
"015","DERRUMBES",1,"Cardonal"
"015","DESCOMPENSACIÓN DE LA DIABETES/DESHIDRATACIÓN",2,"Cardonal"
"015","DETONACIÓN DE ARMA DE FUEGO",1,"Cardonal"
"015","DIFICULTAD RESPIRATORIA / URGENCIA RESPIRATORIA",1,"Cardonal"
"015","DOLOR ABDOMINAL / URGENCIA ABDOMINAL",1,"Cardonal"
"015","FRACTURADO/TRAUMATISMO DE EXTREMIDADES",1,"Cardonal"
"015","HEMORRAGIA",1,"Cardonal"
"015","INCENDIO DE CASA HABITACIÓN",1,"Cardonal"
"015","INCENDIO DE COMERCIO",1,"Cardonal"
"015","INCENDIO FORESTAL",2,"Cardonal"
"015","MALTRATO DE ANIMALES",1,"Cardonal"
"015","MANIFESTACIÓN CON DISTURBIOS O BLOQUEOS",1,"Cardonal"
"015","OTRAS ALARMAS DE EMERGENCIAS ACTIVADAS",70,"Cardonal"
"015","OTRAS FALTAS AL REGLAMENTO DE TRÁNSITO",1,"Cardonal"
"015","OTROS ACTOS RELACIONADOS CON EL PATRIMONIO",1,"Cardonal"
"015","OTROS ACTOS RELACIONADOS CON LA FAMILIA",1,"Cardonal"
"015","OTROS ACTOS RELACIONADOS CON LA LIBERTAD PERSONAL",1,"Cardonal"
"015","OTROS INCENDIOS",6,"Cardonal"
"015","OTROS INCIDENTES MÉDICOS CLINICOS",1,"Cardonal"
"015","OTROS INCIDENTES MÉDICOS TRAUMÁTICOS",1,"Cardonal"
"015","PERSONA AGRESIVA",7,"Cardonal"
"015","PERSONA EN CRISIS POR TRASTORNO MENTAL",2,"Cardonal"
"015","PERSONA INCONSCIENTE / URGENCIA NEUROLÓGICA",3,"Cardonal"
"015","PERSONA LOCALIZADA",2,"Cardonal"
"015","PERSONA NO LOCALIZADA",1,"Cardonal"
"015","PERSONA SOSPECHOSA",1,"Cardonal"
"015","PORTACIÓN DE ARMAS O CARTUCHOS",1,"Cardonal"
"015","RIÑA / PELEA CLANDESTINA",3,"Cardonal"
"015","ROBO DE VEHÍCULO PARTICULAR SIN VIOLENCIA",4,"Cardonal"
"015","SOLICITUD DE RONDÍN",1,"Cardonal"
"015","TRAUMATISMO DE TÓRAX (PECHO Y/O ESPALDA)",1,"Cardonal"
"015","URGENCIA POR ENFERMEDAD GENERAL",1,"Cardonal"
"015","VEHÍCULO A EXCESO DE VELOCIDAD",1,"Cardonal"
"015","VEHÍCULO DESCOMPUESTO",2,"Cardonal"
"015","VEHÍCULO RECUPERADO",1,"Cardonal"
"015","VEHÍCULO SOSPECHOSO",3,"Cardonal"
"015","VIOLENCIA CONTRA LA MUJER",1,"Cardonal"
"015","VIOLENCIA DE PAREJA",2,"Cardonal"
"015","VIOLENCIA FAMILIAR",8,"Cardonal"
"016","ABUSO DE CONFIANZA",6,"Cuautepec de Hinojosa"
"016","ABUSO SEXUAL",1,"Cuautepec de Hinojosa"
"016","ACCIDENTE DE MOTOCICLETA CON FALLECIDO",1,"Cuautepec de Hinojosa"
"016","ACCIDENTE DE MOTOCICLETA CON LESIONADOS",103,"Cuautepec de Hinojosa"
"016","ACCIDENTE DE TRÁNSITO SIN LESIONADOS",38,"Cuautepec de Hinojosa"
"016","ACCIDENTE DE VEHÍCULO AUTOMOTOR CON FALLECIDO",1,"Cuautepec de Hinojosa"
"016","ACCIDENTE DE VEHÍCULO AUTOMOTOR CON LESIONADOS",18,"Cuautepec de Hinojosa"
"016","ACCIDENTE DE VEHÍCULO DE PASAJEROS CON LESIONADOS",2,"Cuautepec de Hinojosa"
"016","ACCIDENTE MÚLTIPLE CON LESIONADOS",9,"Cuautepec de Hinojosa"
"016","ACOSO U HOSTIGAMIENTO SEXUAL",6,"Cuautepec de Hinojosa"
"016","ALLANAMIENTO DE MORADA",43,"Cuautepec de Hinojosa"
"016","ALTERACIÓN DEL ORDEN PÚBLICO POR PERSONA ALCOHOLIZADA",59,"Cuautepec de Hinojosa"
"016","ALTERACIÓN DEL ORDEN PÚBLICO POR PERSONA DROGADA",13,"Cuautepec de Hinojosa"
"016","AMENAZA",6,"Cuautepec de Hinojosa"
"016","AMENAZA DE ABORTO",3,"Cuautepec de Hinojosa"
"016","AMENAZA DE SUICIDIO",5,"Cuautepec de Hinojosa"
"016","ANIMAL PELIGROSO",11,"Cuautepec de Hinojosa"
"016","ANIMALES SUELTOS",2,"Cuautepec de Hinojosa"
"016","APOYO A LA CIUDADANÍA",83,"Cuautepec de Hinojosa"
"016","APOYO A OTRO ESTADO",5,"Cuautepec de Hinojosa"
"016","ARRANCONES O CARRERAS DE VEHÍCULOS",7,"Cuautepec de Hinojosa"
"016","ASFIXIA",3,"Cuautepec de Hinojosa"
"016","ATAQUES AL PUDOR",2,"Cuautepec de Hinojosa"
"016","ATROPELLAMIENTO",12,"Cuautepec de Hinojosa"
"016","CABLES COLGANDO",1,"Cuautepec de Hinojosa"
"016","CAÍDA",33,"Cuautepec de Hinojosa"
"016","CAÍDA DE POSTE",4,"Cuautepec de Hinojosa"
"016","CONDUCTOR EBRIO",6,"Cuautepec de Hinojosa"
"016","CONSUMO DE ALCOHOL EN VÍA PÚBLICA",10,"Cuautepec de Hinojosa"
"016","CONSUMO DE DROGAS EN VÍA PÚBLICA",7,"Cuautepec de Hinojosa"
"016","CONTAMINACIÓN DE SUELO, AIRE Y AGUA",7,"Cuautepec de Hinojosa"
"016","CONVULSIONES",34,"Cuautepec de Hinojosa"
"016","CORTO CIRCUITO",13,"Cuautepec de Hinojosa"
"016","DAÑO A BIENES PÚBLICOS, INSTITUCIONES, MONUMENTOS, ENTRE OTROS",1,"Cuautepec de Hinojosa"
"016","DAÑO A PROPIEDAD AJENA",9,"Cuautepec de Hinojosa"
"016","DESCARGA DE DESECHOS SIN PERMISOS",1,"Cuautepec de Hinojosa"
"016","DESCOMPENSACIÓN DE LA DIABETES/DESHIDRATACIÓN",6,"Cuautepec de Hinojosa"
"016","DETONACIÓN DE ARMA DE FUEGO",40,"Cuautepec de Hinojosa"
"016","DETONACIÓN DE COHETES O FUEGOS ARTIFICIALES",12,"Cuautepec de Hinojosa"
"016","DIFICULTAD RESPIRATORIA / URGENCIA RESPIRATORIA",23,"Cuautepec de Hinojosa"
"016","DOLOR ABDOMINAL / URGENCIA ABDOMINAL",10,"Cuautepec de Hinojosa"
"016","ELECTROCUTADO/LESIÓN POR CORRIENTE ELÉCTRICA",2,"Cuautepec de Hinojosa"
"016","ENJAMBRE DE ABEJAS",12,"Cuautepec de Hinojosa"
"016","ENVENENAMIENTO POR ANIMAL DE PONZOÑA",5,"Cuautepec de Hinojosa"
"016","EXPLOSIÓN",1,"Cuautepec de Hinojosa"
"016","EXTORSIÓN TELEFÓNICA",11,"Cuautepec de Hinojosa"
"016","FALLECIDO DE CAUSA NATURAL",17,"Cuautepec de Hinojosa"
"016","FALLECIDO DE CAUSA TRAUMÁTICA",2,"Cuautepec de Hinojosa"
"016","FRACTURADO/TRAUMATISMO DE EXTREMIDADES",1,"Cuautepec de Hinojosa"
"016","FRAUDE",3,"Cuautepec de Hinojosa"
"016","FUGAS Y DERRAMES DE SUSTANCIAS QUÍMICAS",8,"Cuautepec de Hinojosa"
"016","GASES TÓXICOS",10,"Cuautepec de Hinojosa"
"016","HEMORRAGIA",7,"Cuautepec de Hinojosa"
"016","INCENDIO DE CASA HABITACIÓN",12,"Cuautepec de Hinojosa"
"016","INCENDIO DE COMERCIO",2,"Cuautepec de Hinojosa"
"016","INCENDIO DE VEHÍCULO",4,"Cuautepec de Hinojosa"
"016","INCENDIO FORESTAL",17,"Cuautepec de Hinojosa"
"016","INFARTO / URGENCIA CARDIOLÓGICA",2,"Cuautepec de Hinojosa"
"016","INTOXICACIÓN / SOBREDOSIS / ENVENENAMIENTO POR SUSTANCIAS",5,"Cuautepec de Hinojosa"
"016","INTOXICACIÓN ETÍLICA",2,"Cuautepec de Hinojosa"
"016","INUNDACIONES",3,"Cuautepec de Hinojosa"
"016","LESIONADO POR ARMA BLANCA",1,"Cuautepec de Hinojosa"
"016","MALTRATO DE ANIMALES",5,"Cuautepec de Hinojosa"
"016","MALTRATO INFANTIL",3,"Cuautepec de Hinojosa"
"016","MANIFESTACIÓN CON DISTURBIOS O BLOQUEOS",1,"Cuautepec de Hinojosa"
"016","MENOR EXTRAVIADO",1,"Cuautepec de Hinojosa"
"016","MORDEDURA DE ANIMAL",2,"Cuautepec de Hinojosa"
"016","NOTIFICACIÓN DE CIBER INCIDENTE",9,"Cuautepec de Hinojosa"
"016","OBJETO SOSPECHOSO O PELIGROSO",1,"Cuautepec de Hinojosa"
"016","OLORES FÉTIDOS",1,"Cuautepec de Hinojosa"
"016","OTRAS ALARMAS DE EMERGENCIAS ACTIVADAS",73,"Cuautepec de Hinojosa"
"016","OTRAS FALTAS AL REGLAMENTO DE TRÁNSITO",13,"Cuautepec de Hinojosa"
"016","OTROS ACCIDENTES CON LESIONADOS",1,"Cuautepec de Hinojosa"
"016","OTROS ACTOS RELACIONADOS CON EL PATRIMONIO",15,"Cuautepec de Hinojosa"
"016","OTROS ACTOS RELACIONADOS CON LA FAMILIA",31,"Cuautepec de Hinojosa"
"016","OTROS ACTOS RELACIONADOS CON LA LIBERTAD PERSONAL",3,"Cuautepec de Hinojosa"
"016","OTROS ACTOS RELACIONADOS CON LA LIBERTAD Y LA SEGURIDAD SEXUAL",1,"Cuautepec de Hinojosa"
"016","OTROS ACTOS RELACIONADOS CON OTROS BIENES JURÍDICOS",2,"Cuautepec de Hinojosa"
"016","OTROS INCENDIOS",85,"Cuautepec de Hinojosa"
"016","OTROS INCIDENTES MÉDICOS CLINICOS",31,"Cuautepec de Hinojosa"
"016","OTROS INCIDENTES MÉDICOS TRAUMÁTICOS",13,"Cuautepec de Hinojosa"
"016","OTROS RESCATES",7,"Cuautepec de Hinojosa"
"016","OTROS TIPOS DE ALTERACIÓN AL ORDEN PÚBLICO",7,"Cuautepec de Hinojosa"
"016","PELEA CLANDESTINA CON ANIMALES",1,"Cuautepec de Hinojosa"
"016","PERSONA AGRESIVA",105,"Cuautepec de Hinojosa"
"016","PERSONA DETENIDA",3,"Cuautepec de Hinojosa"
"016","PERSONA EN CRISIS POR TRASTORNO MENTAL",1,"Cuautepec de Hinojosa"
"016","PERSONA EN SITUACIÓN DE CALLE",1,"Cuautepec de Hinojosa"
"016","PERSONA EXHIBICIONISTA",1,"Cuautepec de Hinojosa"
"016","PERSONA INCONSCIENTE / URGENCIA NEUROLÓGICA",52,"Cuautepec de Hinojosa"
"016","PERSONA LOCALIZADA",6,"Cuautepec de Hinojosa"
"016","PERSONA NO LOCALIZADA",10,"Cuautepec de Hinojosa"
"016","PERSONA SOSPECHOSA",61,"Cuautepec de Hinojosa"
"016","PERSONA TIRADA EN VÍA PÚBLICA",31,"Cuautepec de Hinojosa"
"016","PLAGAS",1,"Cuautepec de Hinojosa"
"016","PORTACIÓN DE ARMAS O CARTUCHOS",26,"Cuautepec de Hinojosa"
"016","QUEMADURAS",1,"Cuautepec de Hinojosa"
"016","RESCATE ANIMAL",10,"Cuautepec de Hinojosa"
"016","RIÑA / PELEA CLANDESTINA",29,"Cuautepec de Hinojosa"
"016","ROBO A CASA HABITACIÓN SIN VIOLENCIA",8,"Cuautepec de Hinojosa"
"016","ROBO A NEGOCIO SIN VIOLENCIA",6,"Cuautepec de Hinojosa"
"016","ROBO A TRANSEÚNTE SIN VIOLENCIA",2,"Cuautepec de Hinojosa"
"016","ROBO A TRANSPORTISTA SIN VIOLENCIA",1,"Cuautepec de Hinojosa"
"016","ROBO DE AUTOPARTES O ACCESORIOS",1,"Cuautepec de Hinojosa"
"016","ROBO DE COMBUSTIBLE",65,"Cuautepec de Hinojosa"
"016","ROBO DE GANADO",1,"Cuautepec de Hinojosa"
"016","ROBO DE VEHÍCULO PARTICULAR SIN VIOLENCIA",60,"Cuautepec de Hinojosa"
"016","RUIDO EXCESIVO",33,"Cuautepec de Hinojosa"
"016","SOLICITUD DE RONDÍN",5,"Cuautepec de Hinojosa"
"016","SUICIDIO",1,"Cuautepec de Hinojosa"
"016","SUSTRACCIÓN DE MENORES",2,"Cuautepec de Hinojosa"
"016","TALA ILEGAL",11,"Cuautepec de Hinojosa"
"016","TENTATIVA DE ROBO",13,"Cuautepec de Hinojosa"
"016","TRABAJO DE PARTO",2,"Cuautepec de Hinojosa"
"016","TRAUMATISMOS MÚLTIPLES",1,"Cuautepec de Hinojosa"
"016","URGENCIA EN PACIENTE EMBARAZADA",4,"Cuautepec de Hinojosa"
"016","URGENCIA POR ENFERMEDAD GENERAL",30,"Cuautepec de Hinojosa"
"016","VEHÍCULO A EXCESO DE VELOCIDAD",8,"Cuautepec de Hinojosa"
"016","VEHÍCULO ABANDONADO",14,"Cuautepec de Hinojosa"
"016","VEHÍCULO DESCOMPUESTO",4,"Cuautepec de Hinojosa"
"016","VEHÍCULO EN HUIDA",5,"Cuautepec de Hinojosa"
"016","VEHÍCULO RECUPERADO",6,"Cuautepec de Hinojosa"
"016","VEHÍCULO SOSPECHOSO",73,"Cuautepec de Hinojosa"
"016","VIOLENCIA CONTRA LA MUJER",29,"Cuautepec de Hinojosa"
"016","VIOLENCIA DE PAREJA",69,"Cuautepec de Hinojosa"
"016","VIOLENCIA FAMILIAR",72,"Cuautepec de Hinojosa"
"016","ÁRBOL CAÍDO O POR CAER",6,"Cuautepec de Hinojosa"
"017","ACCIDENTE DE MOTOCICLETA CON FALLECIDO",1,"Chapantongo"
"017","ACCIDENTE DE MOTOCICLETA CON LESIONADOS",13,"Chapantongo"
"017","ACCIDENTE DE TRÁNSITO SIN LESIONADOS",6,"Chapantongo"
"017","ACCIDENTE DE VEHÍCULO AUTOMOTOR CON FALLECIDO",1,"Chapantongo"
"017","ACCIDENTE DE VEHÍCULO AUTOMOTOR CON LESIONADOS",1,"Chapantongo"
"017","ACCIDENTE DE VEHÍCULO DE PASAJEROS CON LESIONADOS",1,"Chapantongo"
"017","ACCIDENTE MÚLTIPLE CON LESIONADOS",2,"Chapantongo"
"017","AGRESIÓN FÍSICA EN PANDILLA",2,"Chapantongo"
"017","ALLANAMIENTO DE MORADA",6,"Chapantongo"
"017","ALMACENAMIENTO DE SUSTANCIAS PELIGROSAS",1,"Chapantongo"
"017","ALTERACIÓN DEL ORDEN PÚBLICO POR PERSONA ALCOHOLIZADA",4,"Chapantongo"
"017","ALTERACIÓN DEL ORDEN PÚBLICO POR PERSONA DROGADA",1,"Chapantongo"
"017","AMENAZA",1,"Chapantongo"
"017","ANIMAL MUERTO",4,"Chapantongo"
"017","ANIMALES SUELTOS",1,"Chapantongo"
"017","APOYO A LA CIUDADANÍA",11,"Chapantongo"
"017","APOYO A OTRO ESTADO",1,"Chapantongo"
"017","ARRANCONES O CARRERAS DE VEHÍCULOS",2,"Chapantongo"
"017","ASFIXIA",1,"Chapantongo"
"017","ATROPELLAMIENTO",1,"Chapantongo"
"017","CAÍDA",3,"Chapantongo"
"017","CONDUCTOR EBRIO",2,"Chapantongo"
"017","CONSUMO DE ALCOHOL EN VÍA PÚBLICA",2,"Chapantongo"
"017","CORTO CIRCUITO",4,"Chapantongo"
"017","DAÑO A PROPIEDAD AJENA",1,"Chapantongo"
"017","DESCOMPENSACIÓN DE LA DIABETES/DESHIDRATACIÓN",2,"Chapantongo"
"017","DETONACIÓN DE ARMA DE FUEGO",18,"Chapantongo"
"017","DETONACIÓN DE COHETES O FUEGOS ARTIFICIALES",2,"Chapantongo"
"017","DIFICULTAD RESPIRATORIA / URGENCIA RESPIRATORIA",3,"Chapantongo"
"017","DOLOR ABDOMINAL / URGENCIA ABDOMINAL",3,"Chapantongo"
"017","ELECTROCUTADO/LESIÓN POR CORRIENTE ELÉCTRICA",1,"Chapantongo"
"017","ENCHARCAMIENTO/ DESBORDAMIENTO DE RÍO",1,"Chapantongo"
"017","ENVENENAMIENTO POR ANIMAL DE PONZOÑA",1,"Chapantongo"
"017","EXTORSIÓN",1,"Chapantongo"
"017","EXTORSIÓN TELEFÓNICA",1,"Chapantongo"
"017","EXTRAVÍO DE PLACA",1,"Chapantongo"
"017","FRACTURADO/TRAUMATISMO DE EXTREMIDADES",1,"Chapantongo"
"017","FUGAS Y DERRAMES DE SUSTANCIAS QUÍMICAS",3,"Chapantongo"
"017","INCENDIO DE CASA HABITACIÓN",1,"Chapantongo"
"017","INCENDIO DE VEHÍCULO",1,"Chapantongo"
"017","INCENDIO FORESTAL",2,"Chapantongo"
"017","LESIONADO POR ARMA BLANCA",3,"Chapantongo"
"017","MALTRATO INFANTIL",1,"Chapantongo"
"017","NOTIFICACIÓN DE CIBER INCIDENTE",3,"Chapantongo"
"017","OTRAS ALARMAS DE EMERGENCIAS ACTIVADAS",12,"Chapantongo"
"017","OTRAS FALTAS AL REGLAMENTO DE TRÁNSITO",2,"Chapantongo"
"017","OTROS ACTOS RELACIONADOS CON LA FAMILIA",1,"Chapantongo"
"017","OTROS ACTOS RELACIONADOS CON LA LIBERTAD PERSONAL",1,"Chapantongo"
"017","OTROS ACTOS RELACIONADOS CON LA LIBERTAD Y LA SEGURIDAD SEXUAL",1,"Chapantongo"
"017","OTROS INCENDIOS",19,"Chapantongo"
"017","OTROS INCIDENTES MÉDICOS CLINICOS",2,"Chapantongo"
"017","OTROS INCIDENTES MÉDICOS TRAUMÁTICOS",2,"Chapantongo"
"017","PERSONA AGRESIVA",31,"Chapantongo"
"017","PERSONA EN SITUACIÓN DE CALLE",1,"Chapantongo"
"017","PERSONA INCONSCIENTE / URGENCIA NEUROLÓGICA",8,"Chapantongo"
"017","PERSONA LOCALIZADA",1,"Chapantongo"
"017","PERSONA SOSPECHOSA",7,"Chapantongo"
"017","PERSONA TIRADA EN VÍA PÚBLICA",2,"Chapantongo"
"017","PORTACIÓN DE ARMAS O CARTUCHOS",2,"Chapantongo"
"017","RIÑA / PELEA CLANDESTINA",8,"Chapantongo"
"017","ROBO A CASA HABITACIÓN SIN VIOLENCIA",1,"Chapantongo"
"017","ROBO A TRANSEÚNTE SIN VIOLENCIA",1,"Chapantongo"
"017","ROBO DE COMBUSTIBLE",35,"Chapantongo"
"017","ROBO DE VEHÍCULO PARTICULAR SIN VIOLENCIA",6,"Chapantongo"
"017","RUIDO EXCESIVO",1,"Chapantongo"
"017","SOLICITUD DE RONDÍN",2,"Chapantongo"
"017","TRABAJO DE PARTO",2,"Chapantongo"
"017","URGENCIA POR ENFERMEDAD GENERAL",8,"Chapantongo"
"017","VEHÍCULO A EXCESO DE VELOCIDAD",3,"Chapantongo"
"017","VEHÍCULO ABANDONADO",2,"Chapantongo"
"017","VEHÍCULO DESCOMPUESTO",2,"Chapantongo"
"017","VEHÍCULO EN HUIDA",1,"Chapantongo"
"017","VEHÍCULO RECUPERADO",1,"Chapantongo"
"017","VEHÍCULO SOSPECHOSO",9,"Chapantongo"
"017","VIOLENCIA CONTRA LA MUJER",1,"Chapantongo"
"017","VIOLENCIA DE PAREJA",7,"Chapantongo"
"017","VIOLENCIA FAMILIAR",17,"Chapantongo"
"018","ACCIDENTE DE MOTOCICLETA CON LESIONADOS",2,"Chapulhuacán"
"018","ACCIDENTE DE TRÁNSITO SIN LESIONADOS",2,"Chapulhuacán"
"018","ACCIDENTE DE VEHÍCULO AUTOMOTOR CON LESIONADOS",4,"Chapulhuacán"
"018","ALLANAMIENTO DE MORADA",3,"Chapulhuacán"
"018","ALTERACIÓN DEL ORDEN PÚBLICO POR PERSONA ALCOHOLIZADA",6,"Chapulhuacán"
"018","APOYO A LA CIUDADANÍA",4,"Chapulhuacán"
"018","ARRANCONES O CARRERAS DE VEHÍCULOS",1,"Chapulhuacán"
"018","CONSUMO DE ALCOHOL EN VÍA PÚBLICA",2,"Chapulhuacán"
"018","CORTO CIRCUITO",2,"Chapulhuacán"
"018","DESCOMPENSACIÓN DE LA DIABETES/DESHIDRATACIÓN",1,"Chapulhuacán"
"018","DETONACIÓN DE ARMA DE FUEGO",2,"Chapulhuacán"
"018","DIFICULTAD RESPIRATORIA / URGENCIA RESPIRATORIA",3,"Chapulhuacán"
"018","DOLOR ABDOMINAL / URGENCIA ABDOMINAL",1,"Chapulhuacán"
"018","EXTORSIÓN TELEFÓNICA",4,"Chapulhuacán"
"018","FALLECIDO DE CAUSA TRAUMÁTICA",1,"Chapulhuacán"
"018","FRACTURADO/TRAUMATISMO DE EXTREMIDADES",1,"Chapulhuacán"
"018","FRAUDE",1,"Chapulhuacán"
"018","FUGAS Y DERRAMES DE SUSTANCIAS QUÍMICAS",1,"Chapulhuacán"
"018","INCENDIO DE VEHÍCULO",1,"Chapulhuacán"
"018","INFARTO / URGENCIA CARDIOLÓGICA",1,"Chapulhuacán"
"018","NOTIFICACIÓN DE CIBER INCIDENTE",1,"Chapulhuacán"
"018","OTRAS ALARMAS DE EMERGENCIAS ACTIVADAS",50,"Chapulhuacán"
"018","OTROS ACTOS RELACIONADOS CON LA FAMILIA",3,"Chapulhuacán"
"018","OTROS ACTOS RELACIONADOS CON LA LIBERTAD PERSONAL",1,"Chapulhuacán"
"018","OTROS TIPOS DE ALTERACIÓN AL ORDEN PÚBLICO",1,"Chapulhuacán"
"018","PERSONA AGRESIVA",7,"Chapulhuacán"
"018","PERSONA DETENIDA",1,"Chapulhuacán"
"018","PERSONA LOCALIZADA",1,"Chapulhuacán"
"018","PERSONA SOSPECHOSA",1,"Chapulhuacán"
"018","PERSONA TIRADA EN VÍA PÚBLICA",1,"Chapulhuacán"
"018","PORTACIÓN DE ARMAS O CARTUCHOS",1,"Chapulhuacán"
"018","RESCATE ANIMAL",1,"Chapulhuacán"
"018","RIÑA / PELEA CLANDESTINA",2,"Chapulhuacán"
"018","RUIDO EXCESIVO",8,"Chapulhuacán"
"018","SOLICITUD DE RONDÍN",1,"Chapulhuacán"
"018","URGENCIA EN PACIENTE EMBARAZADA",1,"Chapulhuacán"
"018","VEHÍCULO DESCOMPUESTO",1,"Chapulhuacán"
"018","VEHÍCULO SOSPECHOSO",3,"Chapulhuacán"
"018","VIOLENCIA CONTRA LA MUJER",3,"Chapulhuacán"
"018","VIOLENCIA DE PAREJA",3,"Chapulhuacán"
"018","VIOLENCIA FAMILIAR",9,"Chapulhuacán"
"018","ÁRBOL CAÍDO O POR CAER",1,"Chapulhuacán"
"019","ABUSO DE CONFIANZA",1,"Chilcuautla"
"019","ACCIDENTE DE MOTOCICLETA CON LESIONADOS",19,"Chilcuautla"
"019","ACCIDENTE DE TRÁNSITO SIN LESIONADOS",2,"Chilcuautla"
"019","ACCIDENTE DE VEHÍCULO AUTOMOTOR CON FALLECIDO",1,"Chilcuautla"
"019","ACCIDENTE DE VEHÍCULO AUTOMOTOR CON LESIONADOS",5,"Chilcuautla"
"019","ACCIDENTE DE VEHÍCULO DE PASAJEROS CON LESIONADOS",1,"Chilcuautla"
"019","AHOGAMIENTO",1,"Chilcuautla"
"019","ALLANAMIENTO DE MORADA",4,"Chilcuautla"
"019","ALTERACIÓN DEL ORDEN PÚBLICO POR PERSONA ALCOHOLIZADA",2,"Chilcuautla"
"019","ALTERACIÓN DEL ORDEN PÚBLICO POR PERSONA DROGADA",1,"Chilcuautla"
"019","AMENAZA DE SUICIDIO",1,"Chilcuautla"
"019","APOYO A LA CIUDADANÍA",10,"Chilcuautla"
"019","APOYO A OTRO ESTADO",2,"Chilcuautla"
"019","ARRANCONES O CARRERAS DE VEHÍCULOS",3,"Chilcuautla"
"019","ATROPELLAMIENTO",1,"Chilcuautla"
"019","CAÍDA",8,"Chilcuautla"
"019","CAÍDA DE POSTE",1,"Chilcuautla"
"019","CONDUCTOR EBRIO",2,"Chilcuautla"
"019","CONSUMO DE ALCOHOL EN VÍA PÚBLICA",1,"Chilcuautla"
"019","CONSUMO DE DROGAS EN VÍA PÚBLICA",1,"Chilcuautla"
"019","CONTAMINACIÓN DE SUELO, AIRE Y AGUA",1,"Chilcuautla"
"019","CONVULSIONES",4,"Chilcuautla"
"019","CORTO CIRCUITO",2,"Chilcuautla"
"019","DAÑO A PROPIEDAD AJENA",1,"Chilcuautla"
"019","DESCOMPENSACIÓN DE LA DIABETES/DESHIDRATACIÓN",2,"Chilcuautla"
"019","DIFICULTAD RESPIRATORIA / URGENCIA RESPIRATORIA",2,"Chilcuautla"
"019","ENCHARCAMIENTO/ DESBORDAMIENTO DE RÍO",1,"Chilcuautla"
"019","ENJAMBRE DE ABEJAS",1,"Chilcuautla"
"019","EXPLOSIÓN",1,"Chilcuautla"
"019","EXTORSIÓN TELEFÓNICA",5,"Chilcuautla"
"019","FALLECIDO DE CAUSA NATURAL",6,"Chilcuautla"
"019","FRACTURADO/TRAUMATISMO DE EXTREMIDADES",1,"Chilcuautla"
"019","FUGAS Y DERRAMES DE SUSTANCIAS QUÍMICAS",1,"Chilcuautla"
"019","HEMORRAGIA",2,"Chilcuautla"
"019","INCENDIO DE VEHÍCULO",1,"Chilcuautla"
"019","INFARTO / URGENCIA CARDIOLÓGICA",1,"Chilcuautla"
"019","INTOXICACIÓN / SOBREDOSIS / ENVENENAMIENTO POR SUSTANCIAS",1,"Chilcuautla"
"019","INUNDACIONES",1,"Chilcuautla"
"019","MORDEDURA DE ANIMAL",1,"Chilcuautla"
"019","NOTIFICACIÓN DE CIBER INCIDENTE",2,"Chilcuautla"
"019","OTRAS ALARMAS DE EMERGENCIAS ACTIVADAS",150,"Chilcuautla"
"019","OTROS ACTOS RELACIONADOS CON EL PATRIMONIO",2,"Chilcuautla"
"019","OTROS ACTOS RELACIONADOS CON LA FAMILIA",2,"Chilcuautla"
"019","OTROS INCENDIOS",8,"Chilcuautla"
"019","OTROS INCIDENTES MÉDICOS CLINICOS",2,"Chilcuautla"
"019","OTROS INCIDENTES MÉDICOS TRAUMÁTICOS",1,"Chilcuautla"
"019","OTROS RESCATES",1,"Chilcuautla"
"019","PERSONA AGRESIVA",10,"Chilcuautla"
"019","PERSONA DETENIDA",1,"Chilcuautla"
"019","PERSONA INCONSCIENTE / URGENCIA NEUROLÓGICA",4,"Chilcuautla"
"019","PERSONA LOCALIZADA",1,"Chilcuautla"
"019","PERSONA SOSPECHOSA",1,"Chilcuautla"
"019","PERSONA TIRADA EN VÍA PÚBLICA",1,"Chilcuautla"
"019","RESCATE ANIMAL",4,"Chilcuautla"
"019","RIÑA / PELEA CLANDESTINA",5,"Chilcuautla"
"019","ROBO DE VEHÍCULO PARTICULAR SIN VIOLENCIA",10,"Chilcuautla"
"019","RUIDO EXCESIVO",3,"Chilcuautla"
"019","SOLICITUD DE RONDÍN",1,"Chilcuautla"
"019","TENTATIVA DE ROBO",1,"Chilcuautla"
"019","TRABAJO DE PARTO",2,"Chilcuautla"
"019","TRAUMATISMO DE CRÁNEO",1,"Chilcuautla"
"019","URGENCIA POR ENFERMEDAD GENERAL",1,"Chilcuautla"
"019","VEHÍCULO DESCOMPUESTO",1,"Chilcuautla"
"019","VEHÍCULO EN HUIDA",1,"Chilcuautla"
"019","VEHÍCULO SOSPECHOSO",3,"Chilcuautla"
"019","VIOLENCIA CONTRA LA MUJER",3,"Chilcuautla"
"019","VIOLENCIA DE PAREJA",5,"Chilcuautla"
"019","VIOLENCIA FAMILIAR",12,"Chilcuautla"
"019","ÁRBOL CAÍDO O POR CAER",2,"Chilcuautla"
"020","ACCIDENTE DE VEHÍCULO AUTOMOTOR CON LESIONADOS",1,"Eloxochitlán"
"020","CORTO CIRCUITO",1,"Eloxochitlán"
"020","OTRAS ALARMAS DE EMERGENCIAS ACTIVADAS",9,"Eloxochitlán"
"020","PERSONA SOSPECHOSA",1,"Eloxochitlán"
"020","VEHÍCULO DESCOMPUESTO",1,"Eloxochitlán"
"020","VEHÍCULO SOSPECHOSO",1,"Eloxochitlán"
"020","VIOLENCIA DE PAREJA",1,"Eloxochitlán"
"021","ABUSO DE CONFIANZA",1,"Emiliano Zapata"
"021","ACCIDENTE DE MOTOCICLETA CON FALLECIDO",1,"Emiliano Zapata"
"021","ACCIDENTE DE MOTOCICLETA CON LESIONADOS",9,"Emiliano Zapata"
"021","ACCIDENTE DE TRÁNSITO CON MUERTOS",1,"Emiliano Zapata"
"021","ACCIDENTE DE TRÁNSITO SIN LESIONADOS",27,"Emiliano Zapata"
"021","ACCIDENTE DE VEHÍCULO AUTOMOTOR CON LESIONADOS",22,"Emiliano Zapata"
"021","ACCIDENTE FERROVIARIO CON LESIONADOS",1,"Emiliano Zapata"
"021","ACCIDENTE MÚLTIPLE CON LESIONADOS",7,"Emiliano Zapata"
"021","ALLANAMIENTO DE MORADA",12,"Emiliano Zapata"
"021","ALTERACIÓN DEL ORDEN PÚBLICO POR PERSONA ALCOHOLIZADA",8,"Emiliano Zapata"
"021","ALTERACIÓN DEL ORDEN PÚBLICO POR PERSONA DROGADA",3,"Emiliano Zapata"
"021","AMENAZA",2,"Emiliano Zapata"
"021","ANIMAL MUERTO",1,"Emiliano Zapata"
"021","ANIMAL PELIGROSO",3,"Emiliano Zapata"
"021","ANIMALES SUELTOS",1,"Emiliano Zapata"
"021","APOYO A LA CIUDADANÍA",46,"Emiliano Zapata"
"021","APOYO A OTRO ESTADO",4,"Emiliano Zapata"
"021","ATROPELLAMIENTO",3,"Emiliano Zapata"
"021","CAÍDA",12,"Emiliano Zapata"
"021","CAÍDA DE POSTE",2,"Emiliano Zapata"
"021","CIRCULAR EN SENTIDO CONTRARIO",1,"Emiliano Zapata"
"021","CONDUCTOR EBRIO",4,"Emiliano Zapata"
"021","CONSUMO DE ALCOHOL EN VÍA PÚBLICA",4,"Emiliano Zapata"
"021","CONTAMINACIÓN DE SUELO, AIRE Y AGUA",2,"Emiliano Zapata"
"021","CONVULSIONES",2,"Emiliano Zapata"
"021","CORTO CIRCUITO",1,"Emiliano Zapata"
"021","DAÑO A BIENES PÚBLICOS, INSTITUCIONES, MONUMENTOS, ENTRE OTROS",1,"Emiliano Zapata"
"021","DAÑO A PROPIEDAD AJENA",2,"Emiliano Zapata"
"021","DESCOMPENSACIÓN DE LA DIABETES/DESHIDRATACIÓN",4,"Emiliano Zapata"
"021","DETONACIÓN DE ARMA DE FUEGO",6,"Emiliano Zapata"
"021","DETONACIÓN DE COHETES O FUEGOS ARTIFICIALES",5,"Emiliano Zapata"
"021","DIFICULTAD RESPIRATORIA / URGENCIA RESPIRATORIA",5,"Emiliano Zapata"
"021","ENJAMBRE DE ABEJAS",1,"Emiliano Zapata"
"021","EXTORSIÓN",1,"Emiliano Zapata"
"021","EXTORSIÓN TELEFÓNICA",3,"Emiliano Zapata"
"021","FALLECIDO DE CAUSA NATURAL",3,"Emiliano Zapata"
"021","FALLECIDO DE CAUSA TRAUMÁTICA",3,"Emiliano Zapata"
"021","FRACTURADO/TRAUMATISMO DE EXTREMIDADES",2,"Emiliano Zapata"
"021","FRAUDE",1,"Emiliano Zapata"
"021","FUGAS Y DERRAMES DE SUSTANCIAS QUÍMICAS",5,"Emiliano Zapata"
"021","INCENDIO DE CASA HABITACIÓN",1,"Emiliano Zapata"
"021","INCENDIO DE COMERCIO",1,"Emiliano Zapata"
"021","INCENDIO DE VEHÍCULO",2,"Emiliano Zapata"
"021","INCENDIO FORESTAL",5,"Emiliano Zapata"
"021","INFARTO / URGENCIA CARDIOLÓGICA",2,"Emiliano Zapata"
"021","INTOXICACIÓN / SOBREDOSIS / ENVENENAMIENTO POR SUSTANCIAS",1,"Emiliano Zapata"
"021","INTOXICACIÓN ETÍLICA",2,"Emiliano Zapata"
"021","MALTRATO INFANTIL",6,"Emiliano Zapata"
"021","MORDEDURA DE ANIMAL",1,"Emiliano Zapata"
"021","NOTIFICACIÓN DE CIBER INCIDENTE",3,"Emiliano Zapata"
"021","OBJETO SOSPECHOSO O PELIGROSO",7,"Emiliano Zapata"
"021","OTRAS ALARMAS DE EMERGENCIAS ACTIVADAS",15,"Emiliano Zapata"
"021","OTRAS FALTAS AL REGLAMENTO DE TRÁNSITO",4,"Emiliano Zapata"
"021","OTROS ACTOS RELACIONADOS CON EL PATRIMONIO",3,"Emiliano Zapata"
"021","OTROS ACTOS RELACIONADOS CON LA FAMILIA",4,"Emiliano Zapata"
"021","OTROS ACTOS RELACIONADOS CON LA LIBERTAD PERSONAL",3,"Emiliano Zapata"
"021","OTROS INCENDIOS",27,"Emiliano Zapata"
"021","OTROS INCIDENTES MÉDICOS CLINICOS",4,"Emiliano Zapata"
"021","OTROS INCIDENTES MÉDICOS TRAUMÁTICOS",3,"Emiliano Zapata"
"021","OTROS TIPOS DE ALTERACIÓN AL ORDEN PÚBLICO",1,"Emiliano Zapata"
"021","PERSONA AGRESIVA",28,"Emiliano Zapata"
"021","PERSONA DETENIDA",4,"Emiliano Zapata"
"021","PERSONA EN CRISIS POR TRASTORNO MENTAL",2,"Emiliano Zapata"
"021","PERSONA INCONSCIENTE / URGENCIA NEUROLÓGICA",9,"Emiliano Zapata"
"021","PERSONA LOCALIZADA",1,"Emiliano Zapata"
"021","PERSONA SOSPECHOSA",24,"Emiliano Zapata"
"021","PERSONA TIRADA EN VÍA PÚBLICA",4,"Emiliano Zapata"
"021","PORTACIÓN DE ARMAS O CARTUCHOS",3,"Emiliano Zapata"
"021","RESCATE ANIMAL",1,"Emiliano Zapata"
"021","RIÑA / PELEA CLANDESTINA",16,"Emiliano Zapata"
"021","ROBO A CASA HABITACIÓN SIN VIOLENCIA",4,"Emiliano Zapata"
"021","ROBO DE VEHÍCULO PARTICULAR SIN VIOLENCIA",17,"Emiliano Zapata"
"021","ROBO EN CARRETERA SIN VIOLENCIA",1,"Emiliano Zapata"
"021","RUIDO EXCESIVO",5,"Emiliano Zapata"
"021","SOLICITUD DE RONDÍN",2,"Emiliano Zapata"
"021","SUICIDIO",1,"Emiliano Zapata"
"021","TENTATIVA DE ROBO",9,"Emiliano Zapata"
"021","URGENCIA POR ENFERMEDAD GENERAL",7,"Emiliano Zapata"
"021","VEHÍCULO A EXCESO DE VELOCIDAD",4,"Emiliano Zapata"
"021","VEHÍCULO DESCOMPUESTO",43,"Emiliano Zapata"
"021","VEHÍCULO EN HUIDA",4,"Emiliano Zapata"
"021","VEHÍCULO RECUPERADO",2,"Emiliano Zapata"
"021","VEHÍCULO SOSPECHOSO",36,"Emiliano Zapata"
"021","VIOLENCIA CONTRA LA MUJER",6,"Emiliano Zapata"
"021","VIOLENCIA DE PAREJA",19,"Emiliano Zapata"
"021","VIOLENCIA FAMILIAR",25,"Emiliano Zapata"
"022","ABANDONO DE PERSONA",1,"Epazoyucan"
"022","ABUSO DE CONFIANZA",4,"Epazoyucan"
"022","ACCIDENTE DE MOTOCICLETA CON FALLECIDO",3,"Epazoyucan"
"022","ACCIDENTE DE MOTOCICLETA CON LESIONADOS",28,"Epazoyucan"
"022","ACCIDENTE DE TRÁNSITO CON MUERTOS",1,"Epazoyucan"
"022","ACCIDENTE DE TRÁNSITO SIN LESIONADOS",37,"Epazoyucan"
"022","ACCIDENTE DE VEHÍCULO AUTOMOTOR CON FALLECIDO",1,"Epazoyucan"
"022","ACCIDENTE DE VEHÍCULO AUTOMOTOR CON LESIONADOS",38,"Epazoyucan"
"022","ACCIDENTE DE VEHÍCULO DE PASAJEROS CON FALLECIDO",1,"Epazoyucan"
"022","ACCIDENTE DE VEHÍCULO DE PASAJEROS CON LESIONADOS",3,"Epazoyucan"
"022","ACCIDENTE MÚLTIPLE CON LESIONADOS",16,"Epazoyucan"
"022","ALLANAMIENTO DE MORADA",28,"Epazoyucan"
"022","ALTERACIÓN DEL ORDEN PÚBLICO POR PERSONA ALCOHOLIZADA",17,"Epazoyucan"
"022","ALTERACIÓN DEL ORDEN PÚBLICO POR PERSONA DROGADA",5,"Epazoyucan"
"022","AMENAZA",2,"Epazoyucan"
"022","AMENAZA DE ABORTO",2,"Epazoyucan"
"022","AMENAZA DE SUICIDIO",5,"Epazoyucan"
"022","ANIMAL PELIGROSO",3,"Epazoyucan"
"022","ANIMALES SUELTOS",3,"Epazoyucan"
"022","APOYO A LA CIUDADANÍA",35,"Epazoyucan"
"022","APOYO A OTRO ESTADO",1,"Epazoyucan"
"022","ARRANCONES O CARRERAS DE VEHÍCULOS",5,"Epazoyucan"
"022","BLOQUEO O CORTE DE VÍAS DE COMUNICACIÓN",2,"Epazoyucan"
"022","CABLES COLGANDO",2,"Epazoyucan"
"022","CAÍDA",16,"Epazoyucan"
"022","CAÍDA DE ANUNCIO O ESPECTACULAR",1,"Epazoyucan"
"022","CONDUCTOR EBRIO",4,"Epazoyucan"
"022","CONSUMO DE ALCOHOL EN VÍA PÚBLICA",5,"Epazoyucan"
"022","CONSUMO DE DROGAS EN VÍA PÚBLICA",1,"Epazoyucan"
"022","CONTAMINACIÓN DE SUELO, AIRE Y AGUA",1,"Epazoyucan"
"022","CONVULSIONES",7,"Epazoyucan"
"022","CORTO CIRCUITO",1,"Epazoyucan"
"022","DAÑO A BIENES PÚBLICOS, INSTITUCIONES, MONUMENTOS, ENTRE OTROS",2,"Epazoyucan"
"022","DAÑO A PROPIEDAD AJENA",6,"Epazoyucan"
"022","DESCOMPENSACIÓN DE LA DIABETES/DESHIDRATACIÓN",3,"Epazoyucan"
"022","DETONACIÓN DE ARMA DE FUEGO",12,"Epazoyucan"
"022","DETONACIÓN DE COHETES O FUEGOS ARTIFICIALES",5,"Epazoyucan"
"022","DIFICULTAD RESPIRATORIA / URGENCIA RESPIRATORIA",9,"Epazoyucan"
"022","DOLOR ABDOMINAL / URGENCIA ABDOMINAL",3,"Epazoyucan"
"022","ENJAMBRE DE ABEJAS",4,"Epazoyucan"
"022","ENVENENAMIENTO POR ANIMAL DE PONZOÑA",2,"Epazoyucan"
"022","EXTORSIÓN TELEFÓNICA",4,"Epazoyucan"
"022","FALLECIDO DE CAUSA NATURAL",3,"Epazoyucan"
"022","FRACTURADO/TRAUMATISMO DE EXTREMIDADES",3,"Epazoyucan"
"022","FRAUDE",2,"Epazoyucan"
"022","FUGAS Y DERRAMES DE SUSTANCIAS QUÍMICAS",6,"Epazoyucan"
"022","GASES TÓXICOS",2,"Epazoyucan"
"022","HEMORRAGIA",3,"Epazoyucan"
"022","HUNDIMIENTOS / AGRIETAMIENTOS / INESTABILIDAD DE LADERA",1,"Epazoyucan"
"022","INCENDIO DE CASA HABITACIÓN",2,"Epazoyucan"
"022","INCENDIO DE VEHÍCULO",2,"Epazoyucan"
"022","INCENDIO FORESTAL",8,"Epazoyucan"
"022","INTOXICACIÓN / SOBREDOSIS / ENVENENAMIENTO POR SUSTANCIAS",2,"Epazoyucan"
"022","INTOXICACIÓN ETÍLICA",2,"Epazoyucan"
"022","LESIONADO POR ARMA BLANCA",1,"Epazoyucan"
"022","MALTRATO DE ANIMALES",3,"Epazoyucan"
"022","MALTRATO INFANTIL",5,"Epazoyucan"
"022","MANIFESTACIÓN CON DISTURBIOS O BLOQUEOS",1,"Epazoyucan"
"022","MORDEDURA DE ANIMAL",2,"Epazoyucan"
"022","NOTIFICACIÓN DE CIBER INCIDENTE",3,"Epazoyucan"
"022","OBJETO SOSPECHOSO O PELIGROSO",7,"Epazoyucan"
"022","OTRAS ALARMAS DE EMERGENCIAS ACTIVADAS",24,"Epazoyucan"
"022","OTRAS FALTAS AL REGLAMENTO DE TRÁNSITO",8,"Epazoyucan"
"022","OTROS ACCIDENTES CON LESIONADOS",1,"Epazoyucan"
"022","OTROS ACTOS RELACIONADOS CON EL PATRIMONIO",7,"Epazoyucan"
"022","OTROS ACTOS RELACIONADOS CON LA FAMILIA",18,"Epazoyucan"
"022","OTROS ACTOS RELACIONADOS CON LA LIBERTAD PERSONAL",3,"Epazoyucan"
"022","OTROS ACTOS RELACIONADOS CON LA LIBERTAD Y LA SEGURIDAD SEXUAL",1,"Epazoyucan"
"022","OTROS ACTOS RELACIONADOS CON OTROS BIENES JURÍDICOS",1,"Epazoyucan"
"022","OTROS INCENDIOS",56,"Epazoyucan"
"022","OTROS INCIDENTES MÉDICOS CLINICOS",10,"Epazoyucan"
"022","OTROS INCIDENTES MÉDICOS TRAUMÁTICOS",5,"Epazoyucan"
"022","OTROS RESCATES",5,"Epazoyucan"
"022","OTROS TIPOS DE ALTERACIÓN AL ORDEN PÚBLICO",2,"Epazoyucan"
"022","PARO CARDIORRESPIRATORIO",1,"Epazoyucan"
"022","PELEA CLANDESTINA CON ANIMALES",1,"Epazoyucan"
"022","PERSONA AGRESIVA",81,"Epazoyucan"
"022","PERSONA DETENIDA",6,"Epazoyucan"
"022","PERSONA EN CRISIS POR TRASTORNO MENTAL",1,"Epazoyucan"
"022","PERSONA EN SITUACIÓN DE CALLE",1,"Epazoyucan"
"022","PERSONA EXHIBICIONISTA",1,"Epazoyucan"
"022","PERSONA INCONSCIENTE / URGENCIA NEUROLÓGICA",22,"Epazoyucan"
"022","PERSONA LOCALIZADA",4,"Epazoyucan"
"022","PERSONA NO LOCALIZADA",2,"Epazoyucan"
"022","PERSONA SOSPECHOSA",28,"Epazoyucan"
"022","PERSONA TIRADA EN VÍA PÚBLICA",9,"Epazoyucan"
"022","PORTACIÓN DE ARMAS O CARTUCHOS",7,"Epazoyucan"
"022","RESCATE ANIMAL",7,"Epazoyucan"
"022","RIÑA / PELEA CLANDESTINA",16,"Epazoyucan"
"022","ROBO A CASA HABITACIÓN SIN VIOLENCIA",8,"Epazoyucan"
"022","ROBO DE AUTOPARTES O ACCESORIOS",1,"Epazoyucan"
"022","ROBO DE COMBUSTIBLE",6,"Epazoyucan"
"022","ROBO DE GANADO",2,"Epazoyucan"
"022","ROBO DE VEHÍCULO PARTICULAR SIN VIOLENCIA",9,"Epazoyucan"
"022","RUIDO EXCESIVO",14,"Epazoyucan"
"022","SOLICITUD DE RONDÍN",2,"Epazoyucan"
"022","SUSTRACCIÓN DE MENORES",2,"Epazoyucan"
"022","TALA ILEGAL",2,"Epazoyucan"
"022","TENTATIVA DE ROBO",3,"Epazoyucan"
"022","TRABAJO DE PARTO",4,"Epazoyucan"
"022","TRAUMATISMO DE CRÁNEO",2,"Epazoyucan"
"022","TRAUMATISMO DE TÓRAX (PECHO Y/O ESPALDA)",1,"Epazoyucan"
"022","URGENCIA EN PACIENTE EMBARAZADA",2,"Epazoyucan"
"022","URGENCIA POR ENFERMEDAD GENERAL",12,"Epazoyucan"
"022","VEHÍCULO A EXCESO DE VELOCIDAD",12,"Epazoyucan"
"022","VEHÍCULO ABANDONADO",10,"Epazoyucan"
"022","VEHÍCULO DESCOMPUESTO",14,"Epazoyucan"
"022","VEHÍCULO EN HUIDA",7,"Epazoyucan"
"022","VEHÍCULO SOSPECHOSO",50,"Epazoyucan"
"022","VIALIDAD EN MAL ESTADO",1,"Epazoyucan"
"022","VIOLACIÓN",1,"Epazoyucan"
"022","VIOLENCIA CONTRA LA MUJER",17,"Epazoyucan"
"022","VIOLENCIA DE PAREJA",27,"Epazoyucan"
"022","VIOLENCIA FAMILIAR",41,"Epazoyucan"
"023","ABUSO DE CONFIANZA",2,"Francisco I. Madero"
"023","ABUSO SEXUAL",2,"Francisco I. Madero"
"023","ACCIDENTE DE MOTOCICLETA CON FALLECIDO",1,"Francisco I. Madero"
"023","ACCIDENTE DE MOTOCICLETA CON LESIONADOS",71,"Francisco I. Madero"
"023","ACCIDENTE DE TRÁNSITO SIN LESIONADOS",34,"Francisco I. Madero"
"023","ACCIDENTE DE VEHÍCULO AUTOMOTOR CON LESIONADOS",32,"Francisco I. Madero"
"023","ACCIDENTE MÚLTIPLE CON LESIONADOS",10,"Francisco I. Madero"
"023","ACOSO U HOSTIGAMIENTO SEXUAL",1,"Francisco I. Madero"
"023","AERONAVE SOSPECHOSA",2,"Francisco I. Madero"
"023","ALLANAMIENTO DE MORADA",14,"Francisco I. Madero"
"023","ALTERACIÓN DEL ORDEN PÚBLICO POR PERSONA ALCOHOLIZADA",21,"Francisco I. Madero"
"023","ALTERACIÓN DEL ORDEN PÚBLICO POR PERSONA DROGADA",3,"Francisco I. Madero"
"023","AMENAZA",1,"Francisco I. Madero"
"023","ANIMAL PELIGROSO",2,"Francisco I. Madero"
"023","APOYO A LA CIUDADANÍA",46,"Francisco I. Madero"
"023","APOYO A OTRO ESTADO",1,"Francisco I. Madero"
"023","ARRANCONES O CARRERAS DE VEHÍCULOS",12,"Francisco I. Madero"
"023","ATROPELLAMIENTO",8,"Francisco I. Madero"
"023","CABLES COLGANDO",1,"Francisco I. Madero"
"023","CAÍDA",25,"Francisco I. Madero"
"023","CONDUCTOR EBRIO",7,"Francisco I. Madero"
"023","CONSUMO DE ALCOHOL EN VÍA PÚBLICA",6,"Francisco I. Madero"
"023","CONSUMO DE DROGAS EN VÍA PÚBLICA",2,"Francisco I. Madero"
"023","CONTAMINACIÓN DE SUELO, AIRE Y AGUA",4,"Francisco I. Madero"
"023","CONVULSIONES",4,"Francisco I. Madero"
"023","CORTO CIRCUITO",6,"Francisco I. Madero"
"023","DAÑO A BIENES PÚBLICOS, INSTITUCIONES, MONUMENTOS, ENTRE OTROS",1,"Francisco I. Madero"
"023","DAÑO A PROPIEDAD AJENA",4,"Francisco I. Madero"
"023","DESCOMPENSACIÓN DE LA DIABETES/DESHIDRATACIÓN",2,"Francisco I. Madero"
"023","DETONACIÓN DE ARMA DE FUEGO",14,"Francisco I. Madero"
"023","DETONACIÓN DE COHETES O FUEGOS ARTIFICIALES",4,"Francisco I. Madero"
"023","DIFICULTAD RESPIRATORIA / URGENCIA RESPIRATORIA",5,"Francisco I. Madero"
"023","DOLOR ABDOMINAL / URGENCIA ABDOMINAL",2,"Francisco I. Madero"
"023","ENCHARCAMIENTO/ DESBORDAMIENTO DE RÍO",1,"Francisco I. Madero"
"023","ENJAMBRE DE ABEJAS",3,"Francisco I. Madero"
"023","EXPLOSIÓN",3,"Francisco I. Madero"
"023","EXTORSIÓN",3,"Francisco I. Madero"
"023","EXTORSIÓN TELEFÓNICA",11,"Francisco I. Madero"
"023","FALLECIDO DE CAUSA NATURAL",5,"Francisco I. Madero"
"023","FALLECIDO DE CAUSA TRAUMÁTICA",3,"Francisco I. Madero"
"023","FRACTURADO/TRAUMATISMO DE EXTREMIDADES",4,"Francisco I. Madero"
"023","FUGAS Y DERRAMES DE SUSTANCIAS QUÍMICAS",4,"Francisco I. Madero"
"023","HEMORRAGIA",1,"Francisco I. Madero"
"023","INCENDIO DE CASA HABITACIÓN",2,"Francisco I. Madero"
"023","INCENDIO DE VEHÍCULO",5,"Francisco I. Madero"
"023","INCENDIO FORESTAL",4,"Francisco I. Madero"
"023","INFARTO / URGENCIA CARDIOLÓGICA",1,"Francisco I. Madero"
"023","INFARTO CEREBRAL",1,"Francisco I. Madero"
"023","INTOXICACIÓN / SOBREDOSIS / ENVENENAMIENTO POR SUSTANCIAS",2,"Francisco I. Madero"
"023","INTOXICACIÓN ETÍLICA",1,"Francisco I. Madero"
"023","INUNDACIONES",2,"Francisco I. Madero"
"023","LESIONADO POR ARMA BLANCA",1,"Francisco I. Madero"
"023","MALTRATO DE ANIMALES",3,"Francisco I. Madero"
"023","MORDEDURA DE ANIMAL",3,"Francisco I. Madero"
"023","NOTIFICACIÓN DE CIBER INCIDENTE",7,"Francisco I. Madero"
"023","OBJETO SOSPECHOSO O PELIGROSO",2,"Francisco I. Madero"
"023","OTRAS ALARMAS DE EMERGENCIAS ACTIVADAS",20,"Francisco I. Madero"
"023","OTRAS FALTAS AL REGLAMENTO DE TRÁNSITO",9,"Francisco I. Madero"
"023","OTROS ACCIDENTES CON LESIONADOS",1,"Francisco I. Madero"
"023","OTROS ACTOS RELACIONADOS CON EL PATRIMONIO",8,"Francisco I. Madero"
"023","OTROS ACTOS RELACIONADOS CON LA FAMILIA",7,"Francisco I. Madero"
"023","OTROS ACTOS RELACIONADOS CON LA LIBERTAD PERSONAL",14,"Francisco I. Madero"
"023","OTROS ACTOS RELACIONADOS CON OTROS BIENES JURÍDICOS",1,"Francisco I. Madero"
"023","OTROS INCENDIOS",48,"Francisco I. Madero"
"023","OTROS INCIDENTES MÉDICOS CLINICOS",9,"Francisco I. Madero"
"023","OTROS INCIDENTES MÉDICOS TRAUMÁTICOS",9,"Francisco I. Madero"
"023","OTROS TIPOS DE ALTERACIÓN AL ORDEN PÚBLICO",3,"Francisco I. Madero"
"023","PERSONA AGRESIVA",78,"Francisco I. Madero"
"023","PERSONA DETENIDA",6,"Francisco I. Madero"
"023","PERSONA EN CRISIS POR TRASTORNO MENTAL",1,"Francisco I. Madero"
"023","PERSONA EN SITUACIÓN DE CALLE",1,"Francisco I. Madero"
"023","PERSONA INCONSCIENTE / URGENCIA NEUROLÓGICA",13,"Francisco I. Madero"
"023","PERSONA LOCALIZADA",1,"Francisco I. Madero"
"023","PERSONA NO LOCALIZADA",4,"Francisco I. Madero"
"023","PERSONA SOSPECHOSA",24,"Francisco I. Madero"
"023","PERSONA TIRADA EN VÍA PÚBLICA",11,"Francisco I. Madero"
"023","PORTACIÓN DE ARMAS O CARTUCHOS",10,"Francisco I. Madero"
"023","QUEMADURAS",1,"Francisco I. Madero"
"023","RIÑA / PELEA CLANDESTINA",39,"Francisco I. Madero"
"023","ROBO A CASA HABITACIÓN SIN VIOLENCIA",6,"Francisco I. Madero"
"023","ROBO A NEGOCIO SIN VIOLENCIA",1,"Francisco I. Madero"
"023","ROBO DE COMBUSTIBLE",2,"Francisco I. Madero"
"023","ROBO DE VEHÍCULO PARTICULAR SIN VIOLENCIA",32,"Francisco I. Madero"
"023","RUIDO EXCESIVO",20,"Francisco I. Madero"
"023","SOLICITUD DE RONDÍN",2,"Francisco I. Madero"
"023","SUICIDIO",3,"Francisco I. Madero"
"023","SUSTRACCIÓN DE MENORES",1,"Francisco I. Madero"
"023","TALA ILEGAL",2,"Francisco I. Madero"
"023","TENTATIVA DE ROBO",5,"Francisco I. Madero"
"023","TRAUMATISMOS MÚLTIPLES",2,"Francisco I. Madero"
"023","TRÁFICO DE DROGAS Y ESTUPEFACIENTES EN VÍA PÚBLICA",1,"Francisco I. Madero"
"023","URGENCIA POR ENFERMEDAD GENERAL",9,"Francisco I. Madero"
"023","VEHÍCULO A EXCESO DE VELOCIDAD",7,"Francisco I. Madero"
"023","VEHÍCULO ABANDONADO",2,"Francisco I. Madero"
"023","VEHÍCULO DESCOMPUESTO",3,"Francisco I. Madero"
"023","VEHÍCULO EN HUIDA",3,"Francisco I. Madero"
"023","VEHÍCULO RECUPERADO",3,"Francisco I. Madero"
"023","VEHÍCULO SOSPECHOSO",26,"Francisco I. Madero"
"023","VIOLENCIA CONTRA LA MUJER",10,"Francisco I. Madero"
"023","VIOLENCIA DE PAREJA",27,"Francisco I. Madero"
"023","VIOLENCIA FAMILIAR",50,"Francisco I. Madero"
"023","ÁRBOL CAÍDO O POR CAER",4,"Francisco I. Madero"
"024","ABUSO DE CONFIANZA",3,"Huasca de Ocampo"
"024","ACCIDENTE DE MOTOCICLETA CON FALLECIDO",1,"Huasca de Ocampo"
"024","ACCIDENTE DE MOTOCICLETA CON LESIONADOS",16,"Huasca de Ocampo"
"024","ACCIDENTE DE TRÁNSITO SIN LESIONADOS",12,"Huasca de Ocampo"
"024","ACCIDENTE DE VEHÍCULO AUTOMOTOR CON FALLECIDO",1,"Huasca de Ocampo"
"024","ACCIDENTE DE VEHÍCULO AUTOMOTOR CON LESIONADOS",19,"Huasca de Ocampo"
"024","ACCIDENTE DE VEHÍCULO DE PASAJEROS CON LESIONADOS",1,"Huasca de Ocampo"
"024","ACCIDENTE MÚLTIPLE CON LESIONADOS",3,"Huasca de Ocampo"
"024","ALCANTARILLA SIN TAPA",1,"Huasca de Ocampo"
"024","ALLANAMIENTO DE MORADA",10,"Huasca de Ocampo"
"024","ALTERACIÓN DEL ORDEN PÚBLICO POR PERSONA ALCOHOLIZADA",7,"Huasca de Ocampo"
"024","AMENAZA",1,"Huasca de Ocampo"
"024","AMENAZA DE SUICIDIO",2,"Huasca de Ocampo"
"024","ANIMALES SUELTOS",1,"Huasca de Ocampo"
"024","APOYO A LA CIUDADANÍA",26,"Huasca de Ocampo"
"024","ARRANCONES O CARRERAS DE VEHÍCULOS",1,"Huasca de Ocampo"
"024","CABLES COLGANDO",2,"Huasca de Ocampo"
"024","CAÍDA",11,"Huasca de Ocampo"
"024","CAÍDA DE POSTE",1,"Huasca de Ocampo"
"024","CONDUCTOR EBRIO",1,"Huasca de Ocampo"
"024","CONSUMO DE ALCOHOL EN VÍA PÚBLICA",2,"Huasca de Ocampo"
"024","CONSUMO DE DROGAS EN VÍA PÚBLICA",1,"Huasca de Ocampo"
"024","CONTAMINACIÓN DE SUELO, AIRE Y AGUA",2,"Huasca de Ocampo"
"024","CONVULSIONES",5,"Huasca de Ocampo"
"024","DAÑO A BIENES PÚBLICOS, INSTITUCIONES, MONUMENTOS, ENTRE OTROS",2,"Huasca de Ocampo"
"024","DAÑO A PROPIEDAD AJENA",1,"Huasca de Ocampo"
"024","DESCOMPENSACIÓN DE LA DIABETES/DESHIDRATACIÓN",3,"Huasca de Ocampo"
"024","DETONACIÓN DE ARMA DE FUEGO",19,"Huasca de Ocampo"
"024","DIFICULTAD RESPIRATORIA / URGENCIA RESPIRATORIA",4,"Huasca de Ocampo"
"024","DOLOR ABDOMINAL / URGENCIA ABDOMINAL",1,"Huasca de Ocampo"
"024","ENJAMBRE DE ABEJAS",1,"Huasca de Ocampo"
"024","EXTORSIÓN TELEFÓNICA",2,"Huasca de Ocampo"
"024","FALLECIDO DE CAUSA NATURAL",4,"Huasca de Ocampo"
"024","FALLECIDO DE CAUSA TRAUMÁTICA",1,"Huasca de Ocampo"
"024","FRACTURADO/TRAUMATISMO DE EXTREMIDADES",1,"Huasca de Ocampo"
"024","FUGAS Y DERRAMES DE SUSTANCIAS QUÍMICAS",5,"Huasca de Ocampo"
"024","INCENDIO DE CASA HABITACIÓN",2,"Huasca de Ocampo"
"024","INCENDIO DE VEHÍCULO",2,"Huasca de Ocampo"
"024","INCENDIO FORESTAL",6,"Huasca de Ocampo"
"024","INFARTO / URGENCIA CARDIOLÓGICA",1,"Huasca de Ocampo"
"024","INTOXICACIÓN ETÍLICA",2,"Huasca de Ocampo"
"024","MALTRATO INFANTIL",1,"Huasca de Ocampo"
"024","NOTIFICACIÓN DE CIBER INCIDENTE",2,"Huasca de Ocampo"
"024","OTRAS ALARMAS DE EMERGENCIAS ACTIVADAS",40,"Huasca de Ocampo"
"024","OTRAS FALTAS AL REGLAMENTO DE TRÁNSITO",7,"Huasca de Ocampo"
"024","OTROS ACTOS RELACIONADOS CON EL PATRIMONIO",2,"Huasca de Ocampo"
"024","OTROS ACTOS RELACIONADOS CON LA FAMILIA",5,"Huasca de Ocampo"
"024","OTROS ACTOS RELACIONADOS CON LA LIBERTAD PERSONAL",1,"Huasca de Ocampo"
"024","OTROS INCENDIOS",32,"Huasca de Ocampo"
"024","OTROS INCIDENTES MÉDICOS CLINICOS",5,"Huasca de Ocampo"
"024","OTROS INCIDENTES MÉDICOS TRAUMÁTICOS",6,"Huasca de Ocampo"
"024","OTROS RESCATES",7,"Huasca de Ocampo"
"024","OTROS TIPOS DE ALTERACIÓN AL ORDEN PÚBLICO",3,"Huasca de Ocampo"
"024","PERSONA AGRESIVA",33,"Huasca de Ocampo"
"024","PERSONA DETENIDA",1,"Huasca de Ocampo"
"024","PERSONA EN SITUACIÓN DE CALLE",1,"Huasca de Ocampo"
"024","PERSONA EXHIBICIONISTA",2,"Huasca de Ocampo"
"024","PERSONA INCONSCIENTE / URGENCIA NEUROLÓGICA",7,"Huasca de Ocampo"
"024","PERSONA LOCALIZADA",3,"Huasca de Ocampo"
"024","PERSONA SOSPECHOSA",12,"Huasca de Ocampo"
"024","PERSONA TIRADA EN VÍA PÚBLICA",5,"Huasca de Ocampo"
"024","PORTACIÓN DE ARMAS O CARTUCHOS",10,"Huasca de Ocampo"
"024","QUEMA AGROPECUARIA",1,"Huasca de Ocampo"
"024","RESCATE ANIMAL",3,"Huasca de Ocampo"
"024","RIÑA / PELEA CLANDESTINA",13,"Huasca de Ocampo"
"024","ROBO A CASA HABITACIÓN SIN VIOLENCIA",2,"Huasca de Ocampo"
"024","ROBO DE COMBUSTIBLE",1,"Huasca de Ocampo"
"024","ROBO DE VEHÍCULO PARTICULAR SIN VIOLENCIA",12,"Huasca de Ocampo"
"024","RUIDO EXCESIVO",6,"Huasca de Ocampo"
"024","SOLICITUD DE RONDÍN",6,"Huasca de Ocampo"
"024","SUICIDIO",2,"Huasca de Ocampo"
"024","TALA ILEGAL",2,"Huasca de Ocampo"
"024","TENTATIVA DE ROBO",5,"Huasca de Ocampo"
"024","TRABAJO DE PARTO",2,"Huasca de Ocampo"
"024","TRAUMATISMO DE CRÁNEO",1,"Huasca de Ocampo"
"024","TRÁFICO DE MADERA",1,"Huasca de Ocampo"
"024","URGENCIA EN PACIENTE EMBARAZADA",1,"Huasca de Ocampo"
"024","URGENCIA POR ENFERMEDAD GENERAL",8,"Huasca de Ocampo"
"024","VEHÍCULO A EXCESO DE VELOCIDAD",5,"Huasca de Ocampo"
"024","VEHÍCULO ABANDONADO",2,"Huasca de Ocampo"
"024","VEHÍCULO DESCOMPUESTO",7,"Huasca de Ocampo"
"024","VEHÍCULO EN HUIDA",1,"Huasca de Ocampo"
"024","VEHÍCULO SOSPECHOSO",16,"Huasca de Ocampo"
"024","VIALIDAD EN MAL ESTADO",1,"Huasca de Ocampo"
"024","VIOLENCIA CONTRA LA MUJER",4,"Huasca de Ocampo"
"024","VIOLENCIA DE PAREJA",16,"Huasca de Ocampo"
"024","VIOLENCIA FAMILIAR",16,"Huasca de Ocampo"
"025","ABUSO DE CONFIANZA",1,"Huautla"
"025","ACCIDENTE DE MOTOCICLETA CON LESIONADOS",3,"Huautla"
"025","ACCIDENTE DE TRÁNSITO SIN LESIONADOS",2,"Huautla"
"025","ALLANAMIENTO DE MORADA",1,"Huautla"
"025","ALTERACIÓN DEL ORDEN PÚBLICO POR PERSONA ALCOHOLIZADA",2,"Huautla"
"025","APOYO A LA CIUDADANÍA",3,"Huautla"
"025","ATROPELLAMIENTO",1,"Huautla"
"025","CAÍDA",1,"Huautla"
"025","DETONACIÓN DE ARMA DE FUEGO",1,"Huautla"
"025","FALLECIDO DE CAUSA TRAUMÁTICA",1,"Huautla"
"025","INCENDIO DE CASA HABITACIÓN",1,"Huautla"
"025","INCENDIO DE VEHÍCULO",1,"Huautla"
"025","MALTRATO INFANTIL",1,"Huautla"
"025","NOTIFICACIÓN DE CIBER INCIDENTE",2,"Huautla"
"025","OLORES FÉTIDOS",2,"Huautla"
"025","OTRAS ALARMAS DE EMERGENCIAS ACTIVADAS",19,"Huautla"
"025","OTROS INCENDIOS",1,"Huautla"
"025","OTROS INCIDENTES MÉDICOS CLINICOS",1,"Huautla"
"025","OTROS INCIDENTES MÉDICOS TRAUMÁTICOS",1,"Huautla"
"025","PERSONA AGRESIVA",2,"Huautla"
"025","RIÑA / PELEA CLANDESTINA",2,"Huautla"
"025","RUIDO EXCESIVO",1,"Huautla"
"025","TENTATIVA DE ROBO",1,"Huautla"
"025","VIOLENCIA CONTRA LA MUJER",2,"Huautla"
"025","VIOLENCIA DE PAREJA",4,"Huautla"
"025","VIOLENCIA FAMILIAR",5,"Huautla"
"026","ACCIDENTE DE MOTOCICLETA CON LESIONADOS",1,"Huazalingo"
"026","INTOXICACIÓN ETÍLICA",1,"Huazalingo"
"026","OTRAS ALARMAS DE EMERGENCIAS ACTIVADAS",5,"Huazalingo"
"026","OTROS INCENDIOS",1,"Huazalingo"
"026","PERSONA AGRESIVA",4,"Huazalingo"
"026","PERSONA DETENIDA",1,"Huazalingo"
"026","RIÑA / PELEA CLANDESTINA",1,"Huazalingo"
"026","ROBO DE VEHÍCULO PARTICULAR SIN VIOLENCIA",2,"Huazalingo"
"026","URGENCIA POR ENFERMEDAD GENERAL",1,"Huazalingo"
"026","VIOLENCIA DE PAREJA",2,"Huazalingo"
"026","VIOLENCIA FAMILIAR",4,"Huazalingo"
"027","ABUSO DE CONFIANZA",1,"Huehuetla"
"027","ACCIDENTE DE MOTOCICLETA CON LESIONADOS",2,"Huehuetla"
"027","ACCIDENTE DE TRÁNSITO SIN LESIONADOS",1,"Huehuetla"
"027","ACCIDENTE DE VEHÍCULO AUTOMOTOR CON LESIONADOS",2,"Huehuetla"
"027","ACCIDENTE DE VEHÍCULO DE PASAJEROS CON LESIONADOS",1,"Huehuetla"
"027","ALLANAMIENTO DE MORADA",1,"Huehuetla"
"027","ALTERACIÓN DEL ORDEN PÚBLICO POR PERSONA ALCOHOLIZADA",1,"Huehuetla"
"027","ALTERACIÓN DEL ORDEN PÚBLICO POR PERSONA DROGADA",1,"Huehuetla"
"027","AMENAZA DE SUICIDIO",1,"Huehuetla"
"027","APOYO A LA CIUDADANÍA",5,"Huehuetla"
"027","APOYO A OTRO ESTADO",1,"Huehuetla"
"027","CONTAMINACIÓN DE SUELO, AIRE Y AGUA",1,"Huehuetla"
"027","DETONACIÓN DE ARMA DE FUEGO",1,"Huehuetla"
"027","EXTORSIÓN",1,"Huehuetla"
"027","EXTORSIÓN TELEFÓNICA",1,"Huehuetla"
"027","HEMORRAGIA",1,"Huehuetla"
"027","INTOXICACIÓN / SOBREDOSIS / ENVENENAMIENTO POR SUSTANCIAS",1,"Huehuetla"
"027","INUNDACIONES",1,"Huehuetla"
"027","MENOR EXTRAVIADO",1,"Huehuetla"
"027","NOTIFICACIÓN DE CIBER INCIDENTE",1,"Huehuetla"
"027","OTRAS ALARMAS DE EMERGENCIAS ACTIVADAS",80,"Huehuetla"
"027","OTRAS FALTAS AL REGLAMENTO DE TRÁNSITO",1,"Huehuetla"
"027","OTROS ACTOS RELACIONADOS CON LA LIBERTAD PERSONAL",1,"Huehuetla"
"027","OTROS INCENDIOS",1,"Huehuetla"
"027","PERSONA AGRESIVA",1,"Huehuetla"
"027","PERSONA NO LOCALIZADA",3,"Huehuetla"
"027","PERSONA SOSPECHOSA",3,"Huehuetla"
"027","PORTACIÓN DE ARMAS O CARTUCHOS",1,"Huehuetla"
"027","RIÑA / PELEA CLANDESTINA",1,"Huehuetla"
"027","ROBO DE VEHÍCULO PARTICULAR SIN VIOLENCIA",2,"Huehuetla"
"027","RUIDO EXCESIVO",1,"Huehuetla"
"027","URGENCIA POR ENFERMEDAD GENERAL",1,"Huehuetla"
"027","VEHÍCULO EN HUIDA",1,"Huehuetla"
"027","VEHÍCULO RECUPERADO",1,"Huehuetla"
"027","VIOLENCIA CONTRA LA MUJER",1,"Huehuetla"
"027","VIOLENCIA DE PAREJA",2,"Huehuetla"
"027","VIOLENCIA FAMILIAR",3,"Huehuetla"
"028","ABANDONO DE PERSONA",1,"Huejutla de Reyes"
"028","ABUSO DE CONFIANZA",2,"Huejutla de Reyes"
"028","ABUSO SEXUAL",3,"Huejutla de Reyes"
"028","ACCIDENTE DE MOTOCICLETA CON FALLECIDO",1,"Huejutla de Reyes"
"028","ACCIDENTE DE MOTOCICLETA CON LESIONADOS",66,"Huejutla de Reyes"
"028","ACCIDENTE DE TRÁNSITO SIN LESIONADOS",66,"Huejutla de Reyes"
"028","ACCIDENTE DE VEHÍCULO AUTOMOTOR CON LESIONADOS",22,"Huejutla de Reyes"
"028","ACCIDENTE DE VEHÍCULO DE PASAJEROS CON LESIONADOS",5,"Huejutla de Reyes"
"028","ACCIDENTE MÚLTIPLE CON LESIONADOS",4,"Huejutla de Reyes"
"028","ACOSO U HOSTIGAMIENTO SEXUAL",2,"Huejutla de Reyes"
"028","AFECTACIÓN DE LOS SERVICIOS BÁSICOS O DE INFRAESTRUCTURA ESTRATÉGICA",1,"Huejutla de Reyes"
"028","ALLANAMIENTO DE MORADA",33,"Huejutla de Reyes"
"028","ALTERACIÓN DEL ORDEN PÚBLICO POR PERSONA ALCOHOLIZADA",84,"Huejutla de Reyes"
"028","ALTERACIÓN DEL ORDEN PÚBLICO POR PERSONA DROGADA",13,"Huejutla de Reyes"
"028","AMENAZA",9,"Huejutla de Reyes"
"028","AMENAZA DE SUICIDIO",10,"Huejutla de Reyes"
"028","AMPUTACIÓN",1,"Huejutla de Reyes"
"028","ANIMAL MUERTO",1,"Huejutla de Reyes"
"028","ANIMAL PELIGROSO",9,"Huejutla de Reyes"
"028","ANIMALES SUELTOS",5,"Huejutla de Reyes"
"028","APOYO A LA CIUDADANÍA",97,"Huejutla de Reyes"
"028","APOYO A OTRO ESTADO",5,"Huejutla de Reyes"
"028","ARRANCONES O CARRERAS DE VEHÍCULOS",1,"Huejutla de Reyes"
"028","ASFIXIA",1,"Huejutla de Reyes"
"028","ATAQUES AL PUDOR",3,"Huejutla de Reyes"
"028","ATROPELLAMIENTO",19,"Huejutla de Reyes"
"028","CABLES COLGANDO",9,"Huejutla de Reyes"
"028","CAÍDA",40,"Huejutla de Reyes"
"028","CAÍDA DE POSTE",2,"Huejutla de Reyes"
"028","CONCENTRACIÓN PACÍFICA DE PERSONAS",1,"Huejutla de Reyes"
"028","CONDUCTOR EBRIO",16,"Huejutla de Reyes"
"028","CONSUMO DE ALCOHOL EN VÍA PÚBLICA",15,"Huejutla de Reyes"
"028","CONSUMO DE DROGAS EN VÍA PÚBLICA",5,"Huejutla de Reyes"
"028","CONTAMINACIÓN DE SUELO, AIRE Y AGUA",1,"Huejutla de Reyes"
"028","CONVULSIONES",14,"Huejutla de Reyes"
"028","CORTO CIRCUITO",27,"Huejutla de Reyes"
"028","DAÑO A BIENES PÚBLICOS, INSTITUCIONES, MONUMENTOS, ENTRE OTROS",1,"Huejutla de Reyes"
"028","DAÑO A PROPIEDAD AJENA",6,"Huejutla de Reyes"
"028","DESCOMPENSACIÓN DE LA DIABETES/DESHIDRATACIÓN",8,"Huejutla de Reyes"
"028","DETONACIÓN DE ARMA DE FUEGO",24,"Huejutla de Reyes"
"028","DETONACIÓN DE COHETES O FUEGOS ARTIFICIALES",3,"Huejutla de Reyes"
"028","DIFICULTAD RESPIRATORIA / URGENCIA RESPIRATORIA",13,"Huejutla de Reyes"
"028","DOLOR ABDOMINAL / URGENCIA ABDOMINAL",3,"Huejutla de Reyes"
"028","ELECTROCUTADO/LESIÓN POR CORRIENTE ELÉCTRICA",3,"Huejutla de Reyes"
"028","ENJAMBRE DE ABEJAS",14,"Huejutla de Reyes"
"028","ENVENENAMIENTO POR ANIMAL DE PONZOÑA",1,"Huejutla de Reyes"
"028","ESTUPRO",1,"Huejutla de Reyes"
"028","EXTORSIÓN",3,"Huejutla de Reyes"
"028","EXTORSIÓN TELEFÓNICA",16,"Huejutla de Reyes"
"028","FALLAS DE SEMÁFORO",2,"Huejutla de Reyes"
"028","FALLECIDO DE CAUSA NATURAL",2,"Huejutla de Reyes"
"028","FALLECIDO DE CAUSA TRAUMÁTICA",5,"Huejutla de Reyes"
"028","FRACTURADO/TRAUMATISMO DE EXTREMIDADES",1,"Huejutla de Reyes"
"028","FRAUDE",1,"Huejutla de Reyes"
"028","FUGAS Y DERRAMES DE SUSTANCIAS QUÍMICAS",9,"Huejutla de Reyes"
"028","GASES TÓXICOS",1,"Huejutla de Reyes"
"028","HEMORRAGIA",2,"Huejutla de Reyes"
"028","INCENDIO DE CASA HABITACIÓN",19,"Huejutla de Reyes"
"028","INCENDIO DE COMERCIO",1,"Huejutla de Reyes"
"028","INCENDIO DE EDIFICIO",1,"Huejutla de Reyes"
"028","INCENDIO DE VEHÍCULO",4,"Huejutla de Reyes"
"028","INCENDIO FORESTAL",2,"Huejutla de Reyes"
"028","INFARTO / URGENCIA CARDIOLÓGICA",1,"Huejutla de Reyes"
"028","INFARTO CEREBRAL",1,"Huejutla de Reyes"
"028","INTOXICACIÓN / SOBREDOSIS / ENVENENAMIENTO POR SUSTANCIAS",5,"Huejutla de Reyes"
"028","INTOXICACIÓN ETÍLICA",5,"Huejutla de Reyes"
"028","LESIONADO POR ARMA BLANCA",4,"Huejutla de Reyes"
"028","MALTRATO DE ANIMALES",4,"Huejutla de Reyes"
"028","MALTRATO INFANTIL",6,"Huejutla de Reyes"
"028","MANIFESTACIÓN CON DISTURBIOS O BLOQUEOS",2,"Huejutla de Reyes"
"028","MENOR EXTRAVIADO",5,"Huejutla de Reyes"
"028","MORDEDURA DE ANIMAL",2,"Huejutla de Reyes"
"028","NOTIFICACIÓN DE CIBER INCIDENTE",14,"Huejutla de Reyes"
"028","OBJETO SOSPECHOSO O PELIGROSO",1,"Huejutla de Reyes"
"028","OTRAS ALARMAS DE EMERGENCIAS ACTIVADAS",248,"Huejutla de Reyes"
"028","OTRAS FALTAS AL REGLAMENTO DE TRÁNSITO",24,"Huejutla de Reyes"
"028","OTROS ACCIDENTES CON LESIONADOS",1,"Huejutla de Reyes"
"028","OTROS ACTOS RELACIONADOS CON EL PATRIMONIO",7,"Huejutla de Reyes"
"028","OTROS ACTOS RELACIONADOS CON LA FAMILIA",39,"Huejutla de Reyes"
"028","OTROS ACTOS RELACIONADOS CON LA LIBERTAD PERSONAL",6,"Huejutla de Reyes"
"028","OTROS ACTOS RELACIONADOS CON LA LIBERTAD Y LA SEGURIDAD SEXUAL",3,"Huejutla de Reyes"
"028","OTROS ACTOS RELACIONADOS CON OTROS BIENES JURÍDICOS",2,"Huejutla de Reyes"
"028","OTROS INCENDIOS",39,"Huejutla de Reyes"
"028","OTROS INCIDENTES MÉDICOS CLINICOS",9,"Huejutla de Reyes"
"028","OTROS INCIDENTES MÉDICOS TRAUMÁTICOS",12,"Huejutla de Reyes"
"028","OTROS RESCATES",11,"Huejutla de Reyes"
"028","OTROS TIPOS DE ALTERACIÓN AL ORDEN PÚBLICO",9,"Huejutla de Reyes"
"028","PARO CARDIORRESPIRATORIO",1,"Huejutla de Reyes"
"028","PERSONA AGRESIVA",177,"Huejutla de Reyes"
"028","PERSONA DETENIDA",8,"Huejutla de Reyes"
"028","PERSONA EN CRISIS POR TRASTORNO MENTAL",2,"Huejutla de Reyes"
"028","PERSONA EN SITUACIÓN DE CALLE",1,"Huejutla de Reyes"
"028","PERSONA EXHIBICIONISTA",8,"Huejutla de Reyes"
"028","PERSONA INCONSCIENTE / URGENCIA NEUROLÓGICA",39,"Huejutla de Reyes"
"028","PERSONA LOCALIZADA",7,"Huejutla de Reyes"
"028","PERSONA NO LOCALIZADA",7,"Huejutla de Reyes"
"028","PERSONA SOSPECHOSA",51,"Huejutla de Reyes"
"028","PERSONA TIRADA EN VÍA PÚBLICA",31,"Huejutla de Reyes"
"028","PORTACIÓN DE ARMAS O CARTUCHOS",21,"Huejutla de Reyes"
"028","RESCATE ANIMAL",3,"Huejutla de Reyes"
"028","RIÑA / PELEA CLANDESTINA",67,"Huejutla de Reyes"
"028","ROBO A CASA HABITACIÓN SIN VIOLENCIA",3,"Huejutla de Reyes"
"028","ROBO A NEGOCIO SIN VIOLENCIA",3,"Huejutla de Reyes"
"028","ROBO A TRANSEÚNTE SIN VIOLENCIA",2,"Huejutla de Reyes"
"028","ROBO A TRANSPORTISTA SIN VIOLENCIA",1,"Huejutla de Reyes"
"028","ROBO DE VEHÍCULO PARTICULAR SIN VIOLENCIA",15,"Huejutla de Reyes"
"028","RUIDO EXCESIVO",59,"Huejutla de Reyes"
"028","SOLICITUD DE RONDÍN",6,"Huejutla de Reyes"
"028","SUICIDIO",2,"Huejutla de Reyes"
"028","SUSTRACCIÓN DE MENORES",2,"Huejutla de Reyes"
"028","TALA ILEGAL",1,"Huejutla de Reyes"
"028","TENTATIVA DE ROBO",5,"Huejutla de Reyes"
"028","TRABAJO DE PARTO",4,"Huejutla de Reyes"
"028","TRAUMATISMO DE CRÁNEO",2,"Huejutla de Reyes"
"028","URGENCIA EN PACIENTE EMBARAZADA",1,"Huejutla de Reyes"
"028","URGENCIA POR ENFERMEDAD GENERAL",19,"Huejutla de Reyes"
"028","VEHÍCULO A EXCESO DE VELOCIDAD",2,"Huejutla de Reyes"
"028","VEHÍCULO ABANDONADO",12,"Huejutla de Reyes"
"028","VEHÍCULO DESCOMPUESTO",4,"Huejutla de Reyes"
"028","VEHÍCULO EN HUIDA",12,"Huejutla de Reyes"
"028","VEHÍCULO SOSPECHOSO",34,"Huejutla de Reyes"
"028","VIOLENCIA CONTRA LA MUJER",36,"Huejutla de Reyes"
"028","VIOLENCIA DE PAREJA",127,"Huejutla de Reyes"
"028","VIOLENCIA FAMILIAR",174,"Huejutla de Reyes"
"028","ÁRBOL CAÍDO O POR CAER",3,"Huejutla de Reyes"
"029","ABUSO DE CONFIANZA",4,"Huichapan"
"029","ABUSO SEXUAL",1,"Huichapan"
"029","ACCIDENTE DE MOTOCICLETA CON LESIONADOS",30,"Huichapan"
"029","ACCIDENTE DE TRÁNSITO SIN LESIONADOS",62,"Huichapan"
"029","ACCIDENTE DE VEHÍCULO AUTOMOTOR CON FALLECIDO",4,"Huichapan"
"029","ACCIDENTE DE VEHÍCULO AUTOMOTOR CON LESIONADOS",72,"Huichapan"
"029","ACCIDENTE DE VEHÍCULO DE PASAJEROS CON LESIONADOS",5,"Huichapan"
"029","ACCIDENTE FERROVIARIO CON FALLECIDO",1,"Huichapan"
"029","ACCIDENTE MÚLTIPLE CON FALLECIDO",1,"Huichapan"
"029","ACCIDENTE MÚLTIPLE CON LESIONADOS",21,"Huichapan"
"029","ACOSO U HOSTIGAMIENTO SEXUAL",2,"Huichapan"
"029","ALLANAMIENTO DE MORADA",24,"Huichapan"
"029","ALTERACIÓN DEL ORDEN PÚBLICO POR PERSONA ALCOHOLIZADA",48,"Huichapan"
"029","ALTERACIÓN DEL ORDEN PÚBLICO POR PERSONA DROGADA",4,"Huichapan"
"029","AMENAZA",3,"Huichapan"
"029","AMENAZA DE SUICIDIO",2,"Huichapan"
"029","ANIMAL MUERTO",1,"Huichapan"
"029","ANIMAL PELIGROSO",7,"Huichapan"
"029","ANIMALES SUELTOS",2,"Huichapan"
"029","APOYO A LA CIUDADANÍA",67,"Huichapan"
"029","APOYO A OTRO ESTADO",2,"Huichapan"
"029","ARRANCONES O CARRERAS DE VEHÍCULOS",7,"Huichapan"
"029","ATROPELLAMIENTO",5,"Huichapan"
"029","CABLES COLGANDO",2,"Huichapan"
"029","CAÍDA",23,"Huichapan"
"029","CIRCULAR EN SENTIDO CONTRARIO",1,"Huichapan"
"029","CONDUCTOR EBRIO",7,"Huichapan"
"029","CONSUMO DE ALCOHOL EN VÍA PÚBLICA",11,"Huichapan"
"029","CONSUMO DE DROGAS EN VÍA PÚBLICA",1,"Huichapan"
"029","CONVULSIONES",16,"Huichapan"
"029","CORTO CIRCUITO",5,"Huichapan"
"029","DAÑO A BIENES PÚBLICOS, INSTITUCIONES, MONUMENTOS, ENTRE OTROS",1,"Huichapan"
"029","DAÑO A PROPIEDAD AJENA",11,"Huichapan"
"029","DESCOMPENSACIÓN DE LA DIABETES/DESHIDRATACIÓN",1,"Huichapan"
"029","DETONACIÓN DE ARMA DE FUEGO",24,"Huichapan"
"029","DETONACIÓN DE COHETES O FUEGOS ARTIFICIALES",9,"Huichapan"
"029","DIFICULTAD RESPIRATORIA / URGENCIA RESPIRATORIA",6,"Huichapan"
"029","DOLOR ABDOMINAL / URGENCIA ABDOMINAL",5,"Huichapan"
"029","ENCHARCAMIENTO/ DESBORDAMIENTO DE RÍO",1,"Huichapan"
"029","ENJAMBRE DE ABEJAS",2,"Huichapan"
"029","EXTORSIÓN",4,"Huichapan"
"029","EXTORSIÓN TELEFÓNICA",6,"Huichapan"
"029","FALLECIDO DE CAUSA NATURAL",6,"Huichapan"
"029","FALLECIDO DE CAUSA TRAUMÁTICA",1,"Huichapan"
"029","FRACTURADO/TRAUMATISMO DE EXTREMIDADES",2,"Huichapan"
"029","FRAUDE",1,"Huichapan"
"029","FUGAS Y DERRAMES DE SUSTANCIAS QUÍMICAS",3,"Huichapan"
"029","GASES TÓXICOS",1,"Huichapan"
"029","HEMORRAGIA",4,"Huichapan"
"029","HIPOTERMIA",1,"Huichapan"
"029","INCENDIO DE CASA HABITACIÓN",2,"Huichapan"
"029","INCENDIO DE COMERCIO",1,"Huichapan"
"029","INCENDIO DE VEHÍCULO",7,"Huichapan"
"029","INCENDIO FORESTAL",4,"Huichapan"
"029","INFARTO / URGENCIA CARDIOLÓGICA",3,"Huichapan"
"029","INTOXICACIÓN / SOBREDOSIS / ENVENENAMIENTO POR SUSTANCIAS",5,"Huichapan"
"029","INTOXICACIÓN ETÍLICA",5,"Huichapan"
"029","INUNDACIONES",4,"Huichapan"
"029","MALTRATO DE ANIMALES",2,"Huichapan"
"029","MALTRATO INFANTIL",4,"Huichapan"
"029","MANIFESTACIÓN CON DISTURBIOS O BLOQUEOS",1,"Huichapan"
"029","NOTIFICACIÓN DE CIBER INCIDENTE",7,"Huichapan"
"029","OBJETO SOSPECHOSO O PELIGROSO",5,"Huichapan"
"029","OTRAS ALARMAS DE EMERGENCIAS ACTIVADAS",166,"Huichapan"
"029","OTRAS FALTAS AL REGLAMENTO DE TRÁNSITO",18,"Huichapan"
"029","OTROS ACCIDENTES CON LESIONADOS",1,"Huichapan"
"029","OTROS ACTOS RELACIONADOS CON EL PATRIMONIO",5,"Huichapan"
"029","OTROS ACTOS RELACIONADOS CON LA FAMILIA",9,"Huichapan"
"029","OTROS ACTOS RELACIONADOS CON LA LIBERTAD PERSONAL",2,"Huichapan"
"029","OTROS ACTOS RELACIONADOS CON LA LIBERTAD Y LA SEGURIDAD SEXUAL",1,"Huichapan"
"029","OTROS ACTOS RELACIONADOS CON LA VIDA Y LA INTEGRIDAD PERSONAL",2,"Huichapan"
"029","OTROS INCENDIOS",167,"Huichapan"
"029","OTROS INCIDENTES MÉDICOS CLINICOS",10,"Huichapan"
"029","OTROS INCIDENTES MÉDICOS TRAUMÁTICOS",11,"Huichapan"
"029","OTROS RESCATES",3,"Huichapan"
"029","OTROS TIPOS DE ALTERACIÓN AL ORDEN PÚBLICO",10,"Huichapan"
"029","PERSONA AGRESIVA",90,"Huichapan"
"029","PERSONA DETENIDA",2,"Huichapan"
"029","PERSONA EN CRISIS POR TRASTORNO MENTAL",2,"Huichapan"
"029","PERSONA EN SITUACIÓN DE CALLE",4,"Huichapan"
"029","PERSONA EXHIBICIONISTA",2,"Huichapan"
"029","PERSONA INCONSCIENTE / URGENCIA NEUROLÓGICA",15,"Huichapan"
"029","PERSONA LOCALIZADA",2,"Huichapan"
"029","PERSONA NO LOCALIZADA",3,"Huichapan"
"029","PERSONA SOSPECHOSA",49,"Huichapan"
"029","PERSONA TIRADA EN VÍA PÚBLICA",11,"Huichapan"
"029","PORTACIÓN DE ARMAS O CARTUCHOS",22,"Huichapan"
"029","RESCATE ANIMAL",6,"Huichapan"
"029","RIÑA / PELEA CLANDESTINA",31,"Huichapan"
"029","ROBO A CASA HABITACIÓN SIN VIOLENCIA",4,"Huichapan"
"029","ROBO A FERROCARRIL",1,"Huichapan"
"029","ROBO A NEGOCIO SIN VIOLENCIA",1,"Huichapan"
"029","ROBO A TRANSEÚNTE SIN VIOLENCIA",1,"Huichapan"
"029","ROBO A TRANSPORTISTA SIN VIOLENCIA",2,"Huichapan"
"029","ROBO DE COMBUSTIBLE",1,"Huichapan"
"029","ROBO DE GANADO",1,"Huichapan"
"029","ROBO DE VEHÍCULO PARTICULAR SIN VIOLENCIA",28,"Huichapan"
"029","RUIDO EXCESIVO",19,"Huichapan"
"029","SOLICITUD DE RONDÍN",6,"Huichapan"
"029","SUSTRACCIÓN DE MENORES",1,"Huichapan"
"029","TALA ILEGAL",1,"Huichapan"
"029","TENTATIVA DE ROBO",6,"Huichapan"
"029","TRAUMATISMO DE CRÁNEO",2,"Huichapan"
"029","URGENCIA EN PACIENTE EMBARAZADA",1,"Huichapan"
"029","URGENCIA POR ENFERMEDAD GENERAL",14,"Huichapan"
"029","VEHÍCULO A EXCESO DE VELOCIDAD",13,"Huichapan"
"029","VEHÍCULO ABANDONADO",6,"Huichapan"
"029","VEHÍCULO DESCOMPUESTO",30,"Huichapan"
"029","VEHÍCULO EN HUIDA",8,"Huichapan"
"029","VEHÍCULO RECUPERADO",4,"Huichapan"
"029","VEHÍCULO SOSPECHOSO",55,"Huichapan"
"029","VIALIDAD EN MAL ESTADO",1,"Huichapan"
"029","VIOLENCIA CONTRA LA MUJER",13,"Huichapan"
"029","VIOLENCIA DE PAREJA",33,"Huichapan"
"029","VIOLENCIA FAMILIAR",39,"Huichapan"
"030","ABUSO DE CONFIANZA",8,"Ixmiquilpan"
"030","ABUSO SEXUAL",3,"Ixmiquilpan"
"030","ACCIDENTE DE MOTOCICLETA CON FALLECIDO",4,"Ixmiquilpan"
"030","ACCIDENTE DE MOTOCICLETA CON LESIONADOS",284,"Ixmiquilpan"
"030","ACCIDENTE DE TRÁNSITO SIN LESIONADOS",106,"Ixmiquilpan"
"030","ACCIDENTE DE VEHÍCULO AUTOMOTOR CON FALLECIDO",4,"Ixmiquilpan"
"030","ACCIDENTE DE VEHÍCULO AUTOMOTOR CON LESIONADOS",68,"Ixmiquilpan"
"030","ACCIDENTE DE VEHÍCULO DE PASAJEROS CON LESIONADOS",4,"Ixmiquilpan"
"030","ACCIDENTE MÚLTIPLE CON FALLECIDO",1,"Ixmiquilpan"
"030","ACCIDENTE MÚLTIPLE CON LESIONADOS",17,"Ixmiquilpan"
"030","ACOSO U HOSTIGAMIENTO SEXUAL",1,"Ixmiquilpan"
"030","AERONAVE SOSPECHOSA",1,"Ixmiquilpan"
"030","ALLANAMIENTO DE MORADA",41,"Ixmiquilpan"
"030","ALTERACIÓN DEL ORDEN PÚBLICO POR PERSONA ALCOHOLIZADA",83,"Ixmiquilpan"
"030","ALTERACIÓN DEL ORDEN PÚBLICO POR PERSONA DROGADA",18,"Ixmiquilpan"
"030","AMENAZA",2,"Ixmiquilpan"
"030","AMENAZA DE ABORTO",1,"Ixmiquilpan"
"030","AMENAZA DE SUICIDIO",9,"Ixmiquilpan"
"030","AMPUTACIÓN",1,"Ixmiquilpan"
"030","ANIMAL MUERTO",1,"Ixmiquilpan"
"030","ANIMAL PELIGROSO",6,"Ixmiquilpan"
"030","APOYO A LA CIUDADANÍA",108,"Ixmiquilpan"
"030","APOYO A OTRO ESTADO",3,"Ixmiquilpan"
"030","ARRANCONES O CARRERAS DE VEHÍCULOS",7,"Ixmiquilpan"
"030","ASFIXIA",2,"Ixmiquilpan"
"030","ATAQUES AL PUDOR",4,"Ixmiquilpan"
"030","ATROPELLAMIENTO",21,"Ixmiquilpan"
"030","CABLES COLGANDO",3,"Ixmiquilpan"
"030","CAÍDA",84,"Ixmiquilpan"
"030","CAÍDA DE POSTE",2,"Ixmiquilpan"
"030","CIRCULAR EN SENTIDO CONTRARIO",1,"Ixmiquilpan"
"030","CONCENTRACIÓN PACÍFICA DE PERSONAS",2,"Ixmiquilpan"
"030","CONDUCTOR EBRIO",17,"Ixmiquilpan"
"030","CONSUMO DE ALCOHOL EN VÍA PÚBLICA",16,"Ixmiquilpan"
"030","CONSUMO DE DROGAS EN VÍA PÚBLICA",4,"Ixmiquilpan"
"030","CONTAMINACIÓN DE SUELO, AIRE Y AGUA",2,"Ixmiquilpan"
"030","CONVULSIONES",38,"Ixmiquilpan"
"030","CORTO CIRCUITO",19,"Ixmiquilpan"
"030","DAÑO A BIENES PÚBLICOS, INSTITUCIONES, MONUMENTOS, ENTRE OTROS",1,"Ixmiquilpan"
"030","DAÑO A PROPIEDAD AJENA",21,"Ixmiquilpan"
"030","DERRUMBES",3,"Ixmiquilpan"
"030","DESCARGA DE DESECHOS SIN PERMISOS",1,"Ixmiquilpan"
"030","DESCOMPENSACIÓN DE LA DIABETES/DESHIDRATACIÓN",18,"Ixmiquilpan"
"030","DETONACIÓN DE ARMA DE FUEGO",23,"Ixmiquilpan"
"030","DETONACIÓN DE COHETES O FUEGOS ARTIFICIALES",7,"Ixmiquilpan"
"030","DIFICULTAD RESPIRATORIA / URGENCIA RESPIRATORIA",34,"Ixmiquilpan"
"030","DOLOR ABDOMINAL / URGENCIA ABDOMINAL",12,"Ixmiquilpan"
"030","ENCHARCAMIENTO/ DESBORDAMIENTO DE RÍO",2,"Ixmiquilpan"
"030","ENJAMBRE DE ABEJAS",6,"Ixmiquilpan"
"030","ENVENENAMIENTO POR ANIMAL DE PONZOÑA",4,"Ixmiquilpan"
"030","ESTUPRO",1,"Ixmiquilpan"
"030","EXPLOSIÓN",1,"Ixmiquilpan"
"030","EXPLOTACIÓN DE MENORES",2,"Ixmiquilpan"
"030","EXTORSIÓN",4,"Ixmiquilpan"
"030","EXTORSIÓN TELEFÓNICA",14,"Ixmiquilpan"
"030","FALLAS DE SEMÁFORO",1,"Ixmiquilpan"
"030","FALLECIDO DE CAUSA NATURAL",31,"Ixmiquilpan"
"030","FALLECIDO DE CAUSA TRAUMÁTICA",3,"Ixmiquilpan"
"030","FRACTURADO/TRAUMATISMO DE EXTREMIDADES",6,"Ixmiquilpan"
"030","FRAUDE",4,"Ixmiquilpan"
"030","FUGAS Y DERRAMES DE SUSTANCIAS QUÍMICAS",9,"Ixmiquilpan"
"030","GASES TÓXICOS",6,"Ixmiquilpan"
"030","HEMORRAGIA",4,"Ixmiquilpan"
"030","INCENDIO DE CASA HABITACIÓN",8,"Ixmiquilpan"
"030","INCENDIO DE COMERCIO",5,"Ixmiquilpan"
"030","INCENDIO DE VEHÍCULO",8,"Ixmiquilpan"
"030","INCENDIO FORESTAL",4,"Ixmiquilpan"
"030","INFARTO / URGENCIA CARDIOLÓGICA",5,"Ixmiquilpan"
"030","INTOXICACIÓN / SOBREDOSIS / ENVENENAMIENTO POR SUSTANCIAS",15,"Ixmiquilpan"
"030","INTOXICACIÓN ETÍLICA",4,"Ixmiquilpan"
"030","INUNDACIONES",3,"Ixmiquilpan"
"030","LESIONADO POR ARMA BLANCA",4,"Ixmiquilpan"
"030","MALTRATO DE ANIMALES",10,"Ixmiquilpan"
"030","MALTRATO INFANTIL",7,"Ixmiquilpan"
"030","MANIFESTACIÓN CON DISTURBIOS O BLOQUEOS",1,"Ixmiquilpan"
"030","MENOR EXTRAVIADO",1,"Ixmiquilpan"
"030","MORDEDURA DE ANIMAL",4,"Ixmiquilpan"
"030","NOTIFICACIÓN DE CIBER INCIDENTE",14,"Ixmiquilpan"
"030","OBJETO SOSPECHOSO O PELIGROSO",6,"Ixmiquilpan"
"030","OTRAS ALARMAS DE EMERGENCIAS ACTIVADAS",140,"Ixmiquilpan"
"030","OTRAS FALTAS AL REGLAMENTO DE TRÁNSITO",27,"Ixmiquilpan"
"030","OTROS ACCIDENTES CON LESIONADOS",1,"Ixmiquilpan"
"030","OTROS ACTOS RELACIONADOS CON EL PATRIMONIO",32,"Ixmiquilpan"
"030","OTROS ACTOS RELACIONADOS CON LA FAMILIA",40,"Ixmiquilpan"
"030","OTROS ACTOS RELACIONADOS CON LA LIBERTAD PERSONAL",8,"Ixmiquilpan"
"030","OTROS ACTOS RELACIONADOS CON LA LIBERTAD Y LA SEGURIDAD SEXUAL",1,"Ixmiquilpan"
"030","OTROS ACTOS RELACIONADOS CON OTROS BIENES JURÍDICOS",1,"Ixmiquilpan"
"030","OTROS INCENDIOS",93,"Ixmiquilpan"
"030","OTROS INCIDENTES MÉDICOS CLINICOS",30,"Ixmiquilpan"
"030","OTROS INCIDENTES MÉDICOS TRAUMÁTICOS",32,"Ixmiquilpan"
"030","OTROS RESCATES",13,"Ixmiquilpan"
"030","OTROS TIPOS DE ALTERACIÓN AL ORDEN PÚBLICO",14,"Ixmiquilpan"
"030","PERSONA AGRESIVA",176,"Ixmiquilpan"
"030","PERSONA DETENIDA",10,"Ixmiquilpan"
"030","PERSONA EN CRISIS POR TRASTORNO MENTAL",6,"Ixmiquilpan"
"030","PERSONA EN SITUACIÓN DE CALLE",9,"Ixmiquilpan"
"030","PERSONA EXHIBICIONISTA",5,"Ixmiquilpan"
"030","PERSONA INCONSCIENTE / URGENCIA NEUROLÓGICA",61,"Ixmiquilpan"
"030","PERSONA LOCALIZADA",11,"Ixmiquilpan"
"030","PERSONA NO LOCALIZADA",2,"Ixmiquilpan"
"030","PERSONA SOSPECHOSA",61,"Ixmiquilpan"
"030","PERSONA TIRADA EN VÍA PÚBLICA",26,"Ixmiquilpan"
"030","PORTACIÓN DE ARMAS O CARTUCHOS",11,"Ixmiquilpan"
"030","QUEMADURAS",1,"Ixmiquilpan"
"030","RESCATE ANIMAL",9,"Ixmiquilpan"
"030","RIÑA / PELEA CLANDESTINA",75,"Ixmiquilpan"
"030","ROBO A CASA HABITACIÓN SIN VIOLENCIA",6,"Ixmiquilpan"
"030","ROBO A NEGOCIO SIN VIOLENCIA",6,"Ixmiquilpan"
"030","ROBO A TRANSEÚNTE SIN VIOLENCIA",2,"Ixmiquilpan"
"030","ROBO A TRANSPORTISTA SIN VIOLENCIA",1,"Ixmiquilpan"
"030","ROBO DE ARTE SACRO",1,"Ixmiquilpan"
"030","ROBO DE AUTOPARTES O ACCESORIOS",2,"Ixmiquilpan"
"030","ROBO DE VEHÍCULO PARTICULAR SIN VIOLENCIA",112,"Ixmiquilpan"
"030","RUIDO EXCESIVO",50,"Ixmiquilpan"
"030","SOLICITUD DE RONDÍN",8,"Ixmiquilpan"
"030","SUICIDIO",4,"Ixmiquilpan"
"030","SUSTRACCIÓN DE MENORES",2,"Ixmiquilpan"
"030","TALA ILEGAL",2,"Ixmiquilpan"
"030","TENTATIVA DE ROBO",12,"Ixmiquilpan"
"030","TRABAJO DE PARTO",3,"Ixmiquilpan"
"030","TRAUMATISMO DE CRÁNEO",3,"Ixmiquilpan"
"030","TRAUMATISMOS MÚLTIPLES",1,"Ixmiquilpan"
"030","URGENCIA EN PACIENTE EMBARAZADA",2,"Ixmiquilpan"
"030","URGENCIA POR ENFERMEDAD GENERAL",68,"Ixmiquilpan"
"030","VEHÍCULO A EXCESO DE VELOCIDAD",13,"Ixmiquilpan"
"030","VEHÍCULO ABANDONADO",4,"Ixmiquilpan"
"030","VEHÍCULO DESCOMPUESTO",20,"Ixmiquilpan"
"030","VEHÍCULO EN HUIDA",30,"Ixmiquilpan"
"030","VEHÍCULO RECUPERADO",7,"Ixmiquilpan"
"030","VEHÍCULO SOSPECHOSO",49,"Ixmiquilpan"
"030","VENTA CLANDESTINA DE PIROTECNIA, COHETES O FUEGOS ARTIFICIALES",1,"Ixmiquilpan"
"030","VIALIDAD EN MAL ESTADO",1,"Ixmiquilpan"
"030","VIOLACIÓN",1,"Ixmiquilpan"
"030","VIOLENCIA CONTRA LA MUJER",35,"Ixmiquilpan"
"030","VIOLENCIA DE PAREJA",105,"Ixmiquilpan"
"030","VIOLENCIA FAMILIAR",106,"Ixmiquilpan"
"030","ÁRBOL CAÍDO O POR CAER",2,"Ixmiquilpan"
"031","ACCIDENTE DE TRÁNSITO SIN LESIONADOS",3,"Jacala de Ledezma"
"031","ACCIDENTE DE VEHÍCULO AUTOMOTOR CON LESIONADOS",5,"Jacala de Ledezma"
"031","ACCIDENTE MÚLTIPLE CON LESIONADOS",2,"Jacala de Ledezma"
"031","ALLANAMIENTO DE MORADA",1,"Jacala de Ledezma"
"031","ALTERACIÓN DEL ORDEN PÚBLICO POR PERSONA ALCOHOLIZADA",3,"Jacala de Ledezma"
"031","ALTERACIÓN DEL ORDEN PÚBLICO POR PERSONA DROGADA",4,"Jacala de Ledezma"
"031","AMENAZA",1,"Jacala de Ledezma"
"031","ANIMALES SUELTOS",1,"Jacala de Ledezma"
"031","APOYO A LA CIUDADANÍA",7,"Jacala de Ledezma"
"031","ARRANCONES O CARRERAS DE VEHÍCULOS",2,"Jacala de Ledezma"
"031","CAÍDA",2,"Jacala de Ledezma"
"031","CONDUCTOR EBRIO",2,"Jacala de Ledezma"
"031","CONSUMO DE ALCOHOL EN VÍA PÚBLICA",1,"Jacala de Ledezma"
"031","CONSUMO DE DROGAS EN VÍA PÚBLICA",1,"Jacala de Ledezma"
"031","CONTAMINACIÓN DE SUELO, AIRE Y AGUA",1,"Jacala de Ledezma"
"031","CONVULSIONES",1,"Jacala de Ledezma"
"031","CORTO CIRCUITO",1,"Jacala de Ledezma"
"031","DERRUMBES",1,"Jacala de Ledezma"
"031","DETONACIÓN DE ARMA DE FUEGO",6,"Jacala de Ledezma"
"031","DIFICULTAD RESPIRATORIA / URGENCIA RESPIRATORIA",2,"Jacala de Ledezma"
"031","EXTORSIÓN TELEFÓNICA",1,"Jacala de Ledezma"
"031","FALLECIDO DE CAUSA TRAUMÁTICA",1,"Jacala de Ledezma"
"031","FRACTURADO/TRAUMATISMO DE EXTREMIDADES",1,"Jacala de Ledezma"
"031","FRAUDE",2,"Jacala de Ledezma"
"031","FUGAS Y DERRAMES DE SUSTANCIAS QUÍMICAS",2,"Jacala de Ledezma"
"031","INCENDIO DE CASA HABITACIÓN",1,"Jacala de Ledezma"
"031","INCENDIO DE VEHÍCULO",1,"Jacala de Ledezma"
"031","INUNDACIONES",2,"Jacala de Ledezma"
"031","LESIONADO POR ARMA BLANCA",1,"Jacala de Ledezma"
"031","MALTRATO DE ANIMALES",1,"Jacala de Ledezma"
"031","NOTIFICACIÓN DE CIBER INCIDENTE",1,"Jacala de Ledezma"
"031","OTRAS ALARMAS DE EMERGENCIAS ACTIVADAS",22,"Jacala de Ledezma"
"031","OTROS ACTOS RELACIONADOS CON LA FAMILIA",2,"Jacala de Ledezma"
"031","OTROS ACTOS RELACIONADOS CON LA LIBERTAD PERSONAL",1,"Jacala de Ledezma"
"031","OTROS INCENDIOS",3,"Jacala de Ledezma"
"031","OTROS INCIDENTES MÉDICOS CLINICOS",2,"Jacala de Ledezma"
"031","OTROS RESCATES",1,"Jacala de Ledezma"
"031","OTROS TIPOS DE ALTERACIÓN AL ORDEN PÚBLICO",2,"Jacala de Ledezma"
"031","PERSONA AGRESIVA",6,"Jacala de Ledezma"
"031","PERSONA INCONSCIENTE / URGENCIA NEUROLÓGICA",3,"Jacala de Ledezma"
"031","PERSONA SOSPECHOSA",4,"Jacala de Ledezma"
"031","PORTACIÓN DE ARMAS O CARTUCHOS",1,"Jacala de Ledezma"
"031","RIÑA / PELEA CLANDESTINA",3,"Jacala de Ledezma"
"031","ROBO DE VEHÍCULO PARTICULAR SIN VIOLENCIA",3,"Jacala de Ledezma"
"031","RUIDO EXCESIVO",5,"Jacala de Ledezma"
"031","URGENCIA POR ENFERMEDAD GENERAL",3,"Jacala de Ledezma"
"031","VEHÍCULO DESCOMPUESTO",2,"Jacala de Ledezma"
"031","VEHÍCULO SOSPECHOSO",2,"Jacala de Ledezma"
"031","VIOLENCIA CONTRA LA MUJER",1,"Jacala de Ledezma"
"031","VIOLENCIA DE PAREJA",1,"Jacala de Ledezma"
"031","VIOLENCIA FAMILIAR",3,"Jacala de Ledezma"
"032","ACCIDENTE DE MOTOCICLETA CON LESIONADOS",2,"Jaltocán"
"032","ACCIDENTE DE TRÁNSITO SIN LESIONADOS",3,"Jaltocán"
"032","ACCIDENTE DE VEHÍCULO AUTOMOTOR CON LESIONADOS",3,"Jaltocán"
"032","ALLANAMIENTO DE MORADA",2,"Jaltocán"
"032","ALTERACIÓN DEL ORDEN PÚBLICO POR PERSONA ALCOHOLIZADA",4,"Jaltocán"
"032","AMENAZA",1,"Jaltocán"
"032","APOYO A LA CIUDADANÍA",3,"Jaltocán"
"032","ATAQUES AL PUDOR",1,"Jaltocán"
"032","CAÍDA",1,"Jaltocán"
"032","CONDUCTOR EBRIO",1,"Jaltocán"
"032","CONTAMINACIÓN DE SUELO, AIRE Y AGUA",1,"Jaltocán"
"032","CORTO CIRCUITO",1,"Jaltocán"
"032","DETONACIÓN DE ARMA DE FUEGO",2,"Jaltocán"
"032","ELECTROCUTADO/LESIÓN POR CORRIENTE ELÉCTRICA",1,"Jaltocán"
"032","ENJAMBRE DE ABEJAS",1,"Jaltocán"
"032","EXPLOSIÓN",3,"Jaltocán"
"032","EXTORSIÓN TELEFÓNICA",2,"Jaltocán"
"032","FALLECIDO DE CAUSA NATURAL",1,"Jaltocán"
"032","INCENDIO FORESTAL",2,"Jaltocán"
"032","MALTRATO DE ANIMALES",1,"Jaltocán"
"032","OTRAS ALARMAS DE EMERGENCIAS ACTIVADAS",93,"Jaltocán"
"032","OTROS ACTOS RELACIONADOS CON EL PATRIMONIO",1,"Jaltocán"
"032","OTROS INCENDIOS",3,"Jaltocán"
"032","PERSONA AGRESIVA",3,"Jaltocán"
"032","PERSONA SOSPECHOSA",1,"Jaltocán"
"032","RIÑA / PELEA CLANDESTINA",1,"Jaltocán"
"032","VEHÍCULO ABANDONADO",1,"Jaltocán"
"032","VEHÍCULO DESCOMPUESTO",1,"Jaltocán"
"032","VIOLENCIA CONTRA LA MUJER",1,"Jaltocán"
"032","VIOLENCIA DE PAREJA",4,"Jaltocán"
"032","VIOLENCIA FAMILIAR",2,"Jaltocán"
"033","ACCIDENTE DE TRÁNSITO SIN LESIONADOS",1,"Juárez Hidalgo"
"033","APOYO A LA CIUDADANÍA",1,"Juárez Hidalgo"
"033","CABLES COLGANDO",1,"Juárez Hidalgo"
"033","CONCENTRACIÓN PACÍFICA DE PERSONAS",1,"Juárez Hidalgo"
"033","INCENDIO FORESTAL",1,"Juárez Hidalgo"
"033","NOTIFICACIÓN DE CIBER INCIDENTE",2,"Juárez Hidalgo"
"033","OTRAS ALARMAS DE EMERGENCIAS ACTIVADAS",9,"Juárez Hidalgo"
"033","PERSONA AGRESIVA",1,"Juárez Hidalgo"
"033","VEHÍCULO SOSPECHOSO",1,"Juárez Hidalgo"
"034","ACCIDENTE DE MOTOCICLETA CON LESIONADOS",1,"Lolotla"
"034","ACCIDENTE DE TRÁNSITO SIN LESIONADOS",8,"Lolotla"
"034","ACCIDENTE DE VEHÍCULO AUTOMOTOR CON LESIONADOS",1,"Lolotla"
"034","ACCIDENTE MÚLTIPLE CON LESIONADOS",1,"Lolotla"
"034","APOYO A LA CIUDADANÍA",2,"Lolotla"
"034","CAÍDA",1,"Lolotla"
"034","CONDUCTOR EBRIO",1,"Lolotla"
"034","CONVULSIONES",1,"Lolotla"
"034","CORTO CIRCUITO",1,"Lolotla"
"034","DERRUMBES",1,"Lolotla"
"034","DETONACIÓN DE ARMA DE FUEGO",1,"Lolotla"
"034","EXTORSIÓN",1,"Lolotla"
"034","HUNDIMIENTOS / AGRIETAMIENTOS / INESTABILIDAD DE LADERA",1,"Lolotla"
"034","INCENDIO DE VEHÍCULO",1,"Lolotla"
"034","INCENDIO FORESTAL",1,"Lolotla"
"034","MENOR EXTRAVIADO",1,"Lolotla"
"034","OTRAS ALARMAS DE EMERGENCIAS ACTIVADAS",125,"Lolotla"
"034","OTROS ACTOS RELACIONADOS CON LA LIBERTAD PERSONAL",1,"Lolotla"
"034","OTROS INCENDIOS",1,"Lolotla"
"034","PERSONA AGRESIVA",3,"Lolotla"
"034","PERSONA LOCALIZADA",1,"Lolotla"
"034","PERSONA NO LOCALIZADA",1,"Lolotla"
"034","VEHÍCULO A EXCESO DE VELOCIDAD",2,"Lolotla"
"034","VEHÍCULO ABANDONADO",1,"Lolotla"
"034","VEHÍCULO DESCOMPUESTO",1,"Lolotla"
"034","VEHÍCULO SOSPECHOSO",2,"Lolotla"
"034","VIOLENCIA DE PAREJA",1,"Lolotla"
"034","VIOLENCIA FAMILIAR",2,"Lolotla"
"034","ÁRBOL CAÍDO O POR CAER",1,"Lolotla"
"035","ABUSO DE CONFIANZA",1,"Metepec"
"035","ACCIDENTE DE MOTOCICLETA CON FALLECIDO",1,"Metepec"
"035","ACCIDENTE DE MOTOCICLETA CON LESIONADOS",8,"Metepec"
"035","ACCIDENTE DE TRÁNSITO SIN LESIONADOS",8,"Metepec"
"035","ACCIDENTE DE VEHÍCULO AUTOMOTOR CON FALLECIDO",1,"Metepec"
"035","ACCIDENTE DE VEHÍCULO AUTOMOTOR CON LESIONADOS",9,"Metepec"
"035","ACCIDENTE DE VEHÍCULO DE PASAJEROS CON LESIONADOS",1,"Metepec"
"035","ACCIDENTE MÚLTIPLE CON LESIONADOS",3,"Metepec"
"035","AHOGAMIENTO",1,"Metepec"
"035","ALLANAMIENTO DE MORADA",4,"Metepec"
"035","ALTERACIÓN DEL ORDEN PÚBLICO POR PERSONA ALCOHOLIZADA",5,"Metepec"
"035","ALTERACIÓN DEL ORDEN PÚBLICO POR PERSONA DROGADA",1,"Metepec"
"035","AMENAZA DE ABORTO",1,"Metepec"
"035","AMENAZA DE SUICIDIO",1,"Metepec"
"035","APOYO A LA CIUDADANÍA",7,"Metepec"
"035","APOYO A OTRO ESTADO",2,"Metepec"
"035","ARRANCONES O CARRERAS DE VEHÍCULOS",2,"Metepec"
"035","ATAQUES AL PUDOR",1,"Metepec"
"035","CAÍDA",4,"Metepec"
"035","CAÍDA DE POSTE",1,"Metepec"
"035","CONDUCTOR EBRIO",2,"Metepec"
"035","CONSUMO DE ALCOHOL EN VÍA PÚBLICA",2,"Metepec"
"035","CONVULSIONES",3,"Metepec"
"035","DAÑO A PROPIEDAD AJENA",2,"Metepec"
"035","DETONACIÓN DE ARMA DE FUEGO",14,"Metepec"
"035","DETONACIÓN DE COHETES O FUEGOS ARTIFICIALES",1,"Metepec"
"035","ELECTROCUTADO/LESIÓN POR CORRIENTE ELÉCTRICA",1,"Metepec"
"035","ENJAMBRE DE ABEJAS",1,"Metepec"
"035","EXTORSIÓN",1,"Metepec"
"035","EXTORSIÓN TELEFÓNICA",1,"Metepec"
"035","FALLECIDO DE CAUSA NATURAL",1,"Metepec"
"035","INCENDIO DE CASA HABITACIÓN",1,"Metepec"
"035","INCENDIO DE VEHÍCULO",2,"Metepec"
"035","INTOXICACIÓN / SOBREDOSIS / ENVENENAMIENTO POR SUSTANCIAS",1,"Metepec"
"035","LESIONADO POR ARMA BLANCA",1,"Metepec"
"035","MALTRATO DE ANIMALES",2,"Metepec"
"035","NOTIFICACIÓN DE CIBER INCIDENTE",4,"Metepec"
"035","OBJETO SOSPECHOSO O PELIGROSO",1,"Metepec"
"035","OTRAS ALARMAS DE EMERGENCIAS ACTIVADAS",39,"Metepec"
"035","OTRAS FALTAS AL REGLAMENTO DE TRÁNSITO",1,"Metepec"
"035","OTROS ACTOS RELACIONADOS CON EL PATRIMONIO",2,"Metepec"
"035","OTROS ACTOS RELACIONADOS CON LA FAMILIA",3,"Metepec"
"035","OTROS INCENDIOS",11,"Metepec"
"035","OTROS INCIDENTES MÉDICOS TRAUMÁTICOS",2,"Metepec"
"035","OTROS RESCATES",1,"Metepec"
"035","PERSONA AGRESIVA",11,"Metepec"
"035","PERSONA EN CRISIS POR TRASTORNO MENTAL",1,"Metepec"
"035","PERSONA NO LOCALIZADA",1,"Metepec"
"035","PERSONA SOSPECHOSA",5,"Metepec"
"035","PERSONA TIRADA EN VÍA PÚBLICA",3,"Metepec"
"035","PORTACIÓN DE ARMAS O CARTUCHOS",3,"Metepec"
"035","RIÑA / PELEA CLANDESTINA",3,"Metepec"
"035","ROBO A CASA HABITACIÓN SIN VIOLENCIA",4,"Metepec"
"035","ROBO DE VEHÍCULO PARTICULAR SIN VIOLENCIA",9,"Metepec"
"035","RUIDO EXCESIVO",2,"Metepec"
"035","SOLICITUD DE RONDÍN",1,"Metepec"
"035","SUICIDIO",1,"Metepec"
"035","TALA ILEGAL",2,"Metepec"
"035","TENTATIVA DE ROBO",3,"Metepec"
"035","TRAUMATISMO DE CRÁNEO",1,"Metepec"
"035","URGENCIA POR ENFERMEDAD GENERAL",1,"Metepec"
"035","VEHÍCULO ABANDONADO",2,"Metepec"
"035","VEHÍCULO DESCOMPUESTO",2,"Metepec"
"035","VEHÍCULO EN HUIDA",1,"Metepec"
"035","VEHÍCULO RECUPERADO",1,"Metepec"
"035","VEHÍCULO SOSPECHOSO",13,"Metepec"
"035","VIOLENCIA CONTRA LA MUJER",4,"Metepec"
"035","VIOLENCIA DE PAREJA",7,"Metepec"
"035","VIOLENCIA FAMILIAR",10,"Metepec"
"036","ABUSO DE CONFIANZA",1,"San Agustín Metzquititlán"
"036","ACCIDENTE DE MOTOCICLETA CON LESIONADOS",10,"San Agustín Metzquititlán"
"036","ACCIDENTE DE TRÁNSITO SIN LESIONADOS",6,"San Agustín Metzquititlán"
"036","ACCIDENTE DE VEHÍCULO AUTOMOTOR CON LESIONADOS",7,"San Agustín Metzquititlán"
"036","ACCIDENTE MÚLTIPLE CON LESIONADOS",3,"San Agustín Metzquititlán"
"036","ALTERACIÓN DEL ORDEN PÚBLICO POR PERSONA ALCOHOLIZADA",9,"San Agustín Metzquititlán"
"036","ANIMAL MUERTO",1,"San Agustín Metzquititlán"
"036","ANIMALES SUELTOS",1,"San Agustín Metzquititlán"
"036","APOYO A LA CIUDADANÍA",7,"San Agustín Metzquititlán"
"036","ARRANCONES O CARRERAS DE VEHÍCULOS",1,"San Agustín Metzquititlán"
"036","ATROPELLAMIENTO",1,"San Agustín Metzquititlán"
"036","CAÍDA",1,"San Agustín Metzquititlán"
"036","CONDUCTOR EBRIO",2,"San Agustín Metzquititlán"
"036","CONSUMO DE ALCOHOL EN VÍA PÚBLICA",1,"San Agustín Metzquititlán"
"036","CONSUMO DE DROGAS EN VÍA PÚBLICA",2,"San Agustín Metzquititlán"
"036","CORTO CIRCUITO",1,"San Agustín Metzquititlán"
"036","DERRUMBES",1,"San Agustín Metzquititlán"
"036","DESCOMPENSACIÓN DE LA DIABETES/DESHIDRATACIÓN",1,"San Agustín Metzquititlán"
"036","DETONACIÓN DE ARMA DE FUEGO",4,"San Agustín Metzquititlán"
"036","ENJAMBRE DE ABEJAS",2,"San Agustín Metzquititlán"
"036","INCENDIO DE VEHÍCULO",2,"San Agustín Metzquititlán"
"036","INCENDIO FORESTAL",3,"San Agustín Metzquititlán"
"036","MALTRATO INFANTIL",1,"San Agustín Metzquititlán"
"036","NOTIFICACIÓN DE CIBER INCIDENTE",3,"San Agustín Metzquititlán"
"036","OTRAS ALARMAS DE EMERGENCIAS ACTIVADAS",75,"San Agustín Metzquititlán"
"036","OTRAS FALTAS AL REGLAMENTO DE TRÁNSITO",1,"San Agustín Metzquititlán"
"036","OTROS ACTOS RELACIONADOS CON LA FAMILIA",2,"San Agustín Metzquititlán"
"036","OTROS INCENDIOS",6,"San Agustín Metzquititlán"
"036","OTROS INCIDENTES MÉDICOS CLINICOS",1,"San Agustín Metzquititlán"
"036","OTROS INCIDENTES MÉDICOS TRAUMÁTICOS",1,"San Agustín Metzquititlán"
"036","OTROS TIPOS DE ALTERACIÓN AL ORDEN PÚBLICO",1,"San Agustín Metzquititlán"
"036","PELEA CLANDESTINA CON ANIMALES",1,"San Agustín Metzquititlán"
"036","PERSONA AGRESIVA",5,"San Agustín Metzquititlán"
"036","PERSONA INCONSCIENTE / URGENCIA NEUROLÓGICA",1,"San Agustín Metzquititlán"
"036","PERSONA SOSPECHOSA",2,"San Agustín Metzquititlán"
"036","PORTACIÓN DE ARMAS O CARTUCHOS",1,"San Agustín Metzquititlán"
"036","RESCATE ANIMAL",1,"San Agustín Metzquititlán"
"036","RIÑA / PELEA CLANDESTINA",1,"San Agustín Metzquititlán"
"036","ROBO A CASA HABITACIÓN SIN VIOLENCIA",1,"San Agustín Metzquititlán"
"036","ROBO A NEGOCIO SIN VIOLENCIA",1,"San Agustín Metzquititlán"
"036","RUIDO EXCESIVO",2,"San Agustín Metzquititlán"
"036","TENTATIVA DE ROBO",1,"San Agustín Metzquititlán"
"036","URGENCIA POR ENFERMEDAD GENERAL",2,"San Agustín Metzquititlán"
"036","VEHÍCULO A EXCESO DE VELOCIDAD",4,"San Agustín Metzquititlán"
"036","VEHÍCULO DESCOMPUESTO",10,"San Agustín Metzquititlán"
"036","VEHÍCULO SOSPECHOSO",6,"San Agustín Metzquititlán"
"036","VIOLENCIA DE PAREJA",5,"San Agustín Metzquititlán"
"036","VIOLENCIA FAMILIAR",4,"San Agustín Metzquititlán"
"036","ÁRBOL CAÍDO O POR CAER",3,"San Agustín Metzquititlán"
"037","ABUSO DE CONFIANZA",1,"Metztitlán"
"037","ACCIDENTE DE MOTOCICLETA CON LESIONADOS",8,"Metztitlán"
"037","ACCIDENTE DE TRÁNSITO SIN LESIONADOS",11,"Metztitlán"
"037","ACCIDENTE DE VEHÍCULO AUTOMOTOR CON FALLECIDO",1,"Metztitlán"
"037","ACCIDENTE DE VEHÍCULO AUTOMOTOR CON LESIONADOS",13,"Metztitlán"
"037","ACCIDENTE DE VEHÍCULO DE PASAJEROS CON LESIONADOS",1,"Metztitlán"
"037","ACCIDENTE MÚLTIPLE CON LESIONADOS",3,"Metztitlán"
"037","AFECTACIÓN DE LOS SERVICIOS BÁSICOS O DE INFRAESTRUCTURA ESTRATÉGICA",1,"Metztitlán"
"037","AHOGAMIENTO",1,"Metztitlán"
"037","ALLANAMIENTO DE MORADA",3,"Metztitlán"
"037","ALTERACIÓN DEL ORDEN PÚBLICO POR PERSONA ALCOHOLIZADA",6,"Metztitlán"
"037","ALTERACIÓN DEL ORDEN PÚBLICO POR PERSONA DROGADA",2,"Metztitlán"
"037","APOYO A LA CIUDADANÍA",9,"Metztitlán"
"037","APOYO A OTRO ESTADO",1,"Metztitlán"
"037","CONDUCTOR EBRIO",2,"Metztitlán"
"037","CONSUMO DE ALCOHOL EN VÍA PÚBLICA",4,"Metztitlán"
"037","CONVULSIONES",2,"Metztitlán"
"037","DERRUMBES",2,"Metztitlán"
"037","DESCOMPENSACIÓN DE LA DIABETES/DESHIDRATACIÓN",1,"Metztitlán"
"037","DETONACIÓN DE ARMA DE FUEGO",6,"Metztitlán"
"037","DIFICULTAD RESPIRATORIA / URGENCIA RESPIRATORIA",2,"Metztitlán"
"037","DOLOR ABDOMINAL / URGENCIA ABDOMINAL",1,"Metztitlán"
"037","EXTORSIÓN TELEFÓNICA",7,"Metztitlán"
"037","EXTRAVÍO DE PLACA",1,"Metztitlán"
"037","FUGAS Y DERRAMES DE SUSTANCIAS QUÍMICAS",1,"Metztitlán"
"037","GRAVA SUELTA",1,"Metztitlán"
"037","HUNDIMIENTOS / AGRIETAMIENTOS / INESTABILIDAD DE LADERA",1,"Metztitlán"
"037","INCENDIO DE CASA HABITACIÓN",1,"Metztitlán"
"037","INCENDIO DE VEHÍCULO",1,"Metztitlán"
"037","INCENDIO FORESTAL",2,"Metztitlán"
"037","INTOXICACIÓN / SOBREDOSIS / ENVENENAMIENTO POR SUSTANCIAS",1,"Metztitlán"
"037","NOTIFICACIÓN DE CIBER INCIDENTE",2,"Metztitlán"
"037","OTRAS ALARMAS DE EMERGENCIAS ACTIVADAS",136,"Metztitlán"
"037","OTRAS FALTAS AL REGLAMENTO DE TRÁNSITO",1,"Metztitlán"
"037","OTROS ACTOS RELACIONADOS CON LA FAMILIA",1,"Metztitlán"
"037","OTROS INCENDIOS",4,"Metztitlán"
"037","OTROS INCIDENTES MÉDICOS TRAUMÁTICOS",1,"Metztitlán"
"037","OTROS RESCATES",1,"Metztitlán"
"037","OTROS TIPOS DE ALTERACIÓN AL ORDEN PÚBLICO",2,"Metztitlán"
"037","PERSONA AGRESIVA",9,"Metztitlán"
"037","PERSONA EN CRISIS POR TRASTORNO MENTAL",2,"Metztitlán"
"037","PERSONA EN SITUACIÓN DE CALLE",1,"Metztitlán"
"037","PERSONA INCONSCIENTE / URGENCIA NEUROLÓGICA",2,"Metztitlán"
"037","PERSONA LOCALIZADA",5,"Metztitlán"
"037","PERSONA SOSPECHOSA",4,"Metztitlán"
"037","PORTACIÓN DE ARMAS O CARTUCHOS",1,"Metztitlán"
"037","QUEMADURAS",1,"Metztitlán"
"037","RIÑA / PELEA CLANDESTINA",3,"Metztitlán"
"037","ROBO A CASA HABITACIÓN SIN VIOLENCIA",1,"Metztitlán"
"037","ROBO A NEGOCIO SIN VIOLENCIA",1,"Metztitlán"
"037","ROBO DE GANADO",1,"Metztitlán"
"037","ROBO DE VEHÍCULO PARTICULAR SIN VIOLENCIA",3,"Metztitlán"
"037","RUIDO EXCESIVO",5,"Metztitlán"
"037","SOLICITUD DE RONDÍN",2,"Metztitlán"
"037","SUSTRACCIÓN DE MENORES",1,"Metztitlán"
"037","TENTATIVA DE ROBO",1,"Metztitlán"
"037","TRABAJO DE PARTO",1,"Metztitlán"
"037","VEHÍCULO ABANDONADO",1,"Metztitlán"
"037","VEHÍCULO DESCOMPUESTO",5,"Metztitlán"
"037","VEHÍCULO SOSPECHOSO",3,"Metztitlán"
"037","VIOLENCIA CONTRA LA MUJER",1,"Metztitlán"
"037","VIOLENCIA DE PAREJA",5,"Metztitlán"
"037","VIOLENCIA FAMILIAR",12,"Metztitlán"
"037","ÁRBOL CAÍDO O POR CAER",1,"Metztitlán"
"038","ACCIDENTE DE MOTOCICLETA CON LESIONADOS",13,"Mineral del Chico"
"038","ACCIDENTE DE TRÁNSITO SIN LESIONADOS",13,"Mineral del Chico"
"038","ACCIDENTE DE VEHÍCULO AUTOMOTOR CON LESIONADOS",18,"Mineral del Chico"
"038","ACCIDENTE MÚLTIPLE CON LESIONADOS",6,"Mineral del Chico"
"038","AHOGAMIENTO",1,"Mineral del Chico"
"038","ALLANAMIENTO DE MORADA",2,"Mineral del Chico"
"038","ALTERACIÓN DEL ORDEN PÚBLICO POR PERSONA ALCOHOLIZADA",2,"Mineral del Chico"
"038","ALTERACIÓN DEL ORDEN PÚBLICO POR PERSONA DROGADA",1,"Mineral del Chico"
"038","AMENAZA DE SUICIDIO",1,"Mineral del Chico"
"038","ANIMAL PELIGROSO",1,"Mineral del Chico"
"038","APOYO A LA CIUDADANÍA",9,"Mineral del Chico"
"038","APOYO A OTRO ESTADO",1,"Mineral del Chico"
"038","ARRANCONES O CARRERAS DE VEHÍCULOS",1,"Mineral del Chico"
"038","CAÍDA",5,"Mineral del Chico"
"038","CONDUCTOR EBRIO",1,"Mineral del Chico"
"038","CONSUMO DE ALCOHOL EN VÍA PÚBLICA",2,"Mineral del Chico"
"038","CONTAMINACIÓN DE SUELO, AIRE Y AGUA",1,"Mineral del Chico"
"038","CORTO CIRCUITO",2,"Mineral del Chico"
"038","DETONACIÓN DE ARMA DE FUEGO",3,"Mineral del Chico"
"038","DOLOR ABDOMINAL / URGENCIA ABDOMINAL",2,"Mineral del Chico"
"038","EXTORSIÓN",1,"Mineral del Chico"
"038","EXTORSIÓN TELEFÓNICA",1,"Mineral del Chico"
"038","FALLECIDO DE CAUSA NATURAL",1,"Mineral del Chico"
"038","FALLECIDO DE CAUSA TRAUMÁTICA",2,"Mineral del Chico"
"038","FRACTURADO/TRAUMATISMO DE EXTREMIDADES",2,"Mineral del Chico"
"038","HEMORRAGIA",1,"Mineral del Chico"
"038","INCENDIO DE CASA HABITACIÓN",1,"Mineral del Chico"
"038","INCENDIO FORESTAL",3,"Mineral del Chico"
"038","INTOXICACIÓN / SOBREDOSIS / ENVENENAMIENTO POR SUSTANCIAS",1,"Mineral del Chico"
"038","INUNDACIONES",1,"Mineral del Chico"
"038","MORDEDURA DE ANIMAL",2,"Mineral del Chico"
"038","NOTIFICACIÓN DE CIBER INCIDENTE",2,"Mineral del Chico"
"038","OTRAS ALARMAS DE EMERGENCIAS ACTIVADAS",6,"Mineral del Chico"
"038","OTRAS FALTAS AL REGLAMENTO DE TRÁNSITO",2,"Mineral del Chico"
"038","OTROS ACCIDENTES CON LESIONADOS",1,"Mineral del Chico"
"038","OTROS ACTOS RELACIONADOS CON EL PATRIMONIO",3,"Mineral del Chico"
"038","OTROS ACTOS RELACIONADOS CON LA FAMILIA",3,"Mineral del Chico"
"038","OTROS ACTOS RELACIONADOS CON LA LIBERTAD PERSONAL",1,"Mineral del Chico"
"038","OTROS INCENDIOS",5,"Mineral del Chico"
"038","OTROS INCIDENTES MÉDICOS CLINICOS",2,"Mineral del Chico"
"038","OTROS INCIDENTES MÉDICOS TRAUMÁTICOS",1,"Mineral del Chico"
"038","OTROS RESCATES",10,"Mineral del Chico"
"038","PERSONA AGRESIVA",18,"Mineral del Chico"
"038","PERSONA LOCALIZADA",1,"Mineral del Chico"
"038","PERSONA NO LOCALIZADA",1,"Mineral del Chico"
"038","PERSONA SOSPECHOSA",2,"Mineral del Chico"
"038","QUEMADURAS",1,"Mineral del Chico"
"038","RESCATE ANIMAL",1,"Mineral del Chico"
"038","RIÑA / PELEA CLANDESTINA",3,"Mineral del Chico"
"038","ROBO A CASA HABITACIÓN SIN VIOLENCIA",1,"Mineral del Chico"
"038","ROBO DE VEHÍCULO PARTICULAR SIN VIOLENCIA",3,"Mineral del Chico"
"038","RUIDO EXCESIVO",3,"Mineral del Chico"
"038","SOLICITUD DE RONDÍN",1,"Mineral del Chico"
"038","SUICIDIO",1,"Mineral del Chico"
"038","TALA ILEGAL",2,"Mineral del Chico"
"038","TRABAJO DE PARTO",1,"Mineral del Chico"
"038","TRAUMATISMO DE CRÁNEO",1,"Mineral del Chico"
"038","URGENCIA EN PACIENTE EMBARAZADA",4,"Mineral del Chico"
"038","URGENCIA POR ENFERMEDAD GENERAL",4,"Mineral del Chico"
"038","VEHÍCULO A EXCESO DE VELOCIDAD",2,"Mineral del Chico"
"038","VEHÍCULO ABANDONADO",1,"Mineral del Chico"
"038","VEHÍCULO DESCOMPUESTO",4,"Mineral del Chico"
"038","VEHÍCULO RECUPERADO",3,"Mineral del Chico"
"038","VEHÍCULO SOSPECHOSO",5,"Mineral del Chico"
"038","VIOLENCIA DE PAREJA",4,"Mineral del Chico"
"038","VIOLENCIA FAMILIAR",3,"Mineral del Chico"
"038","ÁRBOL CAÍDO O POR CAER",3,"Mineral del Chico"
"039","ABUSO DE CONFIANZA",1,"Mineral del Monte"
"039","ABUSO SEXUAL",1,"Mineral del Monte"
"039","ACCIDENTE DE MOTOCICLETA CON LESIONADOS",27,"Mineral del Monte"
"039","ACCIDENTE DE TRÁNSITO CON MUERTOS",1,"Mineral del Monte"
"039","ACCIDENTE DE TRÁNSITO SIN LESIONADOS",42,"Mineral del Monte"
"039","ACCIDENTE DE VEHÍCULO AUTOMOTOR CON LESIONADOS",25,"Mineral del Monte"
"039","ACCIDENTE MÚLTIPLE CON LESIONADOS",9,"Mineral del Monte"
"039","ACOSO U HOSTIGAMIENTO SEXUAL",2,"Mineral del Monte"
"039","ALLANAMIENTO DE MORADA",20,"Mineral del Monte"
"039","ALTERACIÓN DEL ORDEN PÚBLICO POR PERSONA ALCOHOLIZADA",12,"Mineral del Monte"
"039","ALTERACIÓN DEL ORDEN PÚBLICO POR PERSONA DROGADA",1,"Mineral del Monte"
"039","AMENAZA DE ABORTO",1,"Mineral del Monte"
"039","AMENAZA DE SUICIDIO",3,"Mineral del Monte"
"039","ANIMAL PELIGROSO",5,"Mineral del Monte"
"039","ANIMALES SUELTOS",4,"Mineral del Monte"
"039","APOYO A LA CIUDADANÍA",41,"Mineral del Monte"
"039","ARRANCONES O CARRERAS DE VEHÍCULOS",2,"Mineral del Monte"
"039","ATAQUES AL PUDOR",1,"Mineral del Monte"
"039","CABLES COLGANDO",3,"Mineral del Monte"
"039","CAÍDA",16,"Mineral del Monte"
"039","CAÍDA DE BARDA",2,"Mineral del Monte"
"039","CAÍDA DE POSTE",6,"Mineral del Monte"
"039","CONDUCTOR EBRIO",7,"Mineral del Monte"
"039","CONSUMO DE ALCOHOL EN VÍA PÚBLICA",6,"Mineral del Monte"
"039","CONSUMO DE DROGAS EN VÍA PÚBLICA",1,"Mineral del Monte"
"039","CONVULSIONES",7,"Mineral del Monte"
"039","CORTO CIRCUITO",1,"Mineral del Monte"
"039","DAÑO A PROPIEDAD AJENA",4,"Mineral del Monte"
"039","DERRUMBES",11,"Mineral del Monte"
"039","DESCOMPENSACIÓN DE LA DIABETES/DESHIDRATACIÓN",2,"Mineral del Monte"
"039","DETONACIÓN DE ARMA DE FUEGO",6,"Mineral del Monte"
"039","DETONACIÓN DE COHETES O FUEGOS ARTIFICIALES",1,"Mineral del Monte"
"039","DIFICULTAD RESPIRATORIA / URGENCIA RESPIRATORIA",6,"Mineral del Monte"
"039","DOLOR ABDOMINAL / URGENCIA ABDOMINAL",5,"Mineral del Monte"
"039","ENJAMBRE DE ABEJAS",8,"Mineral del Monte"
"039","EXPLOSIÓN",1,"Mineral del Monte"
"039","FALLECIDO DE CAUSA NATURAL",4,"Mineral del Monte"
"039","FALLECIDO DE CAUSA TRAUMÁTICA",1,"Mineral del Monte"
"039","FUGAS Y DERRAMES DE SUSTANCIAS QUÍMICAS",3,"Mineral del Monte"
"039","GRAVA SUELTA",1,"Mineral del Monte"
"039","HEMORRAGIA",2,"Mineral del Monte"
"039","HUNDIMIENTOS / AGRIETAMIENTOS / INESTABILIDAD DE LADERA",1,"Mineral del Monte"
"039","INCENDIO DE VEHÍCULO",1,"Mineral del Monte"
"039","INCENDIO FORESTAL",5,"Mineral del Monte"
"039","INFARTO / URGENCIA CARDIOLÓGICA",1,"Mineral del Monte"
"039","INFARTO CEREBRAL",1,"Mineral del Monte"
"039","INTOXICACIÓN / SOBREDOSIS / ENVENENAMIENTO POR SUSTANCIAS",2,"Mineral del Monte"
"039","INTOXICACIÓN ETÍLICA",2,"Mineral del Monte"
"039","INUNDACIONES",3,"Mineral del Monte"
"039","LESIONADO POR ARMA BLANCA",1,"Mineral del Monte"
"039","MALTRATO DE ANIMALES",1,"Mineral del Monte"
"039","MALTRATO INFANTIL",1,"Mineral del Monte"
"039","MENOR EXTRAVIADO",1,"Mineral del Monte"
"039","MORDEDURA DE ANIMAL",1,"Mineral del Monte"
"039","NOTIFICACIÓN DE CIBER INCIDENTE",5,"Mineral del Monte"
"039","OBJETO SOSPECHOSO O PELIGROSO",5,"Mineral del Monte"
"039","OTRAS ALARMAS DE EMERGENCIAS ACTIVADAS",1,"Mineral del Monte"
"039","OTRAS FALTAS AL REGLAMENTO DE TRÁNSITO",11,"Mineral del Monte"
"039","OTROS ACTOS RELACIONADOS CON EL PATRIMONIO",7,"Mineral del Monte"
"039","OTROS ACTOS RELACIONADOS CON LA FAMILIA",4,"Mineral del Monte"
"039","OTROS ACTOS RELACIONADOS CON LA LIBERTAD Y LA SEGURIDAD SEXUAL",1,"Mineral del Monte"
"039","OTROS INCENDIOS",21,"Mineral del Monte"
"039","OTROS INCIDENTES MÉDICOS CLINICOS",11,"Mineral del Monte"
"039","OTROS INCIDENTES MÉDICOS TRAUMÁTICOS",4,"Mineral del Monte"
"039","OTROS RESCATES",1,"Mineral del Monte"
"039","PERSONA AGRESIVA",51,"Mineral del Monte"
"039","PERSONA DETENIDA",1,"Mineral del Monte"
"039","PERSONA EN CRISIS POR TRASTORNO MENTAL",1,"Mineral del Monte"
"039","PERSONA EN SITUACIÓN DE CALLE",1,"Mineral del Monte"
"039","PERSONA EXHIBICIONISTA",1,"Mineral del Monte"
"039","PERSONA INCONSCIENTE / URGENCIA NEUROLÓGICA",15,"Mineral del Monte"
"039","PERSONA LOCALIZADA",6,"Mineral del Monte"
"039","PERSONA SOSPECHOSA",18,"Mineral del Monte"
"039","PERSONA TIRADA EN VÍA PÚBLICA",3,"Mineral del Monte"
"039","PLAGAS",1,"Mineral del Monte"
"039","PORTACIÓN DE ARMAS O CARTUCHOS",4,"Mineral del Monte"
"039","RESCATE ANIMAL",4,"Mineral del Monte"
"039","RIÑA / PELEA CLANDESTINA",28,"Mineral del Monte"
"039","ROBO A CASA HABITACIÓN SIN VIOLENCIA",4,"Mineral del Monte"
"039","ROBO A NEGOCIO SIN VIOLENCIA",1,"Mineral del Monte"
"039","ROBO DE AUTOPARTES O ACCESORIOS",1,"Mineral del Monte"
"039","ROBO DE GANADO",1,"Mineral del Monte"
"039","ROBO DE VEHÍCULO PARTICULAR SIN VIOLENCIA",10,"Mineral del Monte"
"039","RUIDO EXCESIVO",13,"Mineral del Monte"
"039","SUSTRACCIÓN DE MENORES",1,"Mineral del Monte"
"039","TALA ILEGAL",3,"Mineral del Monte"
"039","TENTATIVA DE ROBO",3,"Mineral del Monte"
"039","TRAUMATISMO DE CRÁNEO",1,"Mineral del Monte"
"039","URGENCIA POR ENFERMEDAD GENERAL",9,"Mineral del Monte"
"039","VEHÍCULO A EXCESO DE VELOCIDAD",7,"Mineral del Monte"
"039","VEHÍCULO ABANDONADO",3,"Mineral del Monte"
"039","VEHÍCULO DESCOMPUESTO",35,"Mineral del Monte"
"039","VEHÍCULO EN HUIDA",6,"Mineral del Monte"
"039","VEHÍCULO RECUPERADO",1,"Mineral del Monte"
"039","VEHÍCULO SOSPECHOSO",26,"Mineral del Monte"
"039","VIOLACIÓN",1,"Mineral del Monte"
"039","VIOLENCIA CONTRA LA MUJER",4,"Mineral del Monte"
"039","VIOLENCIA DE PAREJA",15,"Mineral del Monte"
"039","VIOLENCIA FAMILIAR",25,"Mineral del Monte"
"039","ÁRBOL CAÍDO O POR CAER",9,"Mineral del Monte"
"040","ACCIDENTE DE TRÁNSITO SIN LESIONADOS",1,"La Misión"
"040","ACCIDENTE MÚLTIPLE CON LESIONADOS",2,"La Misión"
"040","ALTERACIÓN DEL ORDEN PÚBLICO POR PERSONA ALCOHOLIZADA",2,"La Misión"
"040","ALTERACIÓN DEL ORDEN PÚBLICO POR PERSONA DROGADA",1,"La Misión"
"040","CONVULSIONES",1,"La Misión"
"040","DETONACIÓN DE ARMA DE FUEGO",1,"La Misión"
"040","EXTORSIÓN",1,"La Misión"
"040","EXTORSIÓN TELEFÓNICA",1,"La Misión"
"040","INCENDIO FORESTAL",1,"La Misión"
"040","OTRAS ALARMAS DE EMERGENCIAS ACTIVADAS",18,"La Misión"
"040","OTROS ACTOS RELACIONADOS CON LA FAMILIA",1,"La Misión"
"040","PERSONA AGRESIVA",1,"La Misión"
"040","PERSONA LOCALIZADA",1,"La Misión"
"040","PERSONA NO LOCALIZADA",1,"La Misión"
"040","ROBO DE VEHÍCULO PARTICULAR SIN VIOLENCIA",1,"La Misión"
"040","TALA ILEGAL",1,"La Misión"
"040","URGENCIA POR ENFERMEDAD GENERAL",1,"La Misión"
"040","VEHÍCULO SOSPECHOSO",1,"La Misión"
"040","VIOLENCIA FAMILIAR",1,"La Misión"
"041","ABANDONO DE PERSONA",3,"Mixquiahuala de Juárez"
"041","ABUSO DE CONFIANZA",6,"Mixquiahuala de Juárez"
"041","ACCIDENTE DE MOTOCICLETA CON FALLECIDO",3,"Mixquiahuala de Juárez"
"041","ACCIDENTE DE MOTOCICLETA CON LESIONADOS",139,"Mixquiahuala de Juárez"
"041","ACCIDENTE DE TRÁNSITO SIN LESIONADOS",55,"Mixquiahuala de Juárez"
"041","ACCIDENTE DE VEHÍCULO AUTOMOTOR CON LESIONADOS",23,"Mixquiahuala de Juárez"
"041","ACCIDENTE DE VEHÍCULO DE PASAJEROS CON LESIONADOS",2,"Mixquiahuala de Juárez"
"041","ACCIDENTE MÚLTIPLE CON LESIONADOS",7,"Mixquiahuala de Juárez"
"041","ACOSO U HOSTIGAMIENTO SEXUAL",3,"Mixquiahuala de Juárez"
"041","AERONAVE SOSPECHOSA",1,"Mixquiahuala de Juárez"
"041","ALLANAMIENTO DE MORADA",24,"Mixquiahuala de Juárez"
"041","ALMACENAMIENTO DE SUSTANCIAS PELIGROSAS",2,"Mixquiahuala de Juárez"
"041","ALTERACIÓN DEL ORDEN PÚBLICO POR PERSONA ALCOHOLIZADA",59,"Mixquiahuala de Juárez"
"041","ALTERACIÓN DEL ORDEN PÚBLICO POR PERSONA DROGADA",13,"Mixquiahuala de Juárez"
"041","AMENAZA",2,"Mixquiahuala de Juárez"
"041","AMENAZA DE SUICIDIO",3,"Mixquiahuala de Juárez"
"041","ANIMAL MUERTO",1,"Mixquiahuala de Juárez"
"041","ANIMAL PELIGROSO",4,"Mixquiahuala de Juárez"
"041","ANIMALES SUELTOS",3,"Mixquiahuala de Juárez"
"041","APOYO A LA CIUDADANÍA",46,"Mixquiahuala de Juárez"
"041","APOYO A OTRO ESTADO",2,"Mixquiahuala de Juárez"
"041","ARRANCONES O CARRERAS DE VEHÍCULOS",13,"Mixquiahuala de Juárez"
"041","ASFIXIA",2,"Mixquiahuala de Juárez"
"041","ATAQUES AL PUDOR",1,"Mixquiahuala de Juárez"
"041","ATROPELLAMIENTO",9,"Mixquiahuala de Juárez"
"041","BLOQUEO O CORTE DE VÍAS DE COMUNICACIÓN",1,"Mixquiahuala de Juárez"
"041","CABLES COLGANDO",6,"Mixquiahuala de Juárez"
"041","CAÍDA",39,"Mixquiahuala de Juárez"
"041","CIRCULAR EN SENTIDO CONTRARIO",1,"Mixquiahuala de Juárez"
"041","CONDUCTOR EBRIO",17,"Mixquiahuala de Juárez"
"041","CONSUMO DE ALCOHOL EN VÍA PÚBLICA",18,"Mixquiahuala de Juárez"
"041","CONSUMO DE DROGAS EN VÍA PÚBLICA",2,"Mixquiahuala de Juárez"
"041","CONTAMINACIÓN DE SUELO, AIRE Y AGUA",4,"Mixquiahuala de Juárez"
"041","CONVULSIONES",24,"Mixquiahuala de Juárez"
"041","CORTO CIRCUITO",7,"Mixquiahuala de Juárez"
"041","DAÑO A BIENES PÚBLICOS, INSTITUCIONES, MONUMENTOS, ENTRE OTROS",3,"Mixquiahuala de Juárez"
"041","DAÑO A PROPIEDAD AJENA",10,"Mixquiahuala de Juárez"
"041","DERRUMBES",1,"Mixquiahuala de Juárez"
"041","DESCARGA DE DESECHOS SIN PERMISOS",1,"Mixquiahuala de Juárez"
"041","DESCOMPENSACIÓN DE LA DIABETES/DESHIDRATACIÓN",3,"Mixquiahuala de Juárez"
"041","DETONACIÓN DE ARMA DE FUEGO",32,"Mixquiahuala de Juárez"
"041","DETONACIÓN DE COHETES O FUEGOS ARTIFICIALES",10,"Mixquiahuala de Juárez"
"041","DIFICULTAD RESPIRATORIA / URGENCIA RESPIRATORIA",16,"Mixquiahuala de Juárez"
"041","DOLOR ABDOMINAL / URGENCIA ABDOMINAL",3,"Mixquiahuala de Juárez"
"041","ELECTROCUTADO/LESIÓN POR CORRIENTE ELÉCTRICA",1,"Mixquiahuala de Juárez"
"041","ENJAMBRE DE ABEJAS",3,"Mixquiahuala de Juárez"
"041","ENVENENAMIENTO POR ANIMAL DE PONZOÑA",1,"Mixquiahuala de Juárez"
"041","EXTORSIÓN",2,"Mixquiahuala de Juárez"
"041","EXTORSIÓN TELEFÓNICA",9,"Mixquiahuala de Juárez"
"041","FALLAS DE SEMÁFORO",1,"Mixquiahuala de Juárez"
"041","FALLECIDO DE CAUSA NATURAL",16,"Mixquiahuala de Juárez"
"041","FALLECIDO DE CAUSA TRAUMÁTICA",2,"Mixquiahuala de Juárez"
"041","FRACTURADO/TRAUMATISMO DE EXTREMIDADES",7,"Mixquiahuala de Juárez"
"041","FUGAS Y DERRAMES DE SUSTANCIAS QUÍMICAS",7,"Mixquiahuala de Juárez"
"041","GASES TÓXICOS",1,"Mixquiahuala de Juárez"
"041","HEMORRAGIA",3,"Mixquiahuala de Juárez"
"041","INCENDIO DE CASA HABITACIÓN",7,"Mixquiahuala de Juárez"
"041","INCENDIO DE COMERCIO",1,"Mixquiahuala de Juárez"
"041","INCENDIO DE VEHÍCULO",6,"Mixquiahuala de Juárez"
"041","INFARTO / URGENCIA CARDIOLÓGICA",5,"Mixquiahuala de Juárez"
"041","INTOXICACIÓN / SOBREDOSIS / ENVENENAMIENTO POR SUSTANCIAS",4,"Mixquiahuala de Juárez"
"041","INTOXICACIÓN ETÍLICA",1,"Mixquiahuala de Juárez"
"041","LESIONADO POR ARMA BLANCA",2,"Mixquiahuala de Juárez"
"041","MALTRATO DE ANIMALES",6,"Mixquiahuala de Juárez"
"041","MALTRATO INFANTIL",4,"Mixquiahuala de Juárez"
"041","MORDEDURA DE ANIMAL",5,"Mixquiahuala de Juárez"
"041","NOTIFICACIÓN DE CIBER INCIDENTE",4,"Mixquiahuala de Juárez"
"041","OBJETO SOSPECHOSO O PELIGROSO",3,"Mixquiahuala de Juárez"
"041","OTRAS ALARMAS DE EMERGENCIAS ACTIVADAS",61,"Mixquiahuala de Juárez"
"041","OTRAS FALTAS AL REGLAMENTO DE TRÁNSITO",20,"Mixquiahuala de Juárez"
"041","OTROS ACTOS RELACIONADOS CON EL PATRIMONIO",9,"Mixquiahuala de Juárez"
"041","OTROS ACTOS RELACIONADOS CON LA FAMILIA",18,"Mixquiahuala de Juárez"
"041","OTROS ACTOS RELACIONADOS CON LA LIBERTAD PERSONAL",4,"Mixquiahuala de Juárez"
"041","OTROS INCENDIOS",43,"Mixquiahuala de Juárez"
"041","OTROS INCIDENTES MÉDICOS CLINICOS",10,"Mixquiahuala de Juárez"
"041","OTROS INCIDENTES MÉDICOS TRAUMÁTICOS",7,"Mixquiahuala de Juárez"
"041","OTROS RESCATES",6,"Mixquiahuala de Juárez"
"041","OTROS TIPOS DE ALTERACIÓN AL ORDEN PÚBLICO",8,"Mixquiahuala de Juárez"
"041","PERSONA AGRESIVA",88,"Mixquiahuala de Juárez"
"041","PERSONA DETENIDA",2,"Mixquiahuala de Juárez"
"041","PERSONA EN CRISIS POR TRASTORNO MENTAL",2,"Mixquiahuala de Juárez"
"041","PERSONA EN SITUACIÓN DE CALLE",4,"Mixquiahuala de Juárez"
"041","PERSONA EXHIBICIONISTA",3,"Mixquiahuala de Juárez"
"041","PERSONA INCONSCIENTE / URGENCIA NEUROLÓGICA",31,"Mixquiahuala de Juárez"
"041","PERSONA LOCALIZADA",5,"Mixquiahuala de Juárez"
"041","PERSONA NO LOCALIZADA",4,"Mixquiahuala de Juárez"
"041","PERSONA SOSPECHOSA",49,"Mixquiahuala de Juárez"
"041","PERSONA TIRADA EN VÍA PÚBLICA",28,"Mixquiahuala de Juárez"
"041","PORTACIÓN DE ARMAS O CARTUCHOS",7,"Mixquiahuala de Juárez"
"041","RESCATE ANIMAL",8,"Mixquiahuala de Juárez"
"041","RIÑA / PELEA CLANDESTINA",64,"Mixquiahuala de Juárez"
"041","ROBO A CASA HABITACIÓN SIN VIOLENCIA",8,"Mixquiahuala de Juárez"
"041","ROBO A NEGOCIO SIN VIOLENCIA",2,"Mixquiahuala de Juárez"
"041","ROBO A TRANSEÚNTE SIN VIOLENCIA",2,"Mixquiahuala de Juárez"
"041","ROBO DE AUTOPARTES O ACCESORIOS",2,"Mixquiahuala de Juárez"
"041","ROBO DE COMBUSTIBLE",1,"Mixquiahuala de Juárez"
"041","ROBO DE VEHÍCULO PARTICULAR SIN VIOLENCIA",54,"Mixquiahuala de Juárez"
"041","RUIDO EXCESIVO",28,"Mixquiahuala de Juárez"
"041","SOLICITUD DE RONDÍN",7,"Mixquiahuala de Juárez"
"041","SUICIDIO",2,"Mixquiahuala de Juárez"
"041","SUSTRACCIÓN DE MENORES",1,"Mixquiahuala de Juárez"
"041","TENTATIVA DE ROBO",12,"Mixquiahuala de Juárez"
"041","TRABAJO DE PARTO",1,"Mixquiahuala de Juárez"
"041","TRAUMATISMO DE TÓRAX (PECHO Y/O ESPALDA)",1,"Mixquiahuala de Juárez"
"041","URGENCIA EN PACIENTE EMBARAZADA",1,"Mixquiahuala de Juárez"
"041","URGENCIA POR ENFERMEDAD GENERAL",19,"Mixquiahuala de Juárez"
"041","VEHÍCULO A EXCESO DE VELOCIDAD",10,"Mixquiahuala de Juárez"
"041","VEHÍCULO ABANDONADO",1,"Mixquiahuala de Juárez"
"041","VEHÍCULO DESCOMPUESTO",4,"Mixquiahuala de Juárez"
"041","VEHÍCULO EN HUIDA",13,"Mixquiahuala de Juárez"
"041","VEHÍCULO RECUPERADO",3,"Mixquiahuala de Juárez"
"041","VEHÍCULO SOSPECHOSO",43,"Mixquiahuala de Juárez"
"041","VENTA CLANDESTINA DE PIROTECNIA, COHETES O FUEGOS ARTIFICIALES",1,"Mixquiahuala de Juárez"
"041","VIOLACIÓN",1,"Mixquiahuala de Juárez"
"041","VIOLENCIA CONTRA LA MUJER",31,"Mixquiahuala de Juárez"
"041","VIOLENCIA DE PAREJA",47,"Mixquiahuala de Juárez"
"041","VIOLENCIA FAMILIAR",61,"Mixquiahuala de Juárez"
"041","ÁRBOL CAÍDO O POR CAER",3,"Mixquiahuala de Juárez"
"042","ACCIDENTE DE MOTOCICLETA CON LESIONADOS",3,"Molango de Escamilla"
"042","ACCIDENTE DE TRÁNSITO SIN LESIONADOS",3,"Molango de Escamilla"
"042","ACCIDENTE DE VEHÍCULO AUTOMOTOR CON LESIONADOS",9,"Molango de Escamilla"
"042","ACCIDENTE DE VEHÍCULO DE PASAJEROS CON FALLECIDO",1,"Molango de Escamilla"
"042","ACCIDENTE MÚLTIPLE CON LESIONADOS",1,"Molango de Escamilla"
"042","ALLANAMIENTO DE MORADA",2,"Molango de Escamilla"
"042","ALTERACIÓN DEL ORDEN PÚBLICO POR PERSONA ALCOHOLIZADA",5,"Molango de Escamilla"
"042","APOYO A LA CIUDADANÍA",7,"Molango de Escamilla"
"042","ASFIXIA",1,"Molango de Escamilla"
"042","CAÍDA",5,"Molango de Escamilla"
"042","CAÍDA DE BARDA",1,"Molango de Escamilla"
"042","CONDUCTOR EBRIO",2,"Molango de Escamilla"
"042","CONSUMO DE ALCOHOL EN VÍA PÚBLICA",3,"Molango de Escamilla"
"042","CONTAMINACIÓN DE SUELO, AIRE Y AGUA",1,"Molango de Escamilla"
"042","CONVULSIONES",1,"Molango de Escamilla"
"042","DAÑO A PROPIEDAD AJENA",2,"Molango de Escamilla"
"042","DERRUMBES",2,"Molango de Escamilla"
"042","DETONACIÓN DE ARMA DE FUEGO",2,"Molango de Escamilla"
"042","DIFICULTAD RESPIRATORIA / URGENCIA RESPIRATORIA",1,"Molango de Escamilla"
"042","ENCHARCAMIENTO/ DESBORDAMIENTO DE RÍO",1,"Molango de Escamilla"
"042","EXTORSIÓN TELEFÓNICA",2,"Molango de Escamilla"
"042","FRAUDE",1,"Molango de Escamilla"
"042","FUGAS Y DERRAMES DE SUSTANCIAS QUÍMICAS",1,"Molango de Escamilla"
"042","HEMORRAGIA",1,"Molango de Escamilla"
"042","INFARTO / URGENCIA CARDIOLÓGICA",1,"Molango de Escamilla"
"042","MALTRATO INFANTIL",1,"Molango de Escamilla"
"042","NOTIFICACIÓN DE CIBER INCIDENTE",2,"Molango de Escamilla"
"042","OTRAS ALARMAS DE EMERGENCIAS ACTIVADAS",172,"Molango de Escamilla"
"042","OTRAS FALTAS AL REGLAMENTO DE TRÁNSITO",1,"Molango de Escamilla"
"042","OTROS ACTOS RELACIONADOS CON LA FAMILIA",1,"Molango de Escamilla"
"042","OTROS INCENDIOS",4,"Molango de Escamilla"
"042","OTROS INCIDENTES MÉDICOS CLINICOS",2,"Molango de Escamilla"
"042","OTROS INCIDENTES MÉDICOS TRAUMÁTICOS",2,"Molango de Escamilla"
"042","OTROS RESCATES",1,"Molango de Escamilla"
"042","OTROS TIPOS DE ALTERACIÓN AL ORDEN PÚBLICO",1,"Molango de Escamilla"
"042","PERSONA AGRESIVA",3,"Molango de Escamilla"
"042","PERSONA DETENIDA",1,"Molango de Escamilla"
"042","PERSONA INCONSCIENTE / URGENCIA NEUROLÓGICA",2,"Molango de Escamilla"
"042","PERSONA TIRADA EN VÍA PÚBLICA",1,"Molango de Escamilla"
"042","PORTACIÓN DE ARMAS O CARTUCHOS",2,"Molango de Escamilla"
"042","RESCATE ANIMAL",1,"Molango de Escamilla"
"042","RIÑA / PELEA CLANDESTINA",5,"Molango de Escamilla"
"042","ROBO DE VEHÍCULO PARTICULAR SIN VIOLENCIA",2,"Molango de Escamilla"
"042","RUIDO EXCESIVO",1,"Molango de Escamilla"
"042","TALA ILEGAL",1,"Molango de Escamilla"
"042","TENTATIVA DE ROBO",1,"Molango de Escamilla"
"042","VEHÍCULO A EXCESO DE VELOCIDAD",4,"Molango de Escamilla"
"042","VEHÍCULO DESCOMPUESTO",6,"Molango de Escamilla"
"042","VEHÍCULO EN HUIDA",1,"Molango de Escamilla"
"042","VEHÍCULO SOSPECHOSO",2,"Molango de Escamilla"
"042","VIOLENCIA CONTRA LA MUJER",2,"Molango de Escamilla"
"042","VIOLENCIA DE PAREJA",1,"Molango de Escamilla"
"042","VIOLENCIA FAMILIAR",4,"Molango de Escamilla"
"042","ÁRBOL CAÍDO O POR CAER",2,"Molango de Escamilla"
"043","CAÍDA",1,"Nicolás Flores"
"043","DERRUMBES",1,"Nicolás Flores"
"043","OTRAS ALARMAS DE EMERGENCIAS ACTIVADAS",13,"Nicolás Flores"
"043","PERSONA AGRESIVA",1,"Nicolás Flores"
"043","PERSONA LOCALIZADA",2,"Nicolás Flores"
"044","ACCIDENTE DE MOTOCICLETA CON FALLECIDO",1,"Nopala de Villagrán"
"044","ACCIDENTE DE MOTOCICLETA CON LESIONADOS",9,"Nopala de Villagrán"
"044","ACCIDENTE DE TRÁNSITO SIN LESIONADOS",11,"Nopala de Villagrán"
"044","ACCIDENTE DE VEHÍCULO AUTOMOTOR CON LESIONADOS",7,"Nopala de Villagrán"
"044","ACCIDENTE DE VEHÍCULO DE PASAJEROS CON LESIONADOS",1,"Nopala de Villagrán"
"044","ACCIDENTE MÚLTIPLE CON LESIONADOS",6,"Nopala de Villagrán"
"044","ALLANAMIENTO DE MORADA",3,"Nopala de Villagrán"
"044","ALTERACIÓN DEL ORDEN PÚBLICO POR PERSONA ALCOHOLIZADA",4,"Nopala de Villagrán"
"044","ALTERACIÓN DEL ORDEN PÚBLICO POR PERSONA DROGADA",3,"Nopala de Villagrán"
"044","AMENAZA",1,"Nopala de Villagrán"
"044","AMENAZA DE SUICIDIO",1,"Nopala de Villagrán"
"044","ANIMAL PELIGROSO",1,"Nopala de Villagrán"
"044","APOYO A LA CIUDADANÍA",13,"Nopala de Villagrán"
"044","APOYO A OTRO ESTADO",1,"Nopala de Villagrán"
"044","ARRANCONES O CARRERAS DE VEHÍCULOS",4,"Nopala de Villagrán"
"044","ATROPELLAMIENTO",3,"Nopala de Villagrán"
"044","CAÍDA",4,"Nopala de Villagrán"
"044","CONSUMO DE DROGAS EN VÍA PÚBLICA",1,"Nopala de Villagrán"
"044","CONTAMINACIÓN DE SUELO, AIRE Y AGUA",1,"Nopala de Villagrán"
"044","CONVULSIONES",2,"Nopala de Villagrán"
"044","DETONACIÓN DE ARMA DE FUEGO",22,"Nopala de Villagrán"
"044","ENCHARCAMIENTO/ DESBORDAMIENTO DE RÍO",2,"Nopala de Villagrán"
"044","ENJAMBRE DE ABEJAS",1,"Nopala de Villagrán"
"044","EXTORSIÓN",1,"Nopala de Villagrán"
"044","EXTORSIÓN TELEFÓNICA",1,"Nopala de Villagrán"
"044","FRACTURADO/TRAUMATISMO DE EXTREMIDADES",1,"Nopala de Villagrán"
"044","FRAUDE",1,"Nopala de Villagrán"
"044","HEMORRAGIA",1,"Nopala de Villagrán"
"044","INCENDIO DE CASA HABITACIÓN",1,"Nopala de Villagrán"
"044","INCENDIO DE VEHÍCULO",1,"Nopala de Villagrán"
"044","INCENDIO FORESTAL",6,"Nopala de Villagrán"
"044","MORDEDURA DE ANIMAL",1,"Nopala de Villagrán"
"044","OTRAS ALARMAS DE EMERGENCIAS ACTIVADAS",23,"Nopala de Villagrán"
"044","OTRAS FALTAS AL REGLAMENTO DE TRÁNSITO",2,"Nopala de Villagrán"
"044","OTROS ACTOS RELACIONADOS CON EL PATRIMONIO",2,"Nopala de Villagrán"
"044","OTROS ACTOS RELACIONADOS CON LA FAMILIA",2,"Nopala de Villagrán"
"044","OTROS ACTOS RELACIONADOS CON LA LIBERTAD PERSONAL",1,"Nopala de Villagrán"
"044","OTROS INCENDIOS",30,"Nopala de Villagrán"
"044","OTROS INCIDENTES MÉDICOS CLINICOS",3,"Nopala de Villagrán"
"044","OTROS INCIDENTES MÉDICOS TRAUMÁTICOS",1,"Nopala de Villagrán"
"044","OTROS TIPOS DE ALTERACIÓN AL ORDEN PÚBLICO",2,"Nopala de Villagrán"
"044","PERSONA AGRESIVA",11,"Nopala de Villagrán"
"044","PERSONA INCONSCIENTE / URGENCIA NEUROLÓGICA",2,"Nopala de Villagrán"
"044","PERSONA LOCALIZADA",2,"Nopala de Villagrán"
"044","PERSONA NO LOCALIZADA",1,"Nopala de Villagrán"
"044","PERSONA SOSPECHOSA",11,"Nopala de Villagrán"
"044","PERSONA TIRADA EN VÍA PÚBLICA",4,"Nopala de Villagrán"
"044","PLAGAS",1,"Nopala de Villagrán"
"044","PORTACIÓN DE ARMAS O CARTUCHOS",3,"Nopala de Villagrán"
"044","QUEMADURAS",1,"Nopala de Villagrán"
"044","RIÑA / PELEA CLANDESTINA",5,"Nopala de Villagrán"
"044","ROBO A CASA HABITACIÓN SIN VIOLENCIA",1,"Nopala de Villagrán"
"044","ROBO A FERROCARRIL",2,"Nopala de Villagrán"
"044","ROBO A NEGOCIO SIN VIOLENCIA",1,"Nopala de Villagrán"
"044","ROBO DE COMBUSTIBLE",27,"Nopala de Villagrán"
"044","ROBO DE VEHÍCULO PARTICULAR SIN VIOLENCIA",2,"Nopala de Villagrán"
"044","RUIDO EXCESIVO",8,"Nopala de Villagrán"
"044","SOLICITUD DE RONDÍN",6,"Nopala de Villagrán"
"044","TALA ILEGAL",2,"Nopala de Villagrán"
"044","URGENCIA POR ENFERMEDAD GENERAL",1,"Nopala de Villagrán"
"044","VEHÍCULO A EXCESO DE VELOCIDAD",5,"Nopala de Villagrán"
"044","VEHÍCULO ABANDONADO",3,"Nopala de Villagrán"
"044","VEHÍCULO DESCOMPUESTO",3,"Nopala de Villagrán"
"044","VEHÍCULO EN HUIDA",3,"Nopala de Villagrán"
"044","VEHÍCULO RECUPERADO",1,"Nopala de Villagrán"
"044","VEHÍCULO SOSPECHOSO",22,"Nopala de Villagrán"
"044","VIOLENCIA CONTRA LA MUJER",2,"Nopala de Villagrán"
"044","VIOLENCIA DE PAREJA",6,"Nopala de Villagrán"
"044","VIOLENCIA FAMILIAR",7,"Nopala de Villagrán"
"045","ABUSO DE CONFIANZA",1,"Omitlán de Juárez"
"045","ACCIDENTE DE AERONAVE CON LESIONADOS",1,"Omitlán de Juárez"
"045","ACCIDENTE DE MOTOCICLETA CON LESIONADOS",11,"Omitlán de Juárez"
"045","ACCIDENTE DE TRÁNSITO SIN LESIONADOS",33,"Omitlán de Juárez"
"045","ACCIDENTE DE VEHÍCULO AUTOMOTOR CON LESIONADOS",14,"Omitlán de Juárez"
"045","ACCIDENTE DE VEHÍCULO DE PASAJEROS CON LESIONADOS",3,"Omitlán de Juárez"
"045","ACCIDENTE MÚLTIPLE CON FALLECIDO",1,"Omitlán de Juárez"
"045","ACCIDENTE MÚLTIPLE CON LESIONADOS",10,"Omitlán de Juárez"
"045","AERONAVE SOSPECHOSA",1,"Omitlán de Juárez"
"045","AFECTACIÓN DE LOS SERVICIOS BÁSICOS O DE INFRAESTRUCTURA ESTRATÉGICA",1,"Omitlán de Juárez"
"045","ALCANTARILLA SIN TAPA",1,"Omitlán de Juárez"
"045","ALLANAMIENTO DE MORADA",6,"Omitlán de Juárez"
"045","ALTERACIÓN DEL ORDEN PÚBLICO POR PERSONA ALCOHOLIZADA",3,"Omitlán de Juárez"
"045","ALTERACIÓN DEL ORDEN PÚBLICO POR PERSONA DROGADA",1,"Omitlán de Juárez"
"045","AMENAZA",2,"Omitlán de Juárez"
"045","ANIMALES SUELTOS",1,"Omitlán de Juárez"
"045","APOYO A LA CIUDADANÍA",16,"Omitlán de Juárez"
"045","ARRANCONES O CARRERAS DE VEHÍCULOS",2,"Omitlán de Juárez"
"045","ATROPELLAMIENTO",1,"Omitlán de Juárez"
"045","CAÍDA",9,"Omitlán de Juárez"
"045","CAÍDA DE BARDA",1,"Omitlán de Juárez"
"045","CONCENTRACIÓN PACÍFICA DE PERSONAS",1,"Omitlán de Juárez"
"045","CONDUCTOR EBRIO",6,"Omitlán de Juárez"
"045","CONSUMO DE DROGAS EN VÍA PÚBLICA",1,"Omitlán de Juárez"
"045","CONVULSIONES",1,"Omitlán de Juárez"
"045","DAÑO A BIENES PÚBLICOS, INSTITUCIONES, MONUMENTOS, ENTRE OTROS",1,"Omitlán de Juárez"
"045","DAÑO A PROPIEDAD AJENA",2,"Omitlán de Juárez"
"045","DERRUMBES",7,"Omitlán de Juárez"
"045","DETONACIÓN DE ARMA DE FUEGO",14,"Omitlán de Juárez"
"045","DIFICULTAD RESPIRATORIA / URGENCIA RESPIRATORIA",2,"Omitlán de Juárez"
"045","ELECTROCUTADO/LESIÓN POR CORRIENTE ELÉCTRICA",1,"Omitlán de Juárez"
"045","ENJAMBRE DE ABEJAS",1,"Omitlán de Juárez"
"045","EXTORSIÓN TELEFÓNICA",4,"Omitlán de Juárez"
"045","FALLECIDO DE CAUSA NATURAL",1,"Omitlán de Juárez"
"045","FUGAS Y DERRAMES DE SUSTANCIAS QUÍMICAS",1,"Omitlán de Juárez"
"045","HEMORRAGIA",3,"Omitlán de Juárez"
"045","INCENDIO DE CASA HABITACIÓN",3,"Omitlán de Juárez"
"045","INCENDIO DE VEHÍCULO",3,"Omitlán de Juárez"
"045","INCENDIO FORESTAL",6,"Omitlán de Juárez"
"045","INFARTO / URGENCIA CARDIOLÓGICA",1,"Omitlán de Juárez"
"045","INTOXICACIÓN / SOBREDOSIS / ENVENENAMIENTO POR SUSTANCIAS",4,"Omitlán de Juárez"
"045","MALTRATO DE ANIMALES",1,"Omitlán de Juárez"
"045","MANIFESTACIÓN CON DISTURBIOS O BLOQUEOS",1,"Omitlán de Juárez"
"045","OBJETO SOSPECHOSO O PELIGROSO",2,"Omitlán de Juárez"
"045","OLORES FÉTIDOS",1,"Omitlán de Juárez"
"045","OTRAS ALARMAS DE EMERGENCIAS ACTIVADAS",1,"Omitlán de Juárez"
"045","OTRAS FALTAS AL REGLAMENTO DE TRÁNSITO",2,"Omitlán de Juárez"
"045","OTROS ACTOS RELACIONADOS CON EL PATRIMONIO",2,"Omitlán de Juárez"
"045","OTROS ACTOS RELACIONADOS CON LA FAMILIA",3,"Omitlán de Juárez"
"045","OTROS INCENDIOS",7,"Omitlán de Juárez"
"045","OTROS INCIDENTES MÉDICOS CLINICOS",1,"Omitlán de Juárez"
"045","OTROS INCIDENTES MÉDICOS TRAUMÁTICOS",1,"Omitlán de Juárez"
"045","OTROS RESCATES",2,"Omitlán de Juárez"
"045","OTROS TIPOS DE ALTERACIÓN AL ORDEN PÚBLICO",1,"Omitlán de Juárez"
"045","PELEA CLANDESTINA CON ANIMALES",1,"Omitlán de Juárez"
"045","PERSONA AGRESIVA",8,"Omitlán de Juárez"
"045","PERSONA EN CRISIS POR TRASTORNO MENTAL",1,"Omitlán de Juárez"
"045","PERSONA INCONSCIENTE / URGENCIA NEUROLÓGICA",5,"Omitlán de Juárez"
"045","PERSONA LOCALIZADA",1,"Omitlán de Juárez"
"045","PERSONA SOSPECHOSA",9,"Omitlán de Juárez"
"045","PORTACIÓN DE ARMAS O CARTUCHOS",4,"Omitlán de Juárez"
"045","RESCATE ANIMAL",2,"Omitlán de Juárez"
"045","RIÑA / PELEA CLANDESTINA",9,"Omitlán de Juárez"
"045","ROBO A CASA HABITACIÓN SIN VIOLENCIA",1,"Omitlán de Juárez"
"045","ROBO A TRANSPORTISTA SIN VIOLENCIA",1,"Omitlán de Juárez"
"045","ROBO DE VEHÍCULO PARTICULAR SIN VIOLENCIA",4,"Omitlán de Juárez"
"045","RUIDO EXCESIVO",2,"Omitlán de Juárez"
"045","TALA ILEGAL",1,"Omitlán de Juárez"
"045","TENTATIVA DE ROBO",2,"Omitlán de Juárez"
"045","TRABAJO DE PARTO",1,"Omitlán de Juárez"
"045","URGENCIA POR ENFERMEDAD GENERAL",2,"Omitlán de Juárez"
"045","VEHÍCULO A EXCESO DE VELOCIDAD",2,"Omitlán de Juárez"
"045","VEHÍCULO DESCOMPUESTO",17,"Omitlán de Juárez"
"045","VEHÍCULO EN HUIDA",5,"Omitlán de Juárez"
"045","VEHÍCULO SOSPECHOSO",21,"Omitlán de Juárez"
"045","VIOLENCIA CONTRA LA MUJER",1,"Omitlán de Juárez"
"045","VIOLENCIA DE PAREJA",2,"Omitlán de Juárez"
"045","VIOLENCIA FAMILIAR",8,"Omitlán de Juárez"
"045","ÁRBOL CAÍDO O POR CAER",5,"Omitlán de Juárez"
"046","ACCIDENTE DE MOTOCICLETA CON FALLECIDO",2,"San Felipe Orizatlán"
"046","ACCIDENTE DE MOTOCICLETA CON LESIONADOS",11,"San Felipe Orizatlán"
"046","ACCIDENTE DE TRÁNSITO SIN LESIONADOS",5,"San Felipe Orizatlán"
"046","ACCIDENTE DE VEHÍCULO AUTOMOTOR CON LESIONADOS",10,"San Felipe Orizatlán"
"046","ALTERACIÓN DEL ORDEN PÚBLICO POR PERSONA ALCOHOLIZADA",20,"San Felipe Orizatlán"
"046","ALTERACIÓN DEL ORDEN PÚBLICO POR PERSONA DROGADA",1,"San Felipe Orizatlán"
"046","AMENAZA",1,"San Felipe Orizatlán"
"046","ANIMAL MUERTO",1,"San Felipe Orizatlán"
"046","ANIMAL PELIGROSO",1,"San Felipe Orizatlán"
"046","APOYO A LA CIUDADANÍA",10,"San Felipe Orizatlán"
"046","APOYO A OTRO ESTADO",1,"San Felipe Orizatlán"
"046","ARRANCONES O CARRERAS DE VEHÍCULOS",1,"San Felipe Orizatlán"
"046","CABLES COLGANDO",1,"San Felipe Orizatlán"
"046","CAÍDA",4,"San Felipe Orizatlán"
"046","CONCENTRACIÓN PACÍFICA DE PERSONAS",1,"San Felipe Orizatlán"
"046","CONDUCTOR EBRIO",2,"San Felipe Orizatlán"
"046","CONSUMO DE ALCOHOL EN VÍA PÚBLICA",8,"San Felipe Orizatlán"
"046","CONVULSIONES",2,"San Felipe Orizatlán"
"046","CORTO CIRCUITO",2,"San Felipe Orizatlán"
"046","DAÑO A PROPIEDAD AJENA",1,"San Felipe Orizatlán"
"046","DETONACIÓN DE ARMA DE FUEGO",8,"San Felipe Orizatlán"
"046","DETONACIÓN DE COHETES O FUEGOS ARTIFICIALES",1,"San Felipe Orizatlán"
"046","DIFICULTAD RESPIRATORIA / URGENCIA RESPIRATORIA",2,"San Felipe Orizatlán"
"046","ENCHARCAMIENTO/ DESBORDAMIENTO DE RÍO",1,"San Felipe Orizatlán"
"046","FRACTURADO/TRAUMATISMO DE EXTREMIDADES",1,"San Felipe Orizatlán"
"046","INCENDIO DE CASA HABITACIÓN",1,"San Felipe Orizatlán"
"046","INCENDIO DE VEHÍCULO",1,"San Felipe Orizatlán"
"046","LESIONADO POR ARMA BLANCA",2,"San Felipe Orizatlán"
"046","MALTRATO DE ANIMALES",1,"San Felipe Orizatlán"
"046","MALTRATO INFANTIL",2,"San Felipe Orizatlán"
"046","NOTIFICACIÓN DE CIBER INCIDENTE",2,"San Felipe Orizatlán"
"046","OTRAS ALARMAS DE EMERGENCIAS ACTIVADAS",186,"San Felipe Orizatlán"
"046","OTROS ACTOS RELACIONADOS CON LA FAMILIA",2,"San Felipe Orizatlán"
"046","OTROS ACTOS RELACIONADOS CON LA VIDA Y LA INTEGRIDAD PERSONAL",1,"San Felipe Orizatlán"
"046","OTROS INCENDIOS",4,"San Felipe Orizatlán"
"046","OTROS INCIDENTES MÉDICOS CLINICOS",1,"San Felipe Orizatlán"
"046","PERSONA AGRESIVA",12,"San Felipe Orizatlán"
"046","PERSONA EN CRISIS POR TRASTORNO MENTAL",1,"San Felipe Orizatlán"
"046","PERSONA SOSPECHOSA",5,"San Felipe Orizatlán"
"046","PERSONA TIRADA EN VÍA PÚBLICA",2,"San Felipe Orizatlán"
"046","PORTACIÓN DE ARMAS O CARTUCHOS",3,"San Felipe Orizatlán"
"046","RIÑA / PELEA CLANDESTINA",2,"San Felipe Orizatlán"
"046","RUIDO EXCESIVO",5,"San Felipe Orizatlán"
"046","TENTATIVA DE ROBO",1,"San Felipe Orizatlán"
"046","URGENCIA POR ENFERMEDAD GENERAL",1,"San Felipe Orizatlán"
"046","VEHÍCULO A EXCESO DE VELOCIDAD",1,"San Felipe Orizatlán"
"046","VEHÍCULO DESCOMPUESTO",1,"San Felipe Orizatlán"
"046","VEHÍCULO EN HUIDA",1,"San Felipe Orizatlán"
"046","VEHÍCULO SOSPECHOSO",2,"San Felipe Orizatlán"
"046","VIOLENCIA CONTRA LA MUJER",6,"San Felipe Orizatlán"
"046","VIOLENCIA DE PAREJA",8,"San Felipe Orizatlán"
"046","VIOLENCIA FAMILIAR",11,"San Felipe Orizatlán"
"047","APOYO A LA CIUDADANÍA",1,"Pacula"
"047","NOTIFICACIÓN DE CIBER INCIDENTE",1,"Pacula"
"047","OTRAS ALARMAS DE EMERGENCIAS ACTIVADAS",34,"Pacula"
"047","PORTACIÓN DE ARMAS O CARTUCHOS",1,"Pacula"
"048","ABANDONO DE PERSONA",41,"Pachuca de Soto"
"048","ABUSO DE CONFIANZA",109,"Pachuca de Soto"
"048","ABUSO SEXUAL",14,"Pachuca de Soto"
"048","ACCIDENTE DE MOTOCICLETA CON FALLECIDO",4,"Pachuca de Soto"
"048","ACCIDENTE DE MOTOCICLETA CON LESIONADOS",820,"Pachuca de Soto"
"048","ACCIDENTE DE TRÁNSITO CON MUERTOS",5,"Pachuca de Soto"
"048","ACCIDENTE DE TRÁNSITO SIN LESIONADOS",2660,"Pachuca de Soto"
"048","ACCIDENTE DE VEHÍCULO AUTOMOTOR CON FALLECIDO",8,"Pachuca de Soto"
"048","ACCIDENTE DE VEHÍCULO AUTOMOTOR CON LESIONADOS",476,"Pachuca de Soto"
"048","ACCIDENTE DE VEHÍCULO DE PASAJEROS CON FALLECIDO",2,"Pachuca de Soto"
"048","ACCIDENTE DE VEHÍCULO DE PASAJEROS CON LESIONADOS",66,"Pachuca de Soto"
"048","ACCIDENTE MÚLTIPLE CON FALLECIDO",1,"Pachuca de Soto"
"048","ACCIDENTE MÚLTIPLE CON LESIONADOS",234,"Pachuca de Soto"
"048","ACOSO U HOSTIGAMIENTO SEXUAL",78,"Pachuca de Soto"
"048","ACTIVACIÓN DE ALARMA EN ESCUELA",9,"Pachuca de Soto"
"048","AERONAVE SOSPECHOSA",23,"Pachuca de Soto"
"048","AFECTACIÓN DE LOS SERVICIOS BÁSICOS O DE INFRAESTRUCTURA ESTRATÉGICA",27,"Pachuca de Soto"
"048","AGRESIÓN FÍSICA EN PANDILLA",12,"Pachuca de Soto"
"048","AHOGAMIENTO",1,"Pachuca de Soto"
"048","ALCANTARILLA OBSTRUIDA",7,"Pachuca de Soto"
"048","ALCANTARILLA SIN TAPA",26,"Pachuca de Soto"
"048","ALLANAMIENTO DE MORADA",855,"Pachuca de Soto"
"048","ALTERACIÓN DEL ORDEN PÚBLICO POR PERSONA ALCOHOLIZADA",1541,"Pachuca de Soto"
"048","ALTERACIÓN DEL ORDEN PÚBLICO POR PERSONA DROGADA",747,"Pachuca de Soto"
"048","AMENAZA",98,"Pachuca de Soto"
"048","AMENAZA DE ABORTO",10,"Pachuca de Soto"
"048","AMENAZA DE SUICIDIO",115,"Pachuca de Soto"
"048","AMPUTACIÓN",2,"Pachuca de Soto"
"048","ANIMAL MUERTO",34,"Pachuca de Soto"
"048","ANIMAL PELIGROSO",210,"Pachuca de Soto"
"048","ANIMALES SUELTOS",61,"Pachuca de Soto"
"048","APOYO A LA CIUDADANÍA",2775,"Pachuca de Soto"
"048","APOYO A OTRO ESTADO",30,"Pachuca de Soto"
"048","ARRANCONES O CARRERAS DE VEHÍCULOS",127,"Pachuca de Soto"
"048","ASFIXIA",27,"Pachuca de Soto"
"048","ASOCIACIÓN DELICTUOSA O PANDILLERISMO",1,"Pachuca de Soto"
"048","ATAQUES AL PUDOR",46,"Pachuca de Soto"
"048","ATROPELLAMIENTO",206,"Pachuca de Soto"
"048","BLOQUEO O CORTE DE VÍAS DE COMUNICACIÓN",11,"Pachuca de Soto"
"048","BOTÓN DE EMERGENCIA ACTIVADO",6,"Pachuca de Soto"
"048","CABLES COLGANDO",87,"Pachuca de Soto"
"048","CAÍDA",806,"Pachuca de Soto"
"048","CAÍDA DE ANUNCIO O ESPECTACULAR",8,"Pachuca de Soto"
"048","CAÍDA DE BARDA",26,"Pachuca de Soto"
"048","CAÍDA DE POSTE",58,"Pachuca de Soto"
"048","CIRCULAR EN SENTIDO CONTRARIO",25,"Pachuca de Soto"
"048","CONCENTRACIÓN PACÍFICA DE PERSONAS",14,"Pachuca de Soto"
"048","CONDUCTOR EBRIO",265,"Pachuca de Soto"
"048","CONSUMO DE ALCOHOL EN VÍA PÚBLICA",610,"Pachuca de Soto"
"048","CONSUMO DE DROGAS EN VÍA PÚBLICA",297,"Pachuca de Soto"
"048","CONTAMINACIÓN DE SUELO, AIRE Y AGUA",157,"Pachuca de Soto"
"048","CONVULSIONES",360,"Pachuca de Soto"
"048","CORTO CIRCUITO",106,"Pachuca de Soto"
"048","DAÑO A BIENES PÚBLICOS, INSTITUCIONES, MONUMENTOS, ENTRE OTROS",76,"Pachuca de Soto"
"048","DAÑO A PROPIEDAD AJENA",327,"Pachuca de Soto"
"048","DERRUMBES",12,"Pachuca de Soto"
"048","DESCARGA DE DESECHOS SIN PERMISOS",7,"Pachuca de Soto"
"048","DESCOMPENSACIÓN DE LA DIABETES/DESHIDRATACIÓN",113,"Pachuca de Soto"
"048","DESPOJO",4,"Pachuca de Soto"
"048","DETONACIÓN DE ARMA DE FUEGO",281,"Pachuca de Soto"
"048","DETONACIÓN DE COHETES O FUEGOS ARTIFICIALES",163,"Pachuca de Soto"
"048","DIFICULTAD RESPIRATORIA / URGENCIA RESPIRATORIA",304,"Pachuca de Soto"
"048","DOLOR ABDOMINAL / URGENCIA ABDOMINAL",82,"Pachuca de Soto"
"048","ELECTORALES",1,"Pachuca de Soto"
"048","ELECTROCUTADO/LESIÓN POR CORRIENTE ELÉCTRICA",10,"Pachuca de Soto"
"048","ENCHARCAMIENTO/ DESBORDAMIENTO DE RÍO",15,"Pachuca de Soto"
"048","ENJAMBRE DE ABEJAS",328,"Pachuca de Soto"
"048","ENVENENAMIENTO POR ANIMAL DE PONZOÑA",13,"Pachuca de Soto"
"048","EXPLOSIÓN",17,"Pachuca de Soto"
"048","EXPLOTACIÓN DE MENORES",1,"Pachuca de Soto"
"048","EXTORSIÓN",70,"Pachuca de Soto"
"048","EXTORSIÓN TELEFÓNICA",282,"Pachuca de Soto"
"048","EXTRAVÍO DE PLACA",24,"Pachuca de Soto"
"048","FALLA DE ALUMBRADO PÚBLICO",1,"Pachuca de Soto"
"048","FALLAS DE SEMÁFORO",231,"Pachuca de Soto"
"048","FALLECIDO DE CAUSA NATURAL",169,"Pachuca de Soto"
"048","FALLECIDO DE CAUSA TRAUMÁTICA",46,"Pachuca de Soto"
"048","FRACTURADO/TRAUMATISMO DE EXTREMIDADES",72,"Pachuca de Soto"
"048","FRAUDE",106,"Pachuca de Soto"
"048","FUGAS Y DERRAMES DE SUSTANCIAS QUÍMICAS",339,"Pachuca de Soto"
"048","FUGAS Y DERRAMES EN ESCUELA",1,"Pachuca de Soto"
"048","GASES TÓXICOS",139,"Pachuca de Soto"
"048","GRAFITIS",37,"Pachuca de Soto"
"048","GRAVA SUELTA",3,"Pachuca de Soto"
"048","HEMORRAGIA",82,"Pachuca de Soto"
"048","HUNDIMIENTOS / AGRIETAMIENTOS / INESTABILIDAD DE LADERA",37,"Pachuca de Soto"
"048","INCENDIO DE CASA HABITACIÓN",86,"Pachuca de Soto"
"048","INCENDIO DE COMERCIO",21,"Pachuca de Soto"
"048","INCENDIO DE FÁBRICA O INDUSTRIA",1,"Pachuca de Soto"
"048","INCENDIO DE VEHÍCULO",64,"Pachuca de Soto"
"048","INCENDIO FORESTAL",17,"Pachuca de Soto"
"048","INFARTO / URGENCIA CARDIOLÓGICA",69,"Pachuca de Soto"
"048","INFARTO CEREBRAL",13,"Pachuca de Soto"
"048","INTOXICACIÓN / SOBREDOSIS / ENVENENAMIENTO POR SUSTANCIAS",95,"Pachuca de Soto"
"048","INTOXICACIÓN ETÍLICA",44,"Pachuca de Soto"
"048","INUNDACIONES",128,"Pachuca de Soto"
"048","LESIONADO POR ARMA BLANCA",50,"Pachuca de Soto"
"048","MALTRATO DE ANIMALES",116,"Pachuca de Soto"
"048","MALTRATO INFANTIL",141,"Pachuca de Soto"
"048","MANIFESTACIÓN CON DISTURBIOS O BLOQUEOS",9,"Pachuca de Soto"
"048","MENOR EXTRAVIADO",29,"Pachuca de Soto"
"048","MORDEDURA DE ANIMAL",90,"Pachuca de Soto"
"048","NOTIFICACIÓN DE CIBER INCIDENTE",273,"Pachuca de Soto"
"048","OBJETO SOSPECHOSO O PELIGROSO",104,"Pachuca de Soto"
"048","OLORES FÉTIDOS",16,"Pachuca de Soto"
"048","OTRAS ALARMAS DE EMERGENCIAS ACTIVADAS",2955,"Pachuca de Soto"
"048","OTRAS FALTAS AL REGLAMENTO DE TRÁNSITO",2973,"Pachuca de Soto"
"048","OTROS ACCIDENTES CON LESIONADOS",4,"Pachuca de Soto"
"048","OTROS ACTOS RELACIONADOS CON EL PATRIMONIO",645,"Pachuca de Soto"
"048","OTROS ACTOS RELACIONADOS CON LA FAMILIA",445,"Pachuca de Soto"
"048","OTROS ACTOS RELACIONADOS CON LA LIBERTAD PERSONAL",59,"Pachuca de Soto"
"048","OTROS ACTOS RELACIONADOS CON LA LIBERTAD Y LA SEGURIDAD SEXUAL",24,"Pachuca de Soto"
"048","OTROS ACTOS RELACIONADOS CON LA VIDA Y LA INTEGRIDAD PERSONAL",9,"Pachuca de Soto"
"048","OTROS ACTOS RELACIONADOS CON OTROS BIENES JURÍDICOS",12,"Pachuca de Soto"
"048","OTROS INCENDIOS",878,"Pachuca de Soto"
"048","OTROS INCIDENTES MÉDICOS CLINICOS",364,"Pachuca de Soto"
"048","OTROS INCIDENTES MÉDICOS TRAUMÁTICOS",181,"Pachuca de Soto"
"048","OTROS RESCATES",366,"Pachuca de Soto"
"048","OTROS TIPOS DE ALTERACIÓN AL ORDEN PÚBLICO",312,"Pachuca de Soto"
"048","PARO CARDIORRESPIRATORIO",7,"Pachuca de Soto"
"048","PELEA CLANDESTINA CON ANIMALES",4,"Pachuca de Soto"
"048","PERSONA AGRESIVA",4111,"Pachuca de Soto"
"048","PERSONA DETENIDA",203,"Pachuca de Soto"
"048","PERSONA EN CRISIS POR TRASTORNO MENTAL",73,"Pachuca de Soto"
"048","PERSONA EN SITUACIÓN DE CALLE",214,"Pachuca de Soto"
"048","PERSONA EXHIBICIONISTA",140,"Pachuca de Soto"
"048","PERSONA INCONSCIENTE / URGENCIA NEUROLÓGICA",699,"Pachuca de Soto"
"048","PERSONA LOCALIZADA",148,"Pachuca de Soto"
"048","PERSONA NO LOCALIZADA",99,"Pachuca de Soto"
"048","PERSONA SOSPECHOSA",2101,"Pachuca de Soto"
"048","PERSONA TIRADA EN VÍA PÚBLICA",718,"Pachuca de Soto"
"048","PLAGAS",63,"Pachuca de Soto"
"048","PORTACIÓN DE ARMAS O CARTUCHOS",299,"Pachuca de Soto"
"048","QUEMADURAS",5,"Pachuca de Soto"
"048","RESCATE ANIMAL",266,"Pachuca de Soto"
"048","RIÑA / PELEA CLANDESTINA",1033,"Pachuca de Soto"
"048","ROBO A CASA HABITACIÓN SIN VIOLENCIA",190,"Pachuca de Soto"
"048","ROBO A GASOLINERA SIN VIOLENCIA",1,"Pachuca de Soto"
"048","ROBO A NEGOCIO SIN VIOLENCIA",150,"Pachuca de Soto"
"048","ROBO A TRANSEÚNTE SIN VIOLENCIA",57,"Pachuca de Soto"
"048","ROBO A TRANSPORTISTA SIN VIOLENCIA",2,"Pachuca de Soto"
"048","ROBO DE AUTOPARTES O ACCESORIOS",104,"Pachuca de Soto"
"048","ROBO DE COMBUSTIBLE",1,"Pachuca de Soto"
"048","ROBO DE GANADO",1,"Pachuca de Soto"
"048","ROBO DE PLACA",39,"Pachuca de Soto"
"048","ROBO DE VEHÍCULO PARTICULAR SIN VIOLENCIA",388,"Pachuca de Soto"
"048","RUIDO EXCESIVO",1190,"Pachuca de Soto"
"048","SOLICITUD DE OTROS SERVICIOS PÚBLICOS",4,"Pachuca de Soto"
"048","SOLICITUD DE RONDÍN",310,"Pachuca de Soto"
"048","SUICIDIO",25,"Pachuca de Soto"
"048","SUSTRACCIÓN DE MENORES",42,"Pachuca de Soto"
"048","TALA ILEGAL",20,"Pachuca de Soto"
"048","TENTATIVA DE ROBO",464,"Pachuca de Soto"
"048","TRABAJO DE PARTO",20,"Pachuca de Soto"
"048","TRAFICO Y/O VENTA CLANDESTINA DE ANIMALES",4,"Pachuca de Soto"
"048","TRATA DE MENORES",1,"Pachuca de Soto"
"048","TRATA DE PERSONAS",1,"Pachuca de Soto"
"048","TRAUMATISMO ABDOMINAL",1,"Pachuca de Soto"
"048","TRAUMATISMO DE CRÁNEO",15,"Pachuca de Soto"
"048","TRAUMATISMOS MÚLTIPLES",9,"Pachuca de Soto"
"048","TRÁFICO DE DROGAS Y ESTUPEFACIENTES EN VÍA PÚBLICA",5,"Pachuca de Soto"
"048","URGENCIA EN PACIENTE EMBARAZADA",22,"Pachuca de Soto"
"048","URGENCIA POR ENFERMEDAD GENERAL",547,"Pachuca de Soto"
"048","USURPACIÓN DE IDENTIDAD",1,"Pachuca de Soto"
"048","VEHÍCULO A EXCESO DE VELOCIDAD",278,"Pachuca de Soto"
"048","VEHÍCULO ABANDONADO",604,"Pachuca de Soto"
"048","VEHÍCULO DESCOMPUESTO",367,"Pachuca de Soto"
"048","VEHÍCULO EN HUIDA",623,"Pachuca de Soto"
"048","VEHÍCULO RECUPERADO",44,"Pachuca de Soto"
"048","VEHÍCULO SOSPECHOSO",1548,"Pachuca de Soto"
"048","VENTA CLANDESTINA DE PIROTECNIA, COHETES O FUEGOS ARTIFICIALES",18,"Pachuca de Soto"
"048","VIALIDAD EN MAL ESTADO",45,"Pachuca de Soto"
"048","VIOLACIÓN",11,"Pachuca de Soto"
"048","VIOLENCIA CONTRA LA MUJER",638,"Pachuca de Soto"
"048","VIOLENCIA DE PAREJA",1399,"Pachuca de Soto"
"048","VIOLENCIA FAMILIAR",1369,"Pachuca de Soto"
"048","ÁRBOL CAÍDO O POR CAER",87,"Pachuca de Soto"
"049","ACCIDENTE DE VEHÍCULO AUTOMOTOR CON LESIONADOS",1,"Pisaflores"
"049","ACOSO U HOSTIGAMIENTO SEXUAL",1,"Pisaflores"
"049","APOYO A LA CIUDADANÍA",5,"Pisaflores"
"049","ARRANCONES O CARRERAS DE VEHÍCULOS",1,"Pisaflores"
"049","DETONACIÓN DE ARMA DE FUEGO",1,"Pisaflores"
"049","INCENDIO DE CASA HABITACIÓN",1,"Pisaflores"
"049","INCENDIO FORESTAL",2,"Pisaflores"
"049","OTRAS ALARMAS DE EMERGENCIAS ACTIVADAS",29,"Pisaflores"
"049","OTROS ACTOS RELACIONADOS CON LA LIBERTAD PERSONAL",1,"Pisaflores"
"049","OTROS TIPOS DE ALTERACIÓN AL ORDEN PÚBLICO",1,"Pisaflores"
"049","PERSONA AGRESIVA",1,"Pisaflores"
"049","RIÑA / PELEA CLANDESTINA",1,"Pisaflores"
"049","RUIDO EXCESIVO",2,"Pisaflores"
"049","SOLICITUD DE RONDÍN",1,"Pisaflores"
"050","ABANDONO DE PERSONA",1,"Progreso de Obregón"
"050","ABUSO DE CONFIANZA",6,"Progreso de Obregón"
"050","ACCIDENTE DE MOTOCICLETA CON FALLECIDO",2,"Progreso de Obregón"
"050","ACCIDENTE DE MOTOCICLETA CON LESIONADOS",95,"Progreso de Obregón"
"050","ACCIDENTE DE TRÁNSITO SIN LESIONADOS",38,"Progreso de Obregón"
"050","ACCIDENTE DE VEHÍCULO AUTOMOTOR CON LESIONADOS",18,"Progreso de Obregón"
"050","ACCIDENTE MÚLTIPLE CON LESIONADOS",3,"Progreso de Obregón"
"050","ALCANTARILLA SIN TAPA",1,"Progreso de Obregón"
"050","ALLANAMIENTO DE MORADA",17,"Progreso de Obregón"
"050","ALTERACIÓN DEL ORDEN PÚBLICO POR PERSONA ALCOHOLIZADA",24,"Progreso de Obregón"
"050","ALTERACIÓN DEL ORDEN PÚBLICO POR PERSONA DROGADA",9,"Progreso de Obregón"
"050","AMENAZA DE SUICIDIO",1,"Progreso de Obregón"
"050","ANIMAL MUERTO",1,"Progreso de Obregón"
"050","ANIMAL PELIGROSO",2,"Progreso de Obregón"
"050","ANIMALES SUELTOS",2,"Progreso de Obregón"
"050","APOYO A LA CIUDADANÍA",27,"Progreso de Obregón"
"050","APOYO A OTRO ESTADO",1,"Progreso de Obregón"
"050","ARRANCONES O CARRERAS DE VEHÍCULOS",4,"Progreso de Obregón"
"050","ASFIXIA",1,"Progreso de Obregón"
"050","ATAQUES AL PUDOR",2,"Progreso de Obregón"
"050","ATROPELLAMIENTO",3,"Progreso de Obregón"
"050","CABLES COLGANDO",1,"Progreso de Obregón"
"050","CAÍDA",35,"Progreso de Obregón"
"050","CIRCULAR EN SENTIDO CONTRARIO",1,"Progreso de Obregón"
"050","CONDUCTOR EBRIO",8,"Progreso de Obregón"
"050","CONSUMO DE ALCOHOL EN VÍA PÚBLICA",7,"Progreso de Obregón"
"050","CONSUMO DE DROGAS EN VÍA PÚBLICA",3,"Progreso de Obregón"
"050","CONTAMINACIÓN DE SUELO, AIRE Y AGUA",1,"Progreso de Obregón"
"050","CONVULSIONES",8,"Progreso de Obregón"
"050","CORTO CIRCUITO",2,"Progreso de Obregón"
"050","DAÑO A PROPIEDAD AJENA",5,"Progreso de Obregón"
"050","DESCOMPENSACIÓN DE LA DIABETES/DESHIDRATACIÓN",3,"Progreso de Obregón"
"050","DETONACIÓN DE ARMA DE FUEGO",4,"Progreso de Obregón"
"050","DETONACIÓN DE COHETES O FUEGOS ARTIFICIALES",3,"Progreso de Obregón"
"050","DIFICULTAD RESPIRATORIA / URGENCIA RESPIRATORIA",7,"Progreso de Obregón"
"050","DOLOR ABDOMINAL / URGENCIA ABDOMINAL",4,"Progreso de Obregón"
"050","ENJAMBRE DE ABEJAS",2,"Progreso de Obregón"
"050","ENVENENAMIENTO POR ANIMAL DE PONZOÑA",1,"Progreso de Obregón"
"050","EXPLOSIÓN",1,"Progreso de Obregón"
"050","EXTORSIÓN",3,"Progreso de Obregón"
"050","EXTORSIÓN TELEFÓNICA",7,"Progreso de Obregón"
"050","FALLECIDO DE CAUSA NATURAL",7,"Progreso de Obregón"
"050","FALLECIDO DE CAUSA TRAUMÁTICA",1,"Progreso de Obregón"
"050","FRACTURADO/TRAUMATISMO DE EXTREMIDADES",1,"Progreso de Obregón"
"050","FRAUDE",2,"Progreso de Obregón"
"050","FUGAS Y DERRAMES DE SUSTANCIAS QUÍMICAS",1,"Progreso de Obregón"
"050","GASES TÓXICOS",3,"Progreso de Obregón"
"050","HEMORRAGIA",5,"Progreso de Obregón"
"050","INCENDIO DE CASA HABITACIÓN",4,"Progreso de Obregón"
"050","INCENDIO DE VEHÍCULO",4,"Progreso de Obregón"
"050","INFARTO / URGENCIA CARDIOLÓGICA",1,"Progreso de Obregón"
"050","INTOXICACIÓN / SOBREDOSIS / ENVENENAMIENTO POR SUSTANCIAS",2,"Progreso de Obregón"
"050","INTOXICACIÓN ETÍLICA",2,"Progreso de Obregón"
"050","MALTRATO DE ANIMALES",2,"Progreso de Obregón"
"050","MALTRATO INFANTIL",1,"Progreso de Obregón"
"050","MENOR EXTRAVIADO",1,"Progreso de Obregón"
"050","MORDEDURA DE ANIMAL",5,"Progreso de Obregón"
"050","NOTIFICACIÓN DE CIBER INCIDENTE",8,"Progreso de Obregón"
"050","OBJETO SOSPECHOSO O PELIGROSO",1,"Progreso de Obregón"
"050","OLORES FÉTIDOS",1,"Progreso de Obregón"
"050","OTRAS ALARMAS DE EMERGENCIAS ACTIVADAS",58,"Progreso de Obregón"
"050","OTRAS FALTAS AL REGLAMENTO DE TRÁNSITO",11,"Progreso de Obregón"
"050","OTROS ACTOS RELACIONADOS CON EL PATRIMONIO",2,"Progreso de Obregón"
"050","OTROS ACTOS RELACIONADOS CON LA FAMILIA",8,"Progreso de Obregón"
"050","OTROS ACTOS RELACIONADOS CON LA LIBERTAD PERSONAL",4,"Progreso de Obregón"
"050","OTROS ACTOS RELACIONADOS CON OTROS BIENES JURÍDICOS",2,"Progreso de Obregón"
"050","OTROS INCENDIOS",22,"Progreso de Obregón"
"050","OTROS INCIDENTES MÉDICOS CLINICOS",11,"Progreso de Obregón"
"050","OTROS INCIDENTES MÉDICOS TRAUMÁTICOS",6,"Progreso de Obregón"
"050","OTROS RESCATES",6,"Progreso de Obregón"
"050","OTROS TIPOS DE ALTERACIÓN AL ORDEN PÚBLICO",3,"Progreso de Obregón"
"050","PERSONA AGRESIVA",51,"Progreso de Obregón"
"050","PERSONA DETENIDA",4,"Progreso de Obregón"
"050","PERSONA EN CRISIS POR TRASTORNO MENTAL",2,"Progreso de Obregón"
"050","PERSONA EXHIBICIONISTA",2,"Progreso de Obregón"
"050","PERSONA INCONSCIENTE / URGENCIA NEUROLÓGICA",17,"Progreso de Obregón"
"050","PERSONA LOCALIZADA",1,"Progreso de Obregón"
"050","PERSONA NO LOCALIZADA",1,"Progreso de Obregón"
"050","PERSONA SOSPECHOSA",29,"Progreso de Obregón"
"050","PERSONA TIRADA EN VÍA PÚBLICA",16,"Progreso de Obregón"
"050","PORTACIÓN DE ARMAS O CARTUCHOS",7,"Progreso de Obregón"
"050","RESCATE ANIMAL",1,"Progreso de Obregón"
"050","RIÑA / PELEA CLANDESTINA",24,"Progreso de Obregón"
"050","ROBO A NEGOCIO SIN VIOLENCIA",2,"Progreso de Obregón"
"050","ROBO DE GANADO",1,"Progreso de Obregón"
"050","ROBO DE PLACA",1,"Progreso de Obregón"
"050","ROBO DE VEHÍCULO PARTICULAR SIN VIOLENCIA",54,"Progreso de Obregón"
"050","RUIDO EXCESIVO",18,"Progreso de Obregón"
"050","SOLICITUD DE RONDÍN",5,"Progreso de Obregón"
"050","SUICIDIO",2,"Progreso de Obregón"
"050","TENTATIVA DE ROBO",7,"Progreso de Obregón"
"050","URGENCIA EN PACIENTE EMBARAZADA",3,"Progreso de Obregón"
"050","URGENCIA POR ENFERMEDAD GENERAL",13,"Progreso de Obregón"
"050","VEHÍCULO A EXCESO DE VELOCIDAD",9,"Progreso de Obregón"
"050","VEHÍCULO ABANDONADO",1,"Progreso de Obregón"
"050","VEHÍCULO DESCOMPUESTO",1,"Progreso de Obregón"
"050","VEHÍCULO EN HUIDA",12,"Progreso de Obregón"
"050","VEHÍCULO RECUPERADO",2,"Progreso de Obregón"
"050","VEHÍCULO SOSPECHOSO",26,"Progreso de Obregón"
"050","VIOLENCIA CONTRA LA MUJER",10,"Progreso de Obregón"
"050","VIOLENCIA DE PAREJA",22,"Progreso de Obregón"
"050","VIOLENCIA FAMILIAR",26,"Progreso de Obregón"
"051","ABANDONO DE PERSONA",14,"Mineral de la Reforma"
"051","ABUSO DE CONFIANZA",71,"Mineral de la Reforma"
"051","ABUSO SEXUAL",13,"Mineral de la Reforma"
"051","ACCIDENTE DE MOTOCICLETA CON FALLECIDO",6,"Mineral de la Reforma"
"051","ACCIDENTE DE MOTOCICLETA CON LESIONADOS",395,"Mineral de la Reforma"
"051","ACCIDENTE DE TRÁNSITO CON MUERTOS",1,"Mineral de la Reforma"
"051","ACCIDENTE DE TRÁNSITO SIN LESIONADOS",831,"Mineral de la Reforma"
"051","ACCIDENTE DE VEHÍCULO AUTOMOTOR CON LESIONADOS",253,"Mineral de la Reforma"
"051","ACCIDENTE DE VEHÍCULO DE PASAJEROS CON LESIONADOS",25,"Mineral de la Reforma"
"051","ACCIDENTE MÚLTIPLE CON FALLECIDO",1,"Mineral de la Reforma"
"051","ACCIDENTE MÚLTIPLE CON LESIONADOS",104,"Mineral de la Reforma"
"051","ACOSO U HOSTIGAMIENTO SEXUAL",31,"Mineral de la Reforma"
"051","ACTIVACIÓN DE ALARMA EN ESCUELA",1,"Mineral de la Reforma"
"051","AERONAVE SOSPECHOSA",13,"Mineral de la Reforma"
"051","AFECTACIÓN DE LOS SERVICIOS BÁSICOS O DE INFRAESTRUCTURA ESTRATÉGICA",10,"Mineral de la Reforma"
"051","AGRESIÓN FÍSICA EN PANDILLA",4,"Mineral de la Reforma"
"051","ALCANTARILLA OBSTRUIDA",3,"Mineral de la Reforma"
"051","ALCANTARILLA SIN TAPA",8,"Mineral de la Reforma"
"051","ALLANAMIENTO DE MORADA",551,"Mineral de la Reforma"
"051","ALTERACIÓN DEL ORDEN PÚBLICO POR PERSONA ALCOHOLIZADA",539,"Mineral de la Reforma"
"051","ALTERACIÓN DEL ORDEN PÚBLICO POR PERSONA DROGADA",236,"Mineral de la Reforma"
"051","AMENAZA",61,"Mineral de la Reforma"
"051","AMENAZA DE ABORTO",5,"Mineral de la Reforma"
"051","AMENAZA DE SUICIDIO",100,"Mineral de la Reforma"
"051","AMPUTACIÓN",2,"Mineral de la Reforma"
"051","ANIMAL MUERTO",24,"Mineral de la Reforma"
"051","ANIMAL PELIGROSO",113,"Mineral de la Reforma"
"051","ANIMALES SUELTOS",21,"Mineral de la Reforma"
"051","APOYO A LA CIUDADANÍA",1057,"Mineral de la Reforma"
"051","APOYO A OTRO ESTADO",6,"Mineral de la Reforma"
"051","ARRANCONES O CARRERAS DE VEHÍCULOS",62,"Mineral de la Reforma"
"051","ASFIXIA",13,"Mineral de la Reforma"
"051","ASOCIACIÓN DELICTUOSA O PANDILLERISMO",1,"Mineral de la Reforma"
"051","ATAQUES AL PUDOR",19,"Mineral de la Reforma"
"051","ATROPELLAMIENTO",60,"Mineral de la Reforma"
"051","BLOQUEO O CORTE DE VÍAS DE COMUNICACIÓN",5,"Mineral de la Reforma"
"051","CABLES COLGANDO",29,"Mineral de la Reforma"
"051","CAÍDA",316,"Mineral de la Reforma"
"051","CAÍDA DE ANUNCIO O ESPECTACULAR",2,"Mineral de la Reforma"
"051","CAÍDA DE BARDA",11,"Mineral de la Reforma"
"051","CAÍDA DE POSTE",16,"Mineral de la Reforma"
"051","CIRCULAR EN SENTIDO CONTRARIO",8,"Mineral de la Reforma"
"051","CONCENTRACIÓN PACÍFICA DE PERSONAS",6,"Mineral de la Reforma"
"051","CONDUCTOR EBRIO",102,"Mineral de la Reforma"
"051","CONSUMO DE ALCOHOL EN VÍA PÚBLICA",216,"Mineral de la Reforma"
"051","CONSUMO DE DROGAS EN VÍA PÚBLICA",64,"Mineral de la Reforma"
"051","CONTAMINACIÓN DE SUELO, AIRE Y AGUA",84,"Mineral de la Reforma"
"051","CONVULSIONES",143,"Mineral de la Reforma"
"051","CORRUPCIÓN DE MENORES",1,"Mineral de la Reforma"
"051","CORTO CIRCUITO",48,"Mineral de la Reforma"
"051","DAÑO A BIENES PÚBLICOS, INSTITUCIONES, MONUMENTOS, ENTRE OTROS",30,"Mineral de la Reforma"
"051","DAÑO A PROPIEDAD AJENA",125,"Mineral de la Reforma"
"051","DERRUMBES",2,"Mineral de la Reforma"
"051","DESCARGA DE DESECHOS SIN PERMISOS",9,"Mineral de la Reforma"
"051","DESCOMPENSACIÓN DE LA DIABETES/DESHIDRATACIÓN",73,"Mineral de la Reforma"
"051","DESPOJO",3,"Mineral de la Reforma"
"051","DETONACIÓN DE ARMA DE FUEGO",112,"Mineral de la Reforma"
"051","DETONACIÓN DE COHETES O FUEGOS ARTIFICIALES",102,"Mineral de la Reforma"
"051","DIFICULTAD RESPIRATORIA / URGENCIA RESPIRATORIA",210,"Mineral de la Reforma"
"051","DOLOR ABDOMINAL / URGENCIA ABDOMINAL",63,"Mineral de la Reforma"
"051","ELECTORALES",1,"Mineral de la Reforma"
"051","ELECTROCUTADO/LESIÓN POR CORRIENTE ELÉCTRICA",5,"Mineral de la Reforma"
"051","ENCHARCAMIENTO/ DESBORDAMIENTO DE RÍO",8,"Mineral de la Reforma"
"051","ENJAMBRE DE ABEJAS",173,"Mineral de la Reforma"
"051","ENVENENAMIENTO POR ANIMAL DE PONZOÑA",3,"Mineral de la Reforma"
"051","EXPLOSIÓN",12,"Mineral de la Reforma"
"051","EXTORSIÓN",20,"Mineral de la Reforma"
"051","EXTORSIÓN TELEFÓNICA",99,"Mineral de la Reforma"
"051","EXTRAVÍO DE PLACA",13,"Mineral de la Reforma"
"051","FALLA DE ALUMBRADO PÚBLICO",2,"Mineral de la Reforma"
"051","FALLAS DE SEMÁFORO",20,"Mineral de la Reforma"
"051","FALLECIDO DE CAUSA NATURAL",95,"Mineral de la Reforma"
"051","FALLECIDO DE CAUSA TRAUMÁTICA",23,"Mineral de la Reforma"
"051","FRACTURADO/TRAUMATISMO DE EXTREMIDADES",31,"Mineral de la Reforma"
"051","FRAUDE",30,"Mineral de la Reforma"
"051","FUGAS Y DERRAMES DE SUSTANCIAS QUÍMICAS",261,"Mineral de la Reforma"
"051","GASES TÓXICOS",87,"Mineral de la Reforma"
"051","GRAFITIS",12,"Mineral de la Reforma"
"051","GRAVA SUELTA",3,"Mineral de la Reforma"
"051","HEMORRAGIA",46,"Mineral de la Reforma"
"051","HIPOTERMIA",1,"Mineral de la Reforma"
"051","HUNDIMIENTOS / AGRIETAMIENTOS / INESTABILIDAD DE LADERA",7,"Mineral de la Reforma"
"051","INCENDIO DE CASA HABITACIÓN",54,"Mineral de la Reforma"
"051","INCENDIO DE COMERCIO",8,"Mineral de la Reforma"
"051","INCENDIO DE EDIFICIO",2,"Mineral de la Reforma"
"051","INCENDIO DE VEHÍCULO",25,"Mineral de la Reforma"
"051","INCENDIO FORESTAL",8,"Mineral de la Reforma"
"051","INFARTO / URGENCIA CARDIOLÓGICA",32,"Mineral de la Reforma"
"051","INFARTO CEREBRAL",7,"Mineral de la Reforma"
"051","INTOXICACIÓN / SOBREDOSIS / ENVENENAMIENTO POR SUSTANCIAS",78,"Mineral de la Reforma"
"051","INTOXICACIÓN ETÍLICA",25,"Mineral de la Reforma"
"051","INUNDACIONES",65,"Mineral de la Reforma"
"051","LESIONADO POR ARMA BLANCA",14,"Mineral de la Reforma"
"051","MALTRATO DE ANIMALES",94,"Mineral de la Reforma"
"051","MALTRATO INFANTIL",61,"Mineral de la Reforma"
"051","MANIFESTACIÓN CON DISTURBIOS O BLOQUEOS",3,"Mineral de la Reforma"
"051","MENOR EXTRAVIADO",9,"Mineral de la Reforma"
"051","MORDEDURA DE ANIMAL",69,"Mineral de la Reforma"
"051","NOTIFICACIÓN DE CIBER INCIDENTE",79,"Mineral de la Reforma"
"051","OBJETO SOSPECHOSO O PELIGROSO",55,"Mineral de la Reforma"
"051","OLORES FÉTIDOS",12,"Mineral de la Reforma"
"051","OTRAS ALARMAS DE EMERGENCIAS ACTIVADAS",176,"Mineral de la Reforma"
"051","OTRAS FALTAS AL REGLAMENTO DE TRÁNSITO",440,"Mineral de la Reforma"
"051","OTROS ACCIDENTES CON LESIONADOS",4,"Mineral de la Reforma"
"051","OTROS ACTOS RELACIONADOS CON EL PATRIMONIO",309,"Mineral de la Reforma"
"051","OTROS ACTOS RELACIONADOS CON LA FAMILIA",295,"Mineral de la Reforma"
"051","OTROS ACTOS RELACIONADOS CON LA LIBERTAD PERSONAL",34,"Mineral de la Reforma"
"051","OTROS ACTOS RELACIONADOS CON LA LIBERTAD Y LA SEGURIDAD SEXUAL",10,"Mineral de la Reforma"
"051","OTROS ACTOS RELACIONADOS CON LA SEGURIDAD COLECTIVA",2,"Mineral de la Reforma"
"051","OTROS ACTOS RELACIONADOS CON LA VIDA Y LA INTEGRIDAD PERSONAL",2,"Mineral de la Reforma"
"051","OTROS ACTOS RELACIONADOS CON OTROS BIENES JURÍDICOS",7,"Mineral de la Reforma"
"051","OTROS INCENDIOS",423,"Mineral de la Reforma"
"051","OTROS INCIDENTES MÉDICOS CLINICOS",210,"Mineral de la Reforma"
"051","OTROS INCIDENTES MÉDICOS TRAUMÁTICOS",95,"Mineral de la Reforma"
"051","OTROS RESCATES",108,"Mineral de la Reforma"
"051","OTROS TIPOS DE ALTERACIÓN AL ORDEN PÚBLICO",95,"Mineral de la Reforma"
"051","PARO CARDIORRESPIRATORIO",6,"Mineral de la Reforma"
"051","PELEA CLANDESTINA CON ANIMALES",1,"Mineral de la Reforma"
"051","PERSONA AGRESIVA",1840,"Mineral de la Reforma"
"051","PERSONA DETENIDA",66,"Mineral de la Reforma"
"051","PERSONA EN CRISIS POR TRASTORNO MENTAL",44,"Mineral de la Reforma"
"051","PERSONA EN SITUACIÓN DE CALLE",50,"Mineral de la Reforma"
"051","PERSONA EXHIBICIONISTA",60,"Mineral de la Reforma"
"051","PERSONA INCONSCIENTE / URGENCIA NEUROLÓGICA",343,"Mineral de la Reforma"
"051","PERSONA LOCALIZADA",76,"Mineral de la Reforma"
"051","PERSONA NO LOCALIZADA",54,"Mineral de la Reforma"
"051","PERSONA SOSPECHOSA",810,"Mineral de la Reforma"
"051","PERSONA TIRADA EN VÍA PÚBLICA",222,"Mineral de la Reforma"
"051","PLAGAS",57,"Mineral de la Reforma"
"051","PORTACIÓN DE ARMAS O CARTUCHOS",150,"Mineral de la Reforma"
"051","QUEMADURAS",7,"Mineral de la Reforma"
"051","RESCATE ANIMAL",121,"Mineral de la Reforma"
"051","RIÑA / PELEA CLANDESTINA",494,"Mineral de la Reforma"
"051","ROBO A CASA HABITACIÓN SIN VIOLENCIA",156,"Mineral de la Reforma"
"051","ROBO A FERROCARRIL",1,"Mineral de la Reforma"
"051","ROBO A NEGOCIO SIN VIOLENCIA",51,"Mineral de la Reforma"
"051","ROBO A TRANSEÚNTE SIN VIOLENCIA",21,"Mineral de la Reforma"
"051","ROBO A TRANSPORTISTA SIN VIOLENCIA",1,"Mineral de la Reforma"
"051","ROBO DE AUTOPARTES O ACCESORIOS",20,"Mineral de la Reforma"
"051","ROBO DE COMBUSTIBLE",4,"Mineral de la Reforma"
"051","ROBO DE PLACA",13,"Mineral de la Reforma"
"051","ROBO DE VEHÍCULO PARTICULAR SIN VIOLENCIA",173,"Mineral de la Reforma"
"051","RUIDO EXCESIVO",775,"Mineral de la Reforma"
"051","SOLICITUD DE OTROS SERVICIOS PÚBLICOS",2,"Mineral de la Reforma"
"051","SOLICITUD DE RONDÍN",82,"Mineral de la Reforma"
"051","SUICIDIO",13,"Mineral de la Reforma"
"051","SUSTRACCIÓN DE MENORES",27,"Mineral de la Reforma"
"051","TALA ILEGAL",10,"Mineral de la Reforma"
"051","TENTATIVA DE ROBO",171,"Mineral de la Reforma"
"051","TRABAJO DE PARTO",12,"Mineral de la Reforma"
"051","TRAFICO Y/O VENTA CLANDESTINA DE ANIMALES",2,"Mineral de la Reforma"
"051","TRATA DE MENORES",1,"Mineral de la Reforma"
"051","TRAUMATISMO DE CRÁNEO",5,"Mineral de la Reforma"
"051","TRAUMATISMO GENITAL Y/O URINARIO",1,"Mineral de la Reforma"
"051","TRAUMATISMOS MÚLTIPLES",7,"Mineral de la Reforma"
"051","TRÁFICO DE DROGAS Y ESTUPEFACIENTES EN VÍA PÚBLICA",2,"Mineral de la Reforma"
"051","URGENCIA EN PACIENTE EMBARAZADA",4,"Mineral de la Reforma"
"051","URGENCIA POR ENFERMEDAD GENERAL",351,"Mineral de la Reforma"
"051","VEHÍCULO A EXCESO DE VELOCIDAD",105,"Mineral de la Reforma"
"051","VEHÍCULO ABANDONADO",144,"Mineral de la Reforma"
"051","VEHÍCULO DESCOMPUESTO",137,"Mineral de la Reforma"
"051","VEHÍCULO EN HUIDA",232,"Mineral de la Reforma"
"051","VEHÍCULO RECUPERADO",12,"Mineral de la Reforma"
"051","VEHÍCULO SOSPECHOSO",725,"Mineral de la Reforma"
"051","VENTA CLANDESTINA DE PIROTECNIA, COHETES O FUEGOS ARTIFICIALES",10,"Mineral de la Reforma"
"051","VIALIDAD EN MAL ESTADO",21,"Mineral de la Reforma"
"051","VIOLACIÓN",4,"Mineral de la Reforma"
"051","VIOLENCIA CONTRA LA MUJER",323,"Mineral de la Reforma"
"051","VIOLENCIA DE PAREJA",889,"Mineral de la Reforma"
"051","VIOLENCIA FAMILIAR",814,"Mineral de la Reforma"
"051","ÁRBOL CAÍDO O POR CAER",25,"Mineral de la Reforma"
"052","ABANDONO DE PERSONA",1,"San Agustín Tlaxiaca"
"052","ABUSO DE CONFIANZA",5,"San Agustín Tlaxiaca"
"052","ACCIDENTE DE MOTOCICLETA CON FALLECIDO",3,"San Agustín Tlaxiaca"
"052","ACCIDENTE DE MOTOCICLETA CON LESIONADOS",63,"San Agustín Tlaxiaca"
"052","ACCIDENTE DE TRÁNSITO CON MUERTOS",1,"San Agustín Tlaxiaca"
"052","ACCIDENTE DE TRÁNSITO SIN LESIONADOS",99,"San Agustín Tlaxiaca"
"052","ACCIDENTE DE VEHÍCULO AUTOMOTOR CON FALLECIDO",3,"San Agustín Tlaxiaca"
"052","ACCIDENTE DE VEHÍCULO AUTOMOTOR CON LESIONADOS",52,"San Agustín Tlaxiaca"
"052","ACCIDENTE DE VEHÍCULO DE PASAJEROS CON LESIONADOS",5,"San Agustín Tlaxiaca"
"052","ACCIDENTE MÚLTIPLE CON FALLECIDO",1,"San Agustín Tlaxiaca"
"052","ACCIDENTE MÚLTIPLE CON LESIONADOS",24,"San Agustín Tlaxiaca"
"052","ACTIVACIÓN DE ALARMA EN ESCUELA",1,"San Agustín Tlaxiaca"
"052","AERONAVE SOSPECHOSA",1,"San Agustín Tlaxiaca"
"052","AFECTACIÓN DE LOS SERVICIOS BÁSICOS O DE INFRAESTRUCTURA ESTRATÉGICA",1,"San Agustín Tlaxiaca"
"052","AHOGAMIENTO",1,"San Agustín Tlaxiaca"
"052","ALLANAMIENTO DE MORADA",33,"San Agustín Tlaxiaca"
"052","ALTERACIÓN DEL ORDEN PÚBLICO POR PERSONA ALCOHOLIZADA",47,"San Agustín Tlaxiaca"
"052","ALTERACIÓN DEL ORDEN PÚBLICO POR PERSONA DROGADA",10,"San Agustín Tlaxiaca"
"052","AMENAZA",4,"San Agustín Tlaxiaca"
"052","AMENAZA DE ABORTO",2,"San Agustín Tlaxiaca"
"052","AMENAZA DE SUICIDIO",3,"San Agustín Tlaxiaca"
"052","ANIMAL MUERTO",3,"San Agustín Tlaxiaca"
"052","ANIMAL PELIGROSO",12,"San Agustín Tlaxiaca"
"052","ANIMALES SUELTOS",6,"San Agustín Tlaxiaca"
"052","APOYO A LA CIUDADANÍA",95,"San Agustín Tlaxiaca"
"052","ARRANCONES O CARRERAS DE VEHÍCULOS",4,"San Agustín Tlaxiaca"
"052","ASFIXIA",1,"San Agustín Tlaxiaca"
"052","ATAQUES AL PUDOR",1,"San Agustín Tlaxiaca"
"052","ATROPELLAMIENTO",10,"San Agustín Tlaxiaca"
"052","BLOQUEO O CORTE DE VÍAS DE COMUNICACIÓN",1,"San Agustín Tlaxiaca"
"052","CABLES COLGANDO",4,"San Agustín Tlaxiaca"
"052","CAÍDA",28,"San Agustín Tlaxiaca"
"052","CAÍDA DE POSTE",3,"San Agustín Tlaxiaca"
"052","CIRCULAR EN SENTIDO CONTRARIO",4,"San Agustín Tlaxiaca"
"052","CONDUCTOR EBRIO",22,"San Agustín Tlaxiaca"
"052","CONSUMO DE ALCOHOL EN VÍA PÚBLICA",13,"San Agustín Tlaxiaca"
"052","CONSUMO DE DROGAS EN VÍA PÚBLICA",1,"San Agustín Tlaxiaca"
"052","CONTAMINACIÓN DE SUELO, AIRE Y AGUA",1,"San Agustín Tlaxiaca"
"052","CONVULSIONES",16,"San Agustín Tlaxiaca"
"052","CORTO CIRCUITO",3,"San Agustín Tlaxiaca"
"052","DAÑO A BIENES PÚBLICOS, INSTITUCIONES, MONUMENTOS, ENTRE OTROS",3,"San Agustín Tlaxiaca"
"052","DAÑO A PROPIEDAD AJENA",12,"San Agustín Tlaxiaca"
"052","DESCOMPENSACIÓN DE LA DIABETES/DESHIDRATACIÓN",5,"San Agustín Tlaxiaca"
"052","DETONACIÓN DE ARMA DE FUEGO",43,"San Agustín Tlaxiaca"
"052","DETONACIÓN DE COHETES O FUEGOS ARTIFICIALES",3,"San Agustín Tlaxiaca"
"052","DIFICULTAD RESPIRATORIA / URGENCIA RESPIRATORIA",10,"San Agustín Tlaxiaca"
"052","DOLOR ABDOMINAL / URGENCIA ABDOMINAL",2,"San Agustín Tlaxiaca"
"052","ENCHARCAMIENTO/ DESBORDAMIENTO DE RÍO",1,"San Agustín Tlaxiaca"
"052","ENJAMBRE DE ABEJAS",10,"San Agustín Tlaxiaca"
"052","ENVENENAMIENTO POR ANIMAL DE PONZOÑA",2,"San Agustín Tlaxiaca"
"052","EXTORSIÓN",2,"San Agustín Tlaxiaca"
"052","EXTORSIÓN TELEFÓNICA",8,"San Agustín Tlaxiaca"
"052","FALLECIDO DE CAUSA NATURAL",9,"San Agustín Tlaxiaca"
"052","FALLECIDO DE CAUSA TRAUMÁTICA",2,"San Agustín Tlaxiaca"
"052","FRACTURADO/TRAUMATISMO DE EXTREMIDADES",5,"San Agustín Tlaxiaca"
"052","FRAUDE",1,"San Agustín Tlaxiaca"
"052","FUGAS Y DERRAMES DE SUSTANCIAS QUÍMICAS",10,"San Agustín Tlaxiaca"
"052","GASES TÓXICOS",3,"San Agustín Tlaxiaca"
"052","GRAVA SUELTA",1,"San Agustín Tlaxiaca"
"052","HEMORRAGIA",6,"San Agustín Tlaxiaca"
"052","INCENDIO DE CASA HABITACIÓN",3,"San Agustín Tlaxiaca"
"052","INCENDIO DE VEHÍCULO",11,"San Agustín Tlaxiaca"
"052","INFARTO / URGENCIA CARDIOLÓGICA",2,"San Agustín Tlaxiaca"
"052","INTOXICACIÓN / SOBREDOSIS / ENVENENAMIENTO POR SUSTANCIAS",8,"San Agustín Tlaxiaca"
"052","INTOXICACIÓN ETÍLICA",3,"San Agustín Tlaxiaca"
"052","INUNDACIONES",8,"San Agustín Tlaxiaca"
"052","LESIONADO POR ARMA BLANCA",4,"San Agustín Tlaxiaca"
"052","MALTRATO DE ANIMALES",8,"San Agustín Tlaxiaca"
"052","MORDEDURA DE ANIMAL",6,"San Agustín Tlaxiaca"
"052","NOTIFICACIÓN DE CIBER INCIDENTE",9,"San Agustín Tlaxiaca"
"052","OBJETO SOSPECHOSO O PELIGROSO",8,"San Agustín Tlaxiaca"
"052","OTRAS ALARMAS DE EMERGENCIAS ACTIVADAS",70,"San Agustín Tlaxiaca"
"052","OTRAS FALTAS AL REGLAMENTO DE TRÁNSITO",20,"San Agustín Tlaxiaca"
"052","OTROS ACCIDENTES CON LESIONADOS",1,"San Agustín Tlaxiaca"
"052","OTROS ACTOS RELACIONADOS CON EL PATRIMONIO",9,"San Agustín Tlaxiaca"
"052","OTROS ACTOS RELACIONADOS CON LA FAMILIA",15,"San Agustín Tlaxiaca"
"052","OTROS ACTOS RELACIONADOS CON LA LIBERTAD PERSONAL",2,"San Agustín Tlaxiaca"
"052","OTROS INCENDIOS",67,"San Agustín Tlaxiaca"
"052","OTROS INCIDENTES MÉDICOS CLINICOS",18,"San Agustín Tlaxiaca"
"052","OTROS INCIDENTES MÉDICOS TRAUMÁTICOS",10,"San Agustín Tlaxiaca"
"052","OTROS RESCATES",19,"San Agustín Tlaxiaca"
"052","OTROS TIPOS DE ALTERACIÓN AL ORDEN PÚBLICO",7,"San Agustín Tlaxiaca"
"052","PARO CARDIORRESPIRATORIO",1,"San Agustín Tlaxiaca"
"052","PERSONA AGRESIVA",92,"San Agustín Tlaxiaca"
"052","PERSONA DETENIDA",1,"San Agustín Tlaxiaca"
"052","PERSONA EN CRISIS POR TRASTORNO MENTAL",6,"San Agustín Tlaxiaca"
"052","PERSONA EN SITUACIÓN DE CALLE",2,"San Agustín Tlaxiaca"
"052","PERSONA INCONSCIENTE / URGENCIA NEUROLÓGICA",25,"San Agustín Tlaxiaca"
"052","PERSONA LOCALIZADA",6,"San Agustín Tlaxiaca"
"052","PERSONA NO LOCALIZADA",6,"San Agustín Tlaxiaca"
"052","PERSONA SOSPECHOSA",41,"San Agustín Tlaxiaca"
"052","PERSONA TIRADA EN VÍA PÚBLICA",18,"San Agustín Tlaxiaca"
"052","PLAGAS",6,"San Agustín Tlaxiaca"
"052","PORTACIÓN DE ARMAS O CARTUCHOS",20,"San Agustín Tlaxiaca"
"052","QUEMA AGROPECUARIA",1,"San Agustín Tlaxiaca"
"052","RESCATE ANIMAL",5,"San Agustín Tlaxiaca"
"052","RIÑA / PELEA CLANDESTINA",46,"San Agustín Tlaxiaca"
"052","ROBO A CASA HABITACIÓN SIN VIOLENCIA",8,"San Agustín Tlaxiaca"
"052","ROBO A NEGOCIO SIN VIOLENCIA",6,"San Agustín Tlaxiaca"
"052","ROBO DE COMBUSTIBLE",17,"San Agustín Tlaxiaca"
"052","ROBO DE GANADO",2,"San Agustín Tlaxiaca"
"052","ROBO DE VEHÍCULO PARTICULAR SIN VIOLENCIA",15,"San Agustín Tlaxiaca"
"052","RUIDO EXCESIVO",12,"San Agustín Tlaxiaca"
"052","SOLICITUD DE RONDÍN",6,"San Agustín Tlaxiaca"
"052","SUICIDIO",3,"San Agustín Tlaxiaca"
"052","TALA ILEGAL",1,"San Agustín Tlaxiaca"
"052","TENTATIVA DE ROBO",10,"San Agustín Tlaxiaca"
"052","TRABAJO DE PARTO",1,"San Agustín Tlaxiaca"
"052","URGENCIA EN PACIENTE EMBARAZADA",3,"San Agustín Tlaxiaca"
"052","URGENCIA POR ENFERMEDAD GENERAL",21,"San Agustín Tlaxiaca"
"052","VEHÍCULO A EXCESO DE VELOCIDAD",33,"San Agustín Tlaxiaca"
"052","VEHÍCULO ABANDONADO",8,"San Agustín Tlaxiaca"
"052","VEHÍCULO DESCOMPUESTO",34,"San Agustín Tlaxiaca"
"052","VEHÍCULO EN HUIDA",15,"San Agustín Tlaxiaca"
"052","VEHÍCULO RECUPERADO",4,"San Agustín Tlaxiaca"
"052","VEHÍCULO SOSPECHOSO",86,"San Agustín Tlaxiaca"
"052","VIALIDAD EN MAL ESTADO",2,"San Agustín Tlaxiaca"
"052","VIOLENCIA CONTRA LA MUJER",18,"San Agustín Tlaxiaca"
"052","VIOLENCIA DE PAREJA",55,"San Agustín Tlaxiaca"
"052","VIOLENCIA FAMILIAR",63,"San Agustín Tlaxiaca"
"052","ÁRBOL CAÍDO O POR CAER",3,"San Agustín Tlaxiaca"
"053","ACCIDENTE DE MOTOCICLETA CON LESIONADOS",3,"San Bartolo Tutotepec"
"053","ACCIDENTE DE TRÁNSITO SIN LESIONADOS",1,"San Bartolo Tutotepec"
"053","ALTERACIÓN DEL ORDEN PÚBLICO POR PERSONA ALCOHOLIZADA",6,"San Bartolo Tutotepec"
"053","ALTERACIÓN DEL ORDEN PÚBLICO POR PERSONA DROGADA",3,"San Bartolo Tutotepec"
"053","APOYO A LA CIUDADANÍA",7,"San Bartolo Tutotepec"
"053","CABLES COLGANDO",1,"San Bartolo Tutotepec"
"053","CAÍDA",2,"San Bartolo Tutotepec"
"053","CONSUMO DE ALCOHOL EN VÍA PÚBLICA",3,"San Bartolo Tutotepec"
"053","CONSUMO DE DROGAS EN VÍA PÚBLICA",2,"San Bartolo Tutotepec"
"053","CONVULSIONES",1,"San Bartolo Tutotepec"
"053","CORTO CIRCUITO",1,"San Bartolo Tutotepec"
"053","DAÑO A PROPIEDAD AJENA",1,"San Bartolo Tutotepec"
"053","DERRUMBES",1,"San Bartolo Tutotepec"
"053","DETONACIÓN DE ARMA DE FUEGO",8,"San Bartolo Tutotepec"
"053","DETONACIÓN DE COHETES O FUEGOS ARTIFICIALES",1,"San Bartolo Tutotepec"
"053","ELECTROCUTADO/LESIÓN POR CORRIENTE ELÉCTRICA",1,"San Bartolo Tutotepec"
"053","EXPLOSIÓN",1,"San Bartolo Tutotepec"
"053","EXTORSIÓN TELEFÓNICA",5,"San Bartolo Tutotepec"
"053","INCENDIO FORESTAL",3,"San Bartolo Tutotepec"
"053","INTOXICACIÓN / SOBREDOSIS / ENVENENAMIENTO POR SUSTANCIAS",1,"San Bartolo Tutotepec"
"053","INTOXICACIÓN ETÍLICA",1,"San Bartolo Tutotepec"
"053","NOTIFICACIÓN DE CIBER INCIDENTE",2,"San Bartolo Tutotepec"
"053","OBJETO SOSPECHOSO O PELIGROSO",1,"San Bartolo Tutotepec"
"053","OTRAS ALARMAS DE EMERGENCIAS ACTIVADAS",23,"San Bartolo Tutotepec"
"053","OTROS ACTOS RELACIONADOS CON EL PATRIMONIO",1,"San Bartolo Tutotepec"
"053","OTROS ACTOS RELACIONADOS CON LA FAMILIA",3,"San Bartolo Tutotepec"
"053","OTROS INCENDIOS",2,"San Bartolo Tutotepec"
"053","OTROS INCIDENTES MÉDICOS CLINICOS",2,"San Bartolo Tutotepec"
"053","OTROS RESCATES",1,"San Bartolo Tutotepec"
"053","OTROS TIPOS DE ALTERACIÓN AL ORDEN PÚBLICO",5,"San Bartolo Tutotepec"
"053","PERSONA AGRESIVA",4,"San Bartolo Tutotepec"
"053","PERSONA EN SITUACIÓN DE CALLE",1,"San Bartolo Tutotepec"
"053","PERSONA INCONSCIENTE / URGENCIA NEUROLÓGICA",1,"San Bartolo Tutotepec"
"053","PERSONA LOCALIZADA",1,"San Bartolo Tutotepec"
"053","PERSONA NO LOCALIZADA",1,"San Bartolo Tutotepec"
"053","PERSONA SOSPECHOSA",5,"San Bartolo Tutotepec"
"053","PORTACIÓN DE ARMAS O CARTUCHOS",5,"San Bartolo Tutotepec"
"053","RESCATE ANIMAL",1,"San Bartolo Tutotepec"
"053","RIÑA / PELEA CLANDESTINA",14,"San Bartolo Tutotepec"
"053","ROBO A CASA HABITACIÓN SIN VIOLENCIA",1,"San Bartolo Tutotepec"
"053","RUIDO EXCESIVO",8,"San Bartolo Tutotepec"
"053","TRAUMATISMO DE CRÁNEO",1,"San Bartolo Tutotepec"
"053","URGENCIA EN PACIENTE EMBARAZADA",1,"San Bartolo Tutotepec"
"053","URGENCIA POR ENFERMEDAD GENERAL",3,"San Bartolo Tutotepec"
"053","VEHÍCULO A EXCESO DE VELOCIDAD",1,"San Bartolo Tutotepec"
"053","VEHÍCULO ABANDONADO",1,"San Bartolo Tutotepec"
"053","VIOLENCIA CONTRA LA MUJER",1,"San Bartolo Tutotepec"
"053","VIOLENCIA DE PAREJA",5,"San Bartolo Tutotepec"
"053","VIOLENCIA FAMILIAR",9,"San Bartolo Tutotepec"
"054","ACCIDENTE DE MOTOCICLETA CON FALLECIDO",1,"San Salvador"
"054","ACCIDENTE DE MOTOCICLETA CON LESIONADOS",63,"San Salvador"
"054","ACCIDENTE DE TRÁNSITO SIN LESIONADOS",46,"San Salvador"
"054","ACCIDENTE DE VEHÍCULO AUTOMOTOR CON FALLECIDO",2,"San Salvador"
"054","ACCIDENTE DE VEHÍCULO AUTOMOTOR CON LESIONADOS",33,"San Salvador"
"054","ACCIDENTE MÚLTIPLE CON LESIONADOS",14,"San Salvador"
"054","ALLANAMIENTO DE MORADA",12,"San Salvador"
"054","ALTERACIÓN DEL ORDEN PÚBLICO POR PERSONA ALCOHOLIZADA",29,"San Salvador"
"054","ALTERACIÓN DEL ORDEN PÚBLICO POR PERSONA DROGADA",3,"San Salvador"
"054","AMENAZA DE SUICIDIO",1,"San Salvador"
"054","ANIMAL PELIGROSO",3,"San Salvador"
"054","ANIMALES SUELTOS",1,"San Salvador"
"054","APOYO A LA CIUDADANÍA",33,"San Salvador"
"054","ARRANCONES O CARRERAS DE VEHÍCULOS",6,"San Salvador"
"054","ASFIXIA",2,"San Salvador"
"054","ATROPELLAMIENTO",5,"San Salvador"
"054","BLOQUEO O CORTE DE VÍAS DE COMUNICACIÓN",4,"San Salvador"
"054","CABLES COLGANDO",4,"San Salvador"
"054","CAÍDA",27,"San Salvador"
"054","CAÍDA DE POSTE",1,"San Salvador"
"054","CONDUCTOR EBRIO",9,"San Salvador"
"054","CONSUMO DE ALCOHOL EN VÍA PÚBLICA",4,"San Salvador"
"054","CONSUMO DE DROGAS EN VÍA PÚBLICA",5,"San Salvador"
"054","CONTAMINACIÓN DE SUELO, AIRE Y AGUA",3,"San Salvador"
"054","CONVULSIONES",8,"San Salvador"
"054","CORTO CIRCUITO",4,"San Salvador"
"054","DAÑO A PROPIEDAD AJENA",10,"San Salvador"
"054","DESCOMPENSACIÓN DE LA DIABETES/DESHIDRATACIÓN",1,"San Salvador"
"054","DETONACIÓN DE ARMA DE FUEGO",12,"San Salvador"
"054","DETONACIÓN DE COHETES O FUEGOS ARTIFICIALES",2,"San Salvador"
"054","DIFICULTAD RESPIRATORIA / URGENCIA RESPIRATORIA",5,"San Salvador"
"054","DOLOR ABDOMINAL / URGENCIA ABDOMINAL",2,"San Salvador"
"054","ENCHARCAMIENTO/ DESBORDAMIENTO DE RÍO",2,"San Salvador"
"054","ENJAMBRE DE ABEJAS",8,"San Salvador"
"054","EXTORSIÓN TELEFÓNICA",4,"San Salvador"
"054","FALLAS DE SEMÁFORO",1,"San Salvador"
"054","FALLECIDO DE CAUSA NATURAL",7,"San Salvador"
"054","FALLECIDO DE CAUSA TRAUMÁTICA",2,"San Salvador"
"054","FRACTURADO/TRAUMATISMO DE EXTREMIDADES",4,"San Salvador"
"054","FUGAS Y DERRAMES DE SUSTANCIAS QUÍMICAS",5,"San Salvador"
"054","HEMORRAGIA",1,"San Salvador"
"054","INCENDIO DE CASA HABITACIÓN",2,"San Salvador"
"054","INCENDIO DE VEHÍCULO",5,"San Salvador"
"054","INCENDIO FORESTAL",1,"San Salvador"
"054","INFARTO / URGENCIA CARDIOLÓGICA",1,"San Salvador"
"054","INTOXICACIÓN ETÍLICA",1,"San Salvador"
"054","INUNDACIONES",1,"San Salvador"
"054","LESIONADO POR ARMA BLANCA",4,"San Salvador"
"054","MALTRATO DE ANIMALES",1,"San Salvador"
"054","MALTRATO INFANTIL",3,"San Salvador"
"054","MANIFESTACIÓN CON DISTURBIOS O BLOQUEOS",1,"San Salvador"
"054","MENOR EXTRAVIADO",1,"San Salvador"
"054","MORDEDURA DE ANIMAL",1,"San Salvador"
"054","NOTIFICACIÓN DE CIBER INCIDENTE",3,"San Salvador"
"054","OBJETO SOSPECHOSO O PELIGROSO",3,"San Salvador"
"054","OTRAS ALARMAS DE EMERGENCIAS ACTIVADAS",76,"San Salvador"
"054","OTRAS FALTAS AL REGLAMENTO DE TRÁNSITO",6,"San Salvador"
"054","OTROS ACTOS RELACIONADOS CON EL PATRIMONIO",7,"San Salvador"
"054","OTROS ACTOS RELACIONADOS CON LA FAMILIA",12,"San Salvador"
"054","OTROS ACTOS RELACIONADOS CON LA LIBERTAD PERSONAL",3,"San Salvador"
"054","OTROS ACTOS RELACIONADOS CON OTROS BIENES JURÍDICOS",1,"San Salvador"
"054","OTROS INCENDIOS",40,"San Salvador"
"054","OTROS INCIDENTES MÉDICOS CLINICOS",6,"San Salvador"
"054","OTROS INCIDENTES MÉDICOS TRAUMÁTICOS",10,"San Salvador"
"054","OTROS TIPOS DE ALTERACIÓN AL ORDEN PÚBLICO",3,"San Salvador"
"054","PERSONA AGRESIVA",58,"San Salvador"
"054","PERSONA DETENIDA",3,"San Salvador"
"054","PERSONA EN CRISIS POR TRASTORNO MENTAL",2,"San Salvador"
"054","PERSONA EXHIBICIONISTA",1,"San Salvador"
"054","PERSONA INCONSCIENTE / URGENCIA NEUROLÓGICA",24,"San Salvador"
"054","PERSONA LOCALIZADA",3,"San Salvador"
"054","PERSONA NO LOCALIZADA",1,"San Salvador"
"054","PERSONA SOSPECHOSA",22,"San Salvador"
"054","PERSONA TIRADA EN VÍA PÚBLICA",11,"San Salvador"
"054","PORTACIÓN DE ARMAS O CARTUCHOS",7,"San Salvador"
"054","QUEMA AGROPECUARIA",1,"San Salvador"
"054","RESCATE ANIMAL",3,"San Salvador"
"054","RIÑA / PELEA CLANDESTINA",30,"San Salvador"
"054","ROBO A CASA HABITACIÓN SIN VIOLENCIA",3,"San Salvador"
"054","ROBO DE GANADO",1,"San Salvador"
"054","ROBO DE VEHÍCULO PARTICULAR SIN VIOLENCIA",19,"San Salvador"
"054","RUIDO EXCESIVO",17,"San Salvador"
"054","SUSTRACCIÓN DE MENORES",2,"San Salvador"
"054","TALA ILEGAL",1,"San Salvador"
"054","TENTATIVA DE ROBO",7,"San Salvador"
"054","TRAUMATISMO DE CRÁNEO",2,"San Salvador"
"054","TRAUMATISMOS MÚLTIPLES",1,"San Salvador"
"054","URGENCIA EN PACIENTE EMBARAZADA",3,"San Salvador"
"054","URGENCIA POR ENFERMEDAD GENERAL",11,"San Salvador"
"054","VEHÍCULO A EXCESO DE VELOCIDAD",2,"San Salvador"
"054","VEHÍCULO ABANDONADO",3,"San Salvador"
"054","VEHÍCULO DESCOMPUESTO",3,"San Salvador"
"054","VEHÍCULO EN HUIDA",4,"San Salvador"
"054","VEHÍCULO RECUPERADO",2,"San Salvador"
"054","VEHÍCULO SOSPECHOSO",41,"San Salvador"
"054","VIALIDAD EN MAL ESTADO",1,"San Salvador"
"054","VIOLENCIA CONTRA LA MUJER",10,"San Salvador"
"054","VIOLENCIA DE PAREJA",33,"San Salvador"
"054","VIOLENCIA FAMILIAR",37,"San Salvador"
"055","ABUSO SEXUAL",1,"Santiago de Anaya"
"055","ACCIDENTE DE MOTOCICLETA CON LESIONADOS",26,"Santiago de Anaya"
"055","ACCIDENTE DE TRÁNSITO SIN LESIONADOS",18,"Santiago de Anaya"
"055","ACCIDENTE DE VEHÍCULO AUTOMOTOR CON FALLECIDO",1,"Santiago de Anaya"
"055","ACCIDENTE DE VEHÍCULO AUTOMOTOR CON LESIONADOS",17,"Santiago de Anaya"
"055","ACCIDENTE MÚLTIPLE CON LESIONADOS",7,"Santiago de Anaya"
"055","AERONAVE SOSPECHOSA",1,"Santiago de Anaya"
"055","ALLANAMIENTO DE MORADA",6,"Santiago de Anaya"
"055","ALTERACIÓN DEL ORDEN PÚBLICO POR PERSONA ALCOHOLIZADA",8,"Santiago de Anaya"
"055","ALTERACIÓN DEL ORDEN PÚBLICO POR PERSONA DROGADA",1,"Santiago de Anaya"
"055","AMENAZA",1,"Santiago de Anaya"
"055","AMENAZA DE SUICIDIO",2,"Santiago de Anaya"
"055","APOYO A LA CIUDADANÍA",13,"Santiago de Anaya"
"055","CAÍDA",5,"Santiago de Anaya"
"055","CONDUCTOR EBRIO",2,"Santiago de Anaya"
"055","CONSUMO DE ALCOHOL EN VÍA PÚBLICA",6,"Santiago de Anaya"
"055","CONVULSIONES",4,"Santiago de Anaya"
"055","CORTO CIRCUITO",2,"Santiago de Anaya"
"055","DAÑO A BIENES PÚBLICOS, INSTITUCIONES, MONUMENTOS, ENTRE OTROS",1,"Santiago de Anaya"
"055","DESCOMPENSACIÓN DE LA DIABETES/DESHIDRATACIÓN",1,"Santiago de Anaya"
"055","DETONACIÓN DE ARMA DE FUEGO",9,"Santiago de Anaya"
"055","DOLOR ABDOMINAL / URGENCIA ABDOMINAL",2,"Santiago de Anaya"
"055","ENCHARCAMIENTO/ DESBORDAMIENTO DE RÍO",2,"Santiago de Anaya"
"055","ENJAMBRE DE ABEJAS",1,"Santiago de Anaya"
"055","EXPLOSIÓN",2,"Santiago de Anaya"
"055","EXTORSIÓN",1,"Santiago de Anaya"
"055","EXTORSIÓN TELEFÓNICA",3,"Santiago de Anaya"
"055","FALLECIDO DE CAUSA NATURAL",2,"Santiago de Anaya"
"055","FRACTURADO/TRAUMATISMO DE EXTREMIDADES",1,"Santiago de Anaya"
"055","FRAUDE",1,"Santiago de Anaya"
"055","HEMORRAGIA",1,"Santiago de Anaya"
"055","INCENDIO DE CASA HABITACIÓN",1,"Santiago de Anaya"
"055","INCENDIO DE VEHÍCULO",2,"Santiago de Anaya"
"055","INCENDIO FORESTAL",1,"Santiago de Anaya"
"055","INFARTO CEREBRAL",1,"Santiago de Anaya"
"055","INUNDACIONES",1,"Santiago de Anaya"
"055","LESIONADO POR ARMA BLANCA",1,"Santiago de Anaya"
"055","NOTIFICACIÓN DE CIBER INCIDENTE",1,"Santiago de Anaya"
"055","OBJETO SOSPECHOSO O PELIGROSO",2,"Santiago de Anaya"
"055","OTRAS ALARMAS DE EMERGENCIAS ACTIVADAS",14,"Santiago de Anaya"
"055","OTRAS FALTAS AL REGLAMENTO DE TRÁNSITO",1,"Santiago de Anaya"
"055","OTROS ACTOS RELACIONADOS CON EL PATRIMONIO",1,"Santiago de Anaya"
"055","OTROS ACTOS RELACIONADOS CON LA FAMILIA",5,"Santiago de Anaya"
"055","OTROS ACTOS RELACIONADOS CON LA LIBERTAD PERSONAL",2,"Santiago de Anaya"
"055","OTROS ACTOS RELACIONADOS CON LA LIBERTAD Y LA SEGURIDAD SEXUAL",2,"Santiago de Anaya"
"055","OTROS ACTOS RELACIONADOS CON OTROS BIENES JURÍDICOS",1,"Santiago de Anaya"
"055","OTROS INCENDIOS",22,"Santiago de Anaya"
"055","OTROS INCIDENTES MÉDICOS CLINICOS",6,"Santiago de Anaya"
"055","OTROS INCIDENTES MÉDICOS TRAUMÁTICOS",3,"Santiago de Anaya"
"055","PERSONA AGRESIVA",17,"Santiago de Anaya"
"055","PERSONA EN SITUACIÓN DE CALLE",1,"Santiago de Anaya"
"055","PERSONA INCONSCIENTE / URGENCIA NEUROLÓGICA",8,"Santiago de Anaya"
"055","PERSONA LOCALIZADA",1,"Santiago de Anaya"
"055","PERSONA SOSPECHOSA",5,"Santiago de Anaya"
"055","PORTACIÓN DE ARMAS O CARTUCHOS",3,"Santiago de Anaya"
"055","RESCATE ANIMAL",2,"Santiago de Anaya"
"055","RIÑA / PELEA CLANDESTINA",10,"Santiago de Anaya"
"055","ROBO A CASA HABITACIÓN SIN VIOLENCIA",1,"Santiago de Anaya"
"055","ROBO DE VEHÍCULO PARTICULAR SIN VIOLENCIA",5,"Santiago de Anaya"
"055","RUIDO EXCESIVO",2,"Santiago de Anaya"
"055","SOLICITUD DE RONDÍN",2,"Santiago de Anaya"
"055","SUSTRACCIÓN DE MENORES",1,"Santiago de Anaya"
"055","TENTATIVA DE ROBO",5,"Santiago de Anaya"
"055","URGENCIA POR ENFERMEDAD GENERAL",8,"Santiago de Anaya"
"055","VEHÍCULO A EXCESO DE VELOCIDAD",2,"Santiago de Anaya"
"055","VEHÍCULO ABANDONADO",1,"Santiago de Anaya"
"055","VEHÍCULO DESCOMPUESTO",4,"Santiago de Anaya"
"055","VEHÍCULO EN HUIDA",5,"Santiago de Anaya"
"055","VEHÍCULO RECUPERADO",1,"Santiago de Anaya"
"055","VEHÍCULO SOSPECHOSO",11,"Santiago de Anaya"
"055","VIOLENCIA CONTRA LA MUJER",1,"Santiago de Anaya"
"055","VIOLENCIA DE PAREJA",8,"Santiago de Anaya"
"055","VIOLENCIA FAMILIAR",15,"Santiago de Anaya"
"056","ABANDONO DE PERSONA",3,"Santiago Tulantepec de Lugo Guerrero"
"056","ABUSO DE CONFIANZA",3,"Santiago Tulantepec de Lugo Guerrero"
"056","ABUSO SEXUAL",3,"Santiago Tulantepec de Lugo Guerrero"
"056","ACCIDENTE DE MOTOCICLETA CON FALLECIDO",1,"Santiago Tulantepec de Lugo Guerrero"
"056","ACCIDENTE DE MOTOCICLETA CON LESIONADOS",67,"Santiago Tulantepec de Lugo Guerrero"
"056","ACCIDENTE DE TRÁNSITO SIN LESIONADOS",43,"Santiago Tulantepec de Lugo Guerrero"
"056","ACCIDENTE DE VEHÍCULO AUTOMOTOR CON LESIONADOS",20,"Santiago Tulantepec de Lugo Guerrero"
"056","ACCIDENTE DE VEHÍCULO DE PASAJEROS CON LESIONADOS",2,"Santiago Tulantepec de Lugo Guerrero"
"056","ACCIDENTE MÚLTIPLE CON LESIONADOS",7,"Santiago Tulantepec de Lugo Guerrero"
"056","AFECTACIÓN DE LOS SERVICIOS BÁSICOS O DE INFRAESTRUCTURA ESTRATÉGICA",1,"Santiago Tulantepec de Lugo Guerrero"
"056","AGRESIÓN FÍSICA EN PANDILLA",2,"Santiago Tulantepec de Lugo Guerrero"
"056","AHOGAMIENTO",1,"Santiago Tulantepec de Lugo Guerrero"
"056","ALLANAMIENTO DE MORADA",55,"Santiago Tulantepec de Lugo Guerrero"
"056","ALTERACIÓN DEL ORDEN PÚBLICO POR PERSONA ALCOHOLIZADA",65,"Santiago Tulantepec de Lugo Guerrero"
"056","ALTERACIÓN DEL ORDEN PÚBLICO POR PERSONA DROGADA",17,"Santiago Tulantepec de Lugo Guerrero"
"056","AMENAZA",5,"Santiago Tulantepec de Lugo Guerrero"
"056","AMENAZA DE ABORTO",2,"Santiago Tulantepec de Lugo Guerrero"
"056","AMENAZA DE SUICIDIO",6,"Santiago Tulantepec de Lugo Guerrero"
"056","AMPUTACIÓN",1,"Santiago Tulantepec de Lugo Guerrero"
"056","ANIMAL MUERTO",1,"Santiago Tulantepec de Lugo Guerrero"
"056","ANIMAL PELIGROSO",10,"Santiago Tulantepec de Lugo Guerrero"
"056","APOYO A LA CIUDADANÍA",110,"Santiago Tulantepec de Lugo Guerrero"
"056","APOYO A OTRO ESTADO",2,"Santiago Tulantepec de Lugo Guerrero"
"056","ARRANCONES O CARRERAS DE VEHÍCULOS",7,"Santiago Tulantepec de Lugo Guerrero"
"056","ASFIXIA",2,"Santiago Tulantepec de Lugo Guerrero"
"056","ATROPELLAMIENTO",14,"Santiago Tulantepec de Lugo Guerrero"
"056","BLOQUEO O CORTE DE VÍAS DE COMUNICACIÓN",1,"Santiago Tulantepec de Lugo Guerrero"
"056","CABLES COLGANDO",3,"Santiago Tulantepec de Lugo Guerrero"
"056","CAÍDA",48,"Santiago Tulantepec de Lugo Guerrero"
"056","CAÍDA DE POSTE",4,"Santiago Tulantepec de Lugo Guerrero"
"056","CONDUCTOR EBRIO",8,"Santiago Tulantepec de Lugo Guerrero"
"056","CONSUMO DE ALCOHOL EN VÍA PÚBLICA",17,"Santiago Tulantepec de Lugo Guerrero"
"056","CONSUMO DE DROGAS EN VÍA PÚBLICA",3,"Santiago Tulantepec de Lugo Guerrero"
"056","CONTAMINACIÓN DE SUELO, AIRE Y AGUA",8,"Santiago Tulantepec de Lugo Guerrero"
"056","CONVULSIONES",17,"Santiago Tulantepec de Lugo Guerrero"
"056","CORTO CIRCUITO",5,"Santiago Tulantepec de Lugo Guerrero"
"056","DAÑO A BIENES PÚBLICOS, INSTITUCIONES, MONUMENTOS, ENTRE OTROS",3,"Santiago Tulantepec de Lugo Guerrero"
"056","DAÑO A PROPIEDAD AJENA",10,"Santiago Tulantepec de Lugo Guerrero"
"056","DESCARGA DE DESECHOS SIN PERMISOS",2,"Santiago Tulantepec de Lugo Guerrero"
"056","DESCOMPENSACIÓN DE LA DIABETES/DESHIDRATACIÓN",7,"Santiago Tulantepec de Lugo Guerrero"
"056","DETONACIÓN DE ARMA DE FUEGO",29,"Santiago Tulantepec de Lugo Guerrero"
"056","DETONACIÓN DE COHETES O FUEGOS ARTIFICIALES",18,"Santiago Tulantepec de Lugo Guerrero"
"056","DIFICULTAD RESPIRATORIA / URGENCIA RESPIRATORIA",16,"Santiago Tulantepec de Lugo Guerrero"
"056","DOLOR ABDOMINAL / URGENCIA ABDOMINAL",12,"Santiago Tulantepec de Lugo Guerrero"
"056","ELECTROCUTADO/LESIÓN POR CORRIENTE ELÉCTRICA",1,"Santiago Tulantepec de Lugo Guerrero"
"056","ENCHARCAMIENTO/ DESBORDAMIENTO DE RÍO",1,"Santiago Tulantepec de Lugo Guerrero"
"056","ENJAMBRE DE ABEJAS",9,"Santiago Tulantepec de Lugo Guerrero"
"056","ENVENENAMIENTO POR ANIMAL DE PONZOÑA",1,"Santiago Tulantepec de Lugo Guerrero"
"056","EXTORSIÓN",1,"Santiago Tulantepec de Lugo Guerrero"
"056","EXTORSIÓN TELEFÓNICA",16,"Santiago Tulantepec de Lugo Guerrero"
"056","FALLAS DE SEMÁFORO",1,"Santiago Tulantepec de Lugo Guerrero"
"056","FALLECIDO DE CAUSA NATURAL",11,"Santiago Tulantepec de Lugo Guerrero"
"056","FALLECIDO DE CAUSA TRAUMÁTICA",1,"Santiago Tulantepec de Lugo Guerrero"
"056","FRACTURADO/TRAUMATISMO DE EXTREMIDADES",4,"Santiago Tulantepec de Lugo Guerrero"
"056","FRAUDE",1,"Santiago Tulantepec de Lugo Guerrero"
"056","FUGAS Y DERRAMES DE SUSTANCIAS QUÍMICAS",16,"Santiago Tulantepec de Lugo Guerrero"
"056","GASES TÓXICOS",5,"Santiago Tulantepec de Lugo Guerrero"
"056","GRAFITIS",3,"Santiago Tulantepec de Lugo Guerrero"
"056","HEMORRAGIA",4,"Santiago Tulantepec de Lugo Guerrero"
"056","INCENDIO DE CASA HABITACIÓN",15,"Santiago Tulantepec de Lugo Guerrero"
"056","INCENDIO DE COMERCIO",1,"Santiago Tulantepec de Lugo Guerrero"
"056","INCENDIO DE VEHÍCULO",5,"Santiago Tulantepec de Lugo Guerrero"
"056","INCENDIO FORESTAL",5,"Santiago Tulantepec de Lugo Guerrero"
"056","INFARTO / URGENCIA CARDIOLÓGICA",6,"Santiago Tulantepec de Lugo Guerrero"
"056","INFARTO CEREBRAL",2,"Santiago Tulantepec de Lugo Guerrero"
"056","INTOXICACIÓN / SOBREDOSIS / ENVENENAMIENTO POR SUSTANCIAS",6,"Santiago Tulantepec de Lugo Guerrero"
"056","INTOXICACIÓN ETÍLICA",5,"Santiago Tulantepec de Lugo Guerrero"
"056","INUNDACIONES",5,"Santiago Tulantepec de Lugo Guerrero"
"056","LESIONADO POR ARMA BLANCA",2,"Santiago Tulantepec de Lugo Guerrero"
"056","MALTRATO DE ANIMALES",2,"Santiago Tulantepec de Lugo Guerrero"
"056","MALTRATO INFANTIL",1,"Santiago Tulantepec de Lugo Guerrero"
"056","MANIFESTACIÓN CON DISTURBIOS O BLOQUEOS",1,"Santiago Tulantepec de Lugo Guerrero"
"056","MORDEDURA DE ANIMAL",4,"Santiago Tulantepec de Lugo Guerrero"
"056","NOTIFICACIÓN DE CIBER INCIDENTE",5,"Santiago Tulantepec de Lugo Guerrero"
"056","OBJETO SOSPECHOSO O PELIGROSO",6,"Santiago Tulantepec de Lugo Guerrero"
"056","OTRAS ALARMAS DE EMERGENCIAS ACTIVADAS",46,"Santiago Tulantepec de Lugo Guerrero"
"056","OTRAS FALTAS AL REGLAMENTO DE TRÁNSITO",23,"Santiago Tulantepec de Lugo Guerrero"
"056","OTROS ACTOS RELACIONADOS CON EL PATRIMONIO",19,"Santiago Tulantepec de Lugo Guerrero"
"056","OTROS ACTOS RELACIONADOS CON LA FAMILIA",28,"Santiago Tulantepec de Lugo Guerrero"
"056","OTROS ACTOS RELACIONADOS CON LA LIBERTAD PERSONAL",7,"Santiago Tulantepec de Lugo Guerrero"
"056","OTROS ACTOS RELACIONADOS CON LA LIBERTAD Y LA SEGURIDAD SEXUAL",1,"Santiago Tulantepec de Lugo Guerrero"
"056","OTROS INCENDIOS",91,"Santiago Tulantepec de Lugo Guerrero"
"056","OTROS INCIDENTES MÉDICOS CLINICOS",27,"Santiago Tulantepec de Lugo Guerrero"
"056","OTROS INCIDENTES MÉDICOS TRAUMÁTICOS",22,"Santiago Tulantepec de Lugo Guerrero"
"056","OTROS RESCATES",10,"Santiago Tulantepec de Lugo Guerrero"
"056","OTROS TIPOS DE ALTERACIÓN AL ORDEN PÚBLICO",4,"Santiago Tulantepec de Lugo Guerrero"
"056","PARO CARDIORRESPIRATORIO",1,"Santiago Tulantepec de Lugo Guerrero"
"056","PERSONA AGRESIVA",152,"Santiago Tulantepec de Lugo Guerrero"
"056","PERSONA DETENIDA",5,"Santiago Tulantepec de Lugo Guerrero"
"056","PERSONA EN CRISIS POR TRASTORNO MENTAL",3,"Santiago Tulantepec de Lugo Guerrero"
"056","PERSONA EN SITUACIÓN DE CALLE",3,"Santiago Tulantepec de Lugo Guerrero"
"056","PERSONA EXHIBICIONISTA",3,"Santiago Tulantepec de Lugo Guerrero"
"056","PERSONA INCONSCIENTE / URGENCIA NEUROLÓGICA",54,"Santiago Tulantepec de Lugo Guerrero"
"056","PERSONA LOCALIZADA",15,"Santiago Tulantepec de Lugo Guerrero"
"056","PERSONA NO LOCALIZADA",8,"Santiago Tulantepec de Lugo Guerrero"
"056","PERSONA SOSPECHOSA",96,"Santiago Tulantepec de Lugo Guerrero"
"056","PERSONA TIRADA EN VÍA PÚBLICA",35,"Santiago Tulantepec de Lugo Guerrero"
"056","PORTACIÓN DE ARMAS O CARTUCHOS",17,"Santiago Tulantepec de Lugo Guerrero"
"056","RESCATE ANIMAL",15,"Santiago Tulantepec de Lugo Guerrero"
"056","RIÑA / PELEA CLANDESTINA",57,"Santiago Tulantepec de Lugo Guerrero"
"056","ROBO A CASA HABITACIÓN SIN VIOLENCIA",14,"Santiago Tulantepec de Lugo Guerrero"
"056","ROBO A NEGOCIO SIN VIOLENCIA",6,"Santiago Tulantepec de Lugo Guerrero"
"056","ROBO A TRANSEÚNTE SIN VIOLENCIA",1,"Santiago Tulantepec de Lugo Guerrero"
"056","ROBO DE AUTOPARTES O ACCESORIOS",1,"Santiago Tulantepec de Lugo Guerrero"
"056","ROBO DE COMBUSTIBLE",25,"Santiago Tulantepec de Lugo Guerrero"
"056","ROBO DE GANADO",1,"Santiago Tulantepec de Lugo Guerrero"
"056","ROBO DE VEHÍCULO PARTICULAR SIN VIOLENCIA",52,"Santiago Tulantepec de Lugo Guerrero"
"056","RUIDO EXCESIVO",59,"Santiago Tulantepec de Lugo Guerrero"
"056","SOLICITUD DE RONDÍN",8,"Santiago Tulantepec de Lugo Guerrero"
"056","SUSTRACCIÓN DE MENORES",2,"Santiago Tulantepec de Lugo Guerrero"
"056","TALA ILEGAL",9,"Santiago Tulantepec de Lugo Guerrero"
"056","TENTATIVA DE ROBO",13,"Santiago Tulantepec de Lugo Guerrero"
"056","TRABAJO DE PARTO",2,"Santiago Tulantepec de Lugo Guerrero"
"056","URGENCIA EN PACIENTE EMBARAZADA",3,"Santiago Tulantepec de Lugo Guerrero"
"056","URGENCIA POR ENFERMEDAD GENERAL",38,"Santiago Tulantepec de Lugo Guerrero"
"056","VEHÍCULO A EXCESO DE VELOCIDAD",2,"Santiago Tulantepec de Lugo Guerrero"
"056","VEHÍCULO ABANDONADO",15,"Santiago Tulantepec de Lugo Guerrero"
"056","VEHÍCULO DESCOMPUESTO",5,"Santiago Tulantepec de Lugo Guerrero"
"056","VEHÍCULO EN HUIDA",7,"Santiago Tulantepec de Lugo Guerrero"
"056","VEHÍCULO RECUPERADO",1,"Santiago Tulantepec de Lugo Guerrero"
"056","VEHÍCULO SOSPECHOSO",79,"Santiago Tulantepec de Lugo Guerrero"
"056","VIALIDAD EN MAL ESTADO",2,"Santiago Tulantepec de Lugo Guerrero"
"056","VIOLACIÓN",1,"Santiago Tulantepec de Lugo Guerrero"
"056","VIOLENCIA CONTRA LA MUJER",30,"Santiago Tulantepec de Lugo Guerrero"
"056","VIOLENCIA DE PAREJA",79,"Santiago Tulantepec de Lugo Guerrero"
"056","VIOLENCIA FAMILIAR",77,"Santiago Tulantepec de Lugo Guerrero"
"056","ÁRBOL CAÍDO O POR CAER",5,"Santiago Tulantepec de Lugo Guerrero"
"057","ACCIDENTE DE MOTOCICLETA CON LESIONADOS",17,"Singuilucan"
"057","ACCIDENTE DE TRÁNSITO CON MUERTOS",1,"Singuilucan"
"057","ACCIDENTE DE TRÁNSITO SIN LESIONADOS",55,"Singuilucan"
"057","ACCIDENTE DE VEHÍCULO AUTOMOTOR CON FALLECIDO",8,"Singuilucan"
"057","ACCIDENTE DE VEHÍCULO AUTOMOTOR CON LESIONADOS",60,"Singuilucan"
"057","ACCIDENTE DE VEHÍCULO DE PASAJEROS CON FALLECIDO",1,"Singuilucan"
"057","ACCIDENTE DE VEHÍCULO DE PASAJEROS CON LESIONADOS",3,"Singuilucan"
"057","ACCIDENTE MÚLTIPLE CON FALLECIDO",1,"Singuilucan"
"057","ACCIDENTE MÚLTIPLE CON LESIONADOS",30,"Singuilucan"
"057","ACOSO U HOSTIGAMIENTO SEXUAL",1,"Singuilucan"
"057","ALLANAMIENTO DE MORADA",9,"Singuilucan"
"057","ALTERACIÓN DEL ORDEN PÚBLICO POR PERSONA ALCOHOLIZADA",11,"Singuilucan"
"057","ALTERACIÓN DEL ORDEN PÚBLICO POR PERSONA DROGADA",3,"Singuilucan"
"057","AMENAZA",1,"Singuilucan"
"057","AMENAZA DE SUICIDIO",2,"Singuilucan"
"057","ANIMAL MUERTO",2,"Singuilucan"
"057","ANIMAL PELIGROSO",1,"Singuilucan"
"057","APOYO A LA CIUDADANÍA",38,"Singuilucan"
"057","APOYO A OTRO ESTADO",2,"Singuilucan"
"057","ARRANCONES O CARRERAS DE VEHÍCULOS",2,"Singuilucan"
"057","ATROPELLAMIENTO",2,"Singuilucan"
"057","BLOQUEO O CORTE DE VÍAS DE COMUNICACIÓN",1,"Singuilucan"
"057","CABLES COLGANDO",1,"Singuilucan"
"057","CAÍDA",3,"Singuilucan"
"057","CAÍDA DE ANUNCIO O ESPECTACULAR",1,"Singuilucan"
"057","CIRCULAR EN SENTIDO CONTRARIO",2,"Singuilucan"
"057","CONSUMO DE ALCOHOL EN VÍA PÚBLICA",5,"Singuilucan"
"057","CONVULSIONES",4,"Singuilucan"
"057","DAÑO A PROPIEDAD AJENA",3,"Singuilucan"
"057","DETONACIÓN DE ARMA DE FUEGO",16,"Singuilucan"
"057","DIFICULTAD RESPIRATORIA / URGENCIA RESPIRATORIA",5,"Singuilucan"
"057","DOLOR ABDOMINAL / URGENCIA ABDOMINAL",1,"Singuilucan"
"057","ENJAMBRE DE ABEJAS",6,"Singuilucan"
"057","ENVENENAMIENTO POR ANIMAL DE PONZOÑA",1,"Singuilucan"
"057","EXTORSIÓN",2,"Singuilucan"
"057","EXTORSIÓN TELEFÓNICA",1,"Singuilucan"
"057","EXTRAVÍO DE PLACA",1,"Singuilucan"
"057","FALLECIDO DE CAUSA NATURAL",2,"Singuilucan"
"057","FALLECIDO DE CAUSA TRAUMÁTICA",6,"Singuilucan"
"057","FUGAS Y DERRAMES DE SUSTANCIAS QUÍMICAS",3,"Singuilucan"
"057","GASES TÓXICOS",3,"Singuilucan"
"057","INCENDIO DE CASA HABITACIÓN",1,"Singuilucan"
"057","INCENDIO DE COMERCIO",1,"Singuilucan"
"057","INCENDIO DE VEHÍCULO",6,"Singuilucan"
"057","INCENDIO FORESTAL",4,"Singuilucan"
"057","INTOXICACIÓN / SOBREDOSIS / ENVENENAMIENTO POR SUSTANCIAS",1,"Singuilucan"
"057","INTOXICACIÓN ETÍLICA",2,"Singuilucan"
"057","INUNDACIONES",2,"Singuilucan"
"057","MALTRATO DE ANIMALES",1,"Singuilucan"
"057","MALTRATO INFANTIL",5,"Singuilucan"
"057","NOTIFICACIÓN DE CIBER INCIDENTE",3,"Singuilucan"
"057","OBJETO SOSPECHOSO O PELIGROSO",9,"Singuilucan"
"057","OTRAS ALARMAS DE EMERGENCIAS ACTIVADAS",21,"Singuilucan"
"057","OTRAS FALTAS AL REGLAMENTO DE TRÁNSITO",3,"Singuilucan"
"057","OTROS ACTOS RELACIONADOS CON EL PATRIMONIO",10,"Singuilucan"
"057","OTROS ACTOS RELACIONADOS CON LA FAMILIA",5,"Singuilucan"
"057","OTROS ACTOS RELACIONADOS CON LA LIBERTAD PERSONAL",4,"Singuilucan"
"057","OTROS INCENDIOS",26,"Singuilucan"
"057","OTROS INCIDENTES MÉDICOS CLINICOS",9,"Singuilucan"
"057","OTROS INCIDENTES MÉDICOS TRAUMÁTICOS",3,"Singuilucan"
"057","OTROS RESCATES",2,"Singuilucan"
"057","PERSONA AGRESIVA",40,"Singuilucan"
"057","PERSONA DETENIDA",3,"Singuilucan"
"057","PERSONA EN CRISIS POR TRASTORNO MENTAL",2,"Singuilucan"
"057","PERSONA EN SITUACIÓN DE CALLE",2,"Singuilucan"
"057","PERSONA INCONSCIENTE / URGENCIA NEUROLÓGICA",2,"Singuilucan"
"057","PERSONA LOCALIZADA",1,"Singuilucan"
"057","PERSONA SOSPECHOSA",25,"Singuilucan"
"057","PERSONA TIRADA EN VÍA PÚBLICA",10,"Singuilucan"
"057","PORTACIÓN DE ARMAS O CARTUCHOS",6,"Singuilucan"
"057","RESCATE ANIMAL",2,"Singuilucan"
"057","RIÑA / PELEA CLANDESTINA",10,"Singuilucan"
"057","ROBO A CASA HABITACIÓN SIN VIOLENCIA",1,"Singuilucan"
"057","ROBO DE COMBUSTIBLE",14,"Singuilucan"
"057","ROBO DE VEHÍCULO PARTICULAR SIN VIOLENCIA",18,"Singuilucan"
"057","RUIDO EXCESIVO",7,"Singuilucan"
"057","SOLICITUD DE RONDÍN",5,"Singuilucan"
"057","SUICIDIO",2,"Singuilucan"
"057","TALA ILEGAL",1,"Singuilucan"
"057","TENTATIVA DE ROBO",8,"Singuilucan"
"057","TRABAJO DE PARTO",1,"Singuilucan"
"057","URGENCIA EN PACIENTE EMBARAZADA",2,"Singuilucan"
"057","URGENCIA POR ENFERMEDAD GENERAL",8,"Singuilucan"
"057","VEHÍCULO A EXCESO DE VELOCIDAD",8,"Singuilucan"
"057","VEHÍCULO ABANDONADO",3,"Singuilucan"
"057","VEHÍCULO DESCOMPUESTO",45,"Singuilucan"
"057","VEHÍCULO EN HUIDA",5,"Singuilucan"
"057","VEHÍCULO RECUPERADO",3,"Singuilucan"
"057","VEHÍCULO SOSPECHOSO",72,"Singuilucan"
"057","VIOLENCIA CONTRA LA MUJER",7,"Singuilucan"
"057","VIOLENCIA DE PAREJA",20,"Singuilucan"
"057","VIOLENCIA FAMILIAR",15,"Singuilucan"
"057","ÁRBOL CAÍDO O POR CAER",1,"Singuilucan"
"058","ABANDONO DE PERSONA",1,"Tasquillo"
"058","ACCIDENTE DE MOTOCICLETA CON FALLECIDO",1,"Tasquillo"
"058","ACCIDENTE DE MOTOCICLETA CON LESIONADOS",18,"Tasquillo"
"058","ACCIDENTE DE TRÁNSITO CON MUERTOS",1,"Tasquillo"
"058","ACCIDENTE DE TRÁNSITO SIN LESIONADOS",12,"Tasquillo"
"058","ACCIDENTE DE VEHÍCULO AUTOMOTOR CON LESIONADOS",9,"Tasquillo"
"058","ACCIDENTE MÚLTIPLE CON LESIONADOS",1,"Tasquillo"
"058","ALLANAMIENTO DE MORADA",5,"Tasquillo"
"058","ALTERACIÓN DEL ORDEN PÚBLICO POR PERSONA ALCOHOLIZADA",5,"Tasquillo"
"058","AMENAZA",2,"Tasquillo"
"058","APOYO A LA CIUDADANÍA",9,"Tasquillo"
"058","CAÍDA",10,"Tasquillo"
"058","CONDUCTOR EBRIO",1,"Tasquillo"
"058","CONSUMO DE ALCOHOL EN VÍA PÚBLICA",1,"Tasquillo"
"058","CONTAMINACIÓN DE SUELO, AIRE Y AGUA",2,"Tasquillo"
"058","CONVULSIONES",1,"Tasquillo"
"058","CORTO CIRCUITO",1,"Tasquillo"
"058","DAÑO A PROPIEDAD AJENA",2,"Tasquillo"
"058","DESCOMPENSACIÓN DE LA DIABETES/DESHIDRATACIÓN",2,"Tasquillo"
"058","DETONACIÓN DE ARMA DE FUEGO",3,"Tasquillo"
"058","DETONACIÓN DE COHETES O FUEGOS ARTIFICIALES",1,"Tasquillo"
"058","DIFICULTAD RESPIRATORIA / URGENCIA RESPIRATORIA",3,"Tasquillo"
"058","DOLOR ABDOMINAL / URGENCIA ABDOMINAL",1,"Tasquillo"
"058","FALLECIDO DE CAUSA NATURAL",1,"Tasquillo"
"058","FALLECIDO DE CAUSA TRAUMÁTICA",1,"Tasquillo"
"058","FRACTURADO/TRAUMATISMO DE EXTREMIDADES",1,"Tasquillo"
"058","FUGAS Y DERRAMES DE SUSTANCIAS QUÍMICAS",2,"Tasquillo"
"058","HEMORRAGIA",1,"Tasquillo"
"058","INCENDIO DE VEHÍCULO",3,"Tasquillo"
"058","INUNDACIONES",1,"Tasquillo"
"058","MALTRATO DE ANIMALES",1,"Tasquillo"
"058","MALTRATO INFANTIL",1,"Tasquillo"
"058","OBJETO SOSPECHOSO O PELIGROSO",1,"Tasquillo"
"058","OTRAS ALARMAS DE EMERGENCIAS ACTIVADAS",100,"Tasquillo"
"058","OTRAS FALTAS AL REGLAMENTO DE TRÁNSITO",1,"Tasquillo"
"058","OTROS ACTOS RELACIONADOS CON EL PATRIMONIO",3,"Tasquillo"
"058","OTROS ACTOS RELACIONADOS CON LA FAMILIA",2,"Tasquillo"
"058","OTROS INCENDIOS",18,"Tasquillo"
"058","OTROS INCIDENTES MÉDICOS CLINICOS",4,"Tasquillo"
"058","PERSONA AGRESIVA",11,"Tasquillo"
"058","PERSONA EN CRISIS POR TRASTORNO MENTAL",2,"Tasquillo"
"058","PERSONA EN SITUACIÓN DE CALLE",1,"Tasquillo"
"058","PERSONA INCONSCIENTE / URGENCIA NEUROLÓGICA",4,"Tasquillo"
"058","PERSONA SOSPECHOSA",2,"Tasquillo"
"058","PERSONA TIRADA EN VÍA PÚBLICA",3,"Tasquillo"
"058","PORTACIÓN DE ARMAS O CARTUCHOS",1,"Tasquillo"
"058","RESCATE ANIMAL",2,"Tasquillo"
"058","RIÑA / PELEA CLANDESTINA",1,"Tasquillo"
"058","ROBO A CASA HABITACIÓN SIN VIOLENCIA",1,"Tasquillo"
"058","ROBO DE VEHÍCULO PARTICULAR SIN VIOLENCIA",7,"Tasquillo"
"058","RUIDO EXCESIVO",1,"Tasquillo"
"058","SOLICITUD DE RONDÍN",1,"Tasquillo"
"058","TENTATIVA DE ROBO",3,"Tasquillo"
"058","TRAUMATISMOS MÚLTIPLES",1,"Tasquillo"
"058","URGENCIA POR ENFERMEDAD GENERAL",2,"Tasquillo"
"058","VEHÍCULO A EXCESO DE VELOCIDAD",2,"Tasquillo"
"058","VEHÍCULO DESCOMPUESTO",10,"Tasquillo"
"058","VEHÍCULO EN HUIDA",1,"Tasquillo"
"058","VEHÍCULO SOSPECHOSO",4,"Tasquillo"
"058","VIOLENCIA CONTRA LA MUJER",3,"Tasquillo"
"058","VIOLENCIA DE PAREJA",9,"Tasquillo"
"058","VIOLENCIA FAMILIAR",5,"Tasquillo"
"059","ABUSO DE CONFIANZA",1,"Tecozautla"
"059","ACCIDENTE DE MOTOCICLETA CON LESIONADOS",16,"Tecozautla"
"059","ACCIDENTE DE TRÁNSITO CON MUERTOS",1,"Tecozautla"
"059","ACCIDENTE DE TRÁNSITO SIN LESIONADOS",24,"Tecozautla"
"059","ACCIDENTE DE VEHÍCULO AUTOMOTOR CON LESIONADOS",21,"Tecozautla"
"059","ACCIDENTE DE VEHÍCULO DE PASAJEROS CON LESIONADOS",1,"Tecozautla"
"059","ACCIDENTE MÚLTIPLE CON LESIONADOS",6,"Tecozautla"
"059","ACOSO U HOSTIGAMIENTO SEXUAL",1,"Tecozautla"
"059","ALLANAMIENTO DE MORADA",5,"Tecozautla"
"059","ALTERACIÓN DEL ORDEN PÚBLICO POR PERSONA ALCOHOLIZADA",18,"Tecozautla"
"059","ALTERACIÓN DEL ORDEN PÚBLICO POR PERSONA DROGADA",1,"Tecozautla"
"059","AMENAZA",1,"Tecozautla"
"059","AMENAZA DE SUICIDIO",1,"Tecozautla"
"059","ANIMAL PELIGROSO",2,"Tecozautla"
"059","APOYO A LA CIUDADANÍA",17,"Tecozautla"
"059","APOYO A OTRO ESTADO",1,"Tecozautla"
"059","ARRANCONES O CARRERAS DE VEHÍCULOS",1,"Tecozautla"
"059","BLOQUEO O CORTE DE VÍAS DE COMUNICACIÓN",2,"Tecozautla"
"059","CAÍDA",10,"Tecozautla"
"059","CAÍDA DE POSTE",2,"Tecozautla"
"059","CONDUCTOR EBRIO",4,"Tecozautla"
"059","CONSUMO DE ALCOHOL EN VÍA PÚBLICA",4,"Tecozautla"
"059","CONSUMO DE DROGAS EN VÍA PÚBLICA",2,"Tecozautla"
"059","CONTAMINACIÓN DE SUELO, AIRE Y AGUA",2,"Tecozautla"
"059","CONVULSIONES",4,"Tecozautla"
"059","CORTO CIRCUITO",2,"Tecozautla"
"059","DAÑO A PROPIEDAD AJENA",2,"Tecozautla"
"059","DESCOMPENSACIÓN DE LA DIABETES/DESHIDRATACIÓN",1,"Tecozautla"
"059","DETONACIÓN DE ARMA DE FUEGO",6,"Tecozautla"
"059","DETONACIÓN DE COHETES O FUEGOS ARTIFICIALES",1,"Tecozautla"
"059","DIFICULTAD RESPIRATORIA / URGENCIA RESPIRATORIA",3,"Tecozautla"
"059","DOLOR ABDOMINAL / URGENCIA ABDOMINAL",2,"Tecozautla"
"059","ENCHARCAMIENTO/ DESBORDAMIENTO DE RÍO",1,"Tecozautla"
"059","ENJAMBRE DE ABEJAS",1,"Tecozautla"
"059","ENVENENAMIENTO POR ANIMAL DE PONZOÑA",1,"Tecozautla"
"059","EXTORSIÓN",1,"Tecozautla"
"059","EXTORSIÓN TELEFÓNICA",3,"Tecozautla"
"059","FALLECIDO DE CAUSA NATURAL",2,"Tecozautla"
"059","FALLECIDO DE CAUSA TRAUMÁTICA",1,"Tecozautla"
"059","FRACTURADO/TRAUMATISMO DE EXTREMIDADES",4,"Tecozautla"
"059","FUGAS Y DERRAMES DE SUSTANCIAS QUÍMICAS",1,"Tecozautla"
"059","INCENDIO DE CASA HABITACIÓN",1,"Tecozautla"
"059","INCENDIO DE VEHÍCULO",4,"Tecozautla"
"059","INCENDIO FORESTAL",9,"Tecozautla"
"059","INTOXICACIÓN ETÍLICA",2,"Tecozautla"
"059","MALTRATO DE ANIMALES",2,"Tecozautla"
"059","NOTIFICACIÓN DE CIBER INCIDENTE",7,"Tecozautla"
"059","OBJETO SOSPECHOSO O PELIGROSO",1,"Tecozautla"
"059","OTRAS ALARMAS DE EMERGENCIAS ACTIVADAS",60,"Tecozautla"
"059","OTRAS FALTAS AL REGLAMENTO DE TRÁNSITO",4,"Tecozautla"
"059","OTROS ACTOS RELACIONADOS CON EL PATRIMONIO",6,"Tecozautla"
"059","OTROS ACTOS RELACIONADOS CON LA FAMILIA",4,"Tecozautla"
"059","OTROS ACTOS RELACIONADOS CON LA LIBERTAD PERSONAL",1,"Tecozautla"
"059","OTROS INCENDIOS",36,"Tecozautla"
"059","OTROS INCIDENTES MÉDICOS CLINICOS",1,"Tecozautla"
"059","OTROS INCIDENTES MÉDICOS TRAUMÁTICOS",3,"Tecozautla"
"059","OTROS RESCATES",2,"Tecozautla"
"059","OTROS TIPOS DE ALTERACIÓN AL ORDEN PÚBLICO",1,"Tecozautla"
"059","PERSONA AGRESIVA",15,"Tecozautla"
"059","PERSONA DETENIDA",2,"Tecozautla"
"059","PERSONA INCONSCIENTE / URGENCIA NEUROLÓGICA",6,"Tecozautla"
"059","PERSONA LOCALIZADA",3,"Tecozautla"
"059","PERSONA SOSPECHOSA",5,"Tecozautla"
"059","PERSONA TIRADA EN VÍA PÚBLICA",4,"Tecozautla"
"059","PORTACIÓN DE ARMAS O CARTUCHOS",5,"Tecozautla"
"059","RIÑA / PELEA CLANDESTINA",11,"Tecozautla"
"059","ROBO A TRANSEÚNTE SIN VIOLENCIA",1,"Tecozautla"
"059","ROBO DE VEHÍCULO PARTICULAR SIN VIOLENCIA",6,"Tecozautla"
"059","RUIDO EXCESIVO",4,"Tecozautla"
"059","SUICIDIO",1,"Tecozautla"
"059","TALA ILEGAL",1,"Tecozautla"
"059","TENTATIVA DE ROBO",4,"Tecozautla"
"059","URGENCIA EN PACIENTE EMBARAZADA",1,"Tecozautla"
"059","URGENCIA POR ENFERMEDAD GENERAL",4,"Tecozautla"
"059","VEHÍCULO A EXCESO DE VELOCIDAD",1,"Tecozautla"
"059","VEHÍCULO ABANDONADO",1,"Tecozautla"
"059","VEHÍCULO DESCOMPUESTO",6,"Tecozautla"
"059","VEHÍCULO EN HUIDA",3,"Tecozautla"
"059","VEHÍCULO SOSPECHOSO",10,"Tecozautla"
"059","VIOLENCIA CONTRA LA MUJER",3,"Tecozautla"
"059","VIOLENCIA DE PAREJA",21,"Tecozautla"
"059","VIOLENCIA FAMILIAR",21,"Tecozautla"
"059","ÁRBOL CAÍDO O POR CAER",3,"Tecozautla"
"060","ACCIDENTE DE MOTOCICLETA CON LESIONADOS",5,"Tenango de Doria"
"060","ACCIDENTE DE TRÁNSITO SIN LESIONADOS",7,"Tenango de Doria"
"060","ACCIDENTE DE VEHÍCULO AUTOMOTOR CON FALLECIDO",1,"Tenango de Doria"
"060","ACCIDENTE DE VEHÍCULO AUTOMOTOR CON LESIONADOS",2,"Tenango de Doria"
"060","ACCIDENTE MÚLTIPLE CON LESIONADOS",2,"Tenango de Doria"
"060","ALLANAMIENTO DE MORADA",2,"Tenango de Doria"
"060","ALTERACIÓN DEL ORDEN PÚBLICO POR PERSONA ALCOHOLIZADA",1,"Tenango de Doria"
"060","AMENAZA",1,"Tenango de Doria"
"060","APOYO A LA CIUDADANÍA",9,"Tenango de Doria"
"060","CABLES COLGANDO",2,"Tenango de Doria"
"060","CAÍDA",1,"Tenango de Doria"
"060","CAÍDA DE POSTE",1,"Tenango de Doria"
"060","CONSUMO DE ALCOHOL EN VÍA PÚBLICA",1,"Tenango de Doria"
"060","CONVULSIONES",1,"Tenango de Doria"
"060","DAÑO A PROPIEDAD AJENA",2,"Tenango de Doria"
"060","DERRUMBES",1,"Tenango de Doria"
"060","DETONACIÓN DE ARMA DE FUEGO",5,"Tenango de Doria"
"060","DETONACIÓN DE COHETES O FUEGOS ARTIFICIALES",1,"Tenango de Doria"
"060","EXTORSIÓN TELEFÓNICA",1,"Tenango de Doria"
"060","FALLECIDO DE CAUSA TRAUMÁTICA",1,"Tenango de Doria"
"060","HEMORRAGIA",1,"Tenango de Doria"
"060","INCENDIO DE CASA HABITACIÓN",1,"Tenango de Doria"
"060","INCENDIO FORESTAL",1,"Tenango de Doria"
"060","LESIONADO POR ARMA BLANCA",4,"Tenango de Doria"
"060","MANIFESTACIÓN CON DISTURBIOS O BLOQUEOS",1,"Tenango de Doria"
"060","MENOR EXTRAVIADO",1,"Tenango de Doria"
"060","OTRAS ALARMAS DE EMERGENCIAS ACTIVADAS",83,"Tenango de Doria"
"060","OTRAS FALTAS AL REGLAMENTO DE TRÁNSITO",2,"Tenango de Doria"
"060","OTROS ACTOS RELACIONADOS CON LA FAMILIA",4,"Tenango de Doria"
"060","OTROS ACTOS RELACIONADOS CON LA LIBERTAD PERSONAL",1,"Tenango de Doria"
"060","OTROS INCENDIOS",2,"Tenango de Doria"
"060","OTROS INCIDENTES MÉDICOS TRAUMÁTICOS",1,"Tenango de Doria"
"060","OTROS TIPOS DE ALTERACIÓN AL ORDEN PÚBLICO",1,"Tenango de Doria"
"060","PERSONA AGRESIVA",8,"Tenango de Doria"
"060","PERSONA INCONSCIENTE / URGENCIA NEUROLÓGICA",2,"Tenango de Doria"
"060","PERSONA NO LOCALIZADA",1,"Tenango de Doria"
"060","PERSONA SOSPECHOSA",4,"Tenango de Doria"
"060","PERSONA TIRADA EN VÍA PÚBLICA",1,"Tenango de Doria"
"060","PLAGAS",1,"Tenango de Doria"
"060","PORTACIÓN DE ARMAS O CARTUCHOS",1,"Tenango de Doria"
"060","RIÑA / PELEA CLANDESTINA",6,"Tenango de Doria"
"060","ROBO A CASA HABITACIÓN SIN VIOLENCIA",1,"Tenango de Doria"
"060","RUIDO EXCESIVO",2,"Tenango de Doria"
"060","SOLICITUD DE RONDÍN",2,"Tenango de Doria"
"060","TALA ILEGAL",5,"Tenango de Doria"
"060","TENTATIVA DE ROBO",2,"Tenango de Doria"
"060","URGENCIA POR ENFERMEDAD GENERAL",2,"Tenango de Doria"
"060","VEHÍCULO SOSPECHOSO",7,"Tenango de Doria"
"060","VIALIDAD EN MAL ESTADO",1,"Tenango de Doria"
"060","VIOLENCIA CONTRA LA MUJER",4,"Tenango de Doria"
"060","VIOLENCIA DE PAREJA",5,"Tenango de Doria"
"060","VIOLENCIA FAMILIAR",8,"Tenango de Doria"
"060","ÁRBOL CAÍDO O POR CAER",2,"Tenango de Doria"
"061","ABANDONO DE PERSONA",2,"Tepeapulco"
"061","ABUSO DE CONFIANZA",8,"Tepeapulco"
"061","ABUSO SEXUAL",2,"Tepeapulco"
"061","ACCIDENTE DE MOTOCICLETA CON FALLECIDO",1,"Tepeapulco"
"061","ACCIDENTE DE MOTOCICLETA CON LESIONADOS",83,"Tepeapulco"
"061","ACCIDENTE DE TRÁNSITO SIN LESIONADOS",112,"Tepeapulco"
"061","ACCIDENTE DE VEHÍCULO AUTOMOTOR CON FALLECIDO",3,"Tepeapulco"
"061","ACCIDENTE DE VEHÍCULO AUTOMOTOR CON LESIONADOS",43,"Tepeapulco"
"061","ACCIDENTE MÚLTIPLE CON LESIONADOS",10,"Tepeapulco"
"061","AFECTACIÓN DE LOS SERVICIOS BÁSICOS O DE INFRAESTRUCTURA ESTRATÉGICA",4,"Tepeapulco"
"061","ALCANTARILLA SIN TAPA",2,"Tepeapulco"
"061","ALLANAMIENTO DE MORADA",80,"Tepeapulco"
"061","ALMACENAMIENTO DE SUSTANCIAS PELIGROSAS",1,"Tepeapulco"
"061","ALTERACIÓN DEL ORDEN PÚBLICO POR PERSONA ALCOHOLIZADA",122,"Tepeapulco"
"061","ALTERACIÓN DEL ORDEN PÚBLICO POR PERSONA DROGADA",26,"Tepeapulco"
"061","AMENAZA",12,"Tepeapulco"
"061","AMENAZA DE ABORTO",1,"Tepeapulco"
"061","AMENAZA DE SUICIDIO",6,"Tepeapulco"
"061","AMPUTACIÓN",1,"Tepeapulco"
"061","ANIMAL MUERTO",7,"Tepeapulco"
"061","ANIMAL PELIGROSO",14,"Tepeapulco"
"061","ANIMALES SUELTOS",5,"Tepeapulco"
"061","APOYO A LA CIUDADANÍA",174,"Tepeapulco"
"061","ARRANCONES O CARRERAS DE VEHÍCULOS",16,"Tepeapulco"
"061","ASFIXIA",1,"Tepeapulco"
"061","ATAQUES AL PUDOR",1,"Tepeapulco"
"061","ATROPELLAMIENTO",17,"Tepeapulco"
"061","BLOQUEO O CORTE DE VÍAS DE COMUNICACIÓN",1,"Tepeapulco"
"061","CABLES COLGANDO",16,"Tepeapulco"
"061","CAÍDA",66,"Tepeapulco"
"061","CAÍDA DE BARDA",1,"Tepeapulco"
"061","CAÍDA DE POSTE",6,"Tepeapulco"
"061","CONCENTRACIÓN PACÍFICA DE PERSONAS",1,"Tepeapulco"
"061","CONDUCTOR EBRIO",23,"Tepeapulco"
"061","CONSUMO DE ALCOHOL EN VÍA PÚBLICA",42,"Tepeapulco"
"061","CONSUMO DE DROGAS EN VÍA PÚBLICA",11,"Tepeapulco"
"061","CONTAMINACIÓN DE SUELO, AIRE Y AGUA",13,"Tepeapulco"
"061","CONVULSIONES",29,"Tepeapulco"
"061","CORTO CIRCUITO",13,"Tepeapulco"
"061","DAÑO A BIENES PÚBLICOS, INSTITUCIONES, MONUMENTOS, ENTRE OTROS",11,"Tepeapulco"
"061","DAÑO A PROPIEDAD AJENA",18,"Tepeapulco"
"061","DESCOMPENSACIÓN DE LA DIABETES/DESHIDRATACIÓN",13,"Tepeapulco"
"061","DETONACIÓN DE ARMA DE FUEGO",55,"Tepeapulco"
"061","DETONACIÓN DE COHETES O FUEGOS ARTIFICIALES",18,"Tepeapulco"
"061","DIFICULTAD RESPIRATORIA / URGENCIA RESPIRATORIA",28,"Tepeapulco"
"061","DOLOR ABDOMINAL / URGENCIA ABDOMINAL",7,"Tepeapulco"
"061","ENJAMBRE DE ABEJAS",9,"Tepeapulco"
"061","EXPLOSIÓN",2,"Tepeapulco"
"061","EXTORSIÓN",6,"Tepeapulco"
"061","EXTORSIÓN TELEFÓNICA",21,"Tepeapulco"
"061","FALLAS DE SEMÁFORO",1,"Tepeapulco"
"061","FALLECIDO DE CAUSA NATURAL",19,"Tepeapulco"
"061","FALLECIDO DE CAUSA TRAUMÁTICA",3,"Tepeapulco"
"061","FRACTURADO/TRAUMATISMO DE EXTREMIDADES",6,"Tepeapulco"
"061","FRAUDE",4,"Tepeapulco"
"061","FUGAS Y DERRAMES DE SUSTANCIAS QUÍMICAS",20,"Tepeapulco"
"061","GASES TÓXICOS",15,"Tepeapulco"
"061","GRAFITIS",2,"Tepeapulco"
"061","HEMORRAGIA",5,"Tepeapulco"
"061","HUNDIMIENTOS / AGRIETAMIENTOS / INESTABILIDAD DE LADERA",1,"Tepeapulco"
"061","INCENDIO DE CASA HABITACIÓN",7,"Tepeapulco"
"061","INCENDIO DE COMERCIO",2,"Tepeapulco"
"061","INCENDIO DE FÁBRICA O INDUSTRIA",2,"Tepeapulco"
"061","INCENDIO DE VEHÍCULO",6,"Tepeapulco"
"061","INCENDIO FORESTAL",10,"Tepeapulco"
"061","INFARTO / URGENCIA CARDIOLÓGICA",3,"Tepeapulco"
"061","INFARTO CEREBRAL",2,"Tepeapulco"
"061","INTOXICACIÓN / SOBREDOSIS / ENVENENAMIENTO POR SUSTANCIAS",10,"Tepeapulco"
"061","INTOXICACIÓN ETÍLICA",5,"Tepeapulco"
"061","INUNDACIONES",3,"Tepeapulco"
"061","LESIONADO POR ARMA BLANCA",5,"Tepeapulco"
"061","MALTRATO DE ANIMALES",19,"Tepeapulco"
"061","MALTRATO INFANTIL",8,"Tepeapulco"
"061","MANIFESTACIÓN CON DISTURBIOS O BLOQUEOS",1,"Tepeapulco"
"061","MENOR EXTRAVIADO",1,"Tepeapulco"
"061","MORDEDURA DE ANIMAL",10,"Tepeapulco"
"061","NOTIFICACIÓN DE CIBER INCIDENTE",13,"Tepeapulco"
"061","OBJETO SOSPECHOSO O PELIGROSO",6,"Tepeapulco"
"061","OLORES FÉTIDOS",1,"Tepeapulco"
"061","OTRAS ALARMAS DE EMERGENCIAS ACTIVADAS",95,"Tepeapulco"
"061","OTRAS FALTAS AL REGLAMENTO DE TRÁNSITO",77,"Tepeapulco"
"061","OTROS ACCIDENTES CON LESIONADOS",2,"Tepeapulco"
"061","OTROS ACTOS RELACIONADOS CON EL PATRIMONIO",31,"Tepeapulco"
"061","OTROS ACTOS RELACIONADOS CON LA FAMILIA",38,"Tepeapulco"
"061","OTROS ACTOS RELACIONADOS CON LA LIBERTAD PERSONAL",4,"Tepeapulco"
"061","OTROS ACTOS RELACIONADOS CON OTROS BIENES JURÍDICOS",1,"Tepeapulco"
"061","OTROS INCENDIOS",157,"Tepeapulco"
"061","OTROS INCIDENTES MÉDICOS CLINICOS",20,"Tepeapulco"
"061","OTROS INCIDENTES MÉDICOS TRAUMÁTICOS",17,"Tepeapulco"
"061","OTROS RESCATES",12,"Tepeapulco"
"061","OTROS TIPOS DE ALTERACIÓN AL ORDEN PÚBLICO",20,"Tepeapulco"
"061","PARO CARDIORRESPIRATORIO",1,"Tepeapulco"
"061","PERSONA AGRESIVA",218,"Tepeapulco"
"061","PERSONA DETENIDA",4,"Tepeapulco"
"061","PERSONA EN CRISIS POR TRASTORNO MENTAL",4,"Tepeapulco"
"061","PERSONA EN SITUACIÓN DE CALLE",3,"Tepeapulco"
"061","PERSONA EXHIBICIONISTA",5,"Tepeapulco"
"061","PERSONA INCONSCIENTE / URGENCIA NEUROLÓGICA",52,"Tepeapulco"
"061","PERSONA LOCALIZADA",5,"Tepeapulco"
"061","PERSONA NO LOCALIZADA",7,"Tepeapulco"
"061","PERSONA SOSPECHOSA",125,"Tepeapulco"
"061","PERSONA TIRADA EN VÍA PÚBLICA",45,"Tepeapulco"
"061","PLAGAS",1,"Tepeapulco"
"061","PORTACIÓN DE ARMAS O CARTUCHOS",33,"Tepeapulco"
"061","RESCATE ANIMAL",9,"Tepeapulco"
"061","RIÑA / PELEA CLANDESTINA",95,"Tepeapulco"
"061","ROBO A CASA HABITACIÓN SIN VIOLENCIA",34,"Tepeapulco"
"061","ROBO A NEGOCIO SIN VIOLENCIA",10,"Tepeapulco"
"061","ROBO A TRANSEÚNTE SIN VIOLENCIA",5,"Tepeapulco"
"061","ROBO A TRANSPORTISTA SIN VIOLENCIA",1,"Tepeapulco"
"061","ROBO DE ARTE SACRO",1,"Tepeapulco"
"061","ROBO DE AUTOPARTES O ACCESORIOS",7,"Tepeapulco"
"061","ROBO DE COMBUSTIBLE",15,"Tepeapulco"
"061","ROBO DE GANADO",3,"Tepeapulco"
"061","ROBO DE VEHÍCULO PARTICULAR SIN VIOLENCIA",81,"Tepeapulco"
"061","RUIDO EXCESIVO",74,"Tepeapulco"
"061","SOLICITUD DE OTROS SERVICIOS PÚBLICOS",1,"Tepeapulco"
"061","SOLICITUD DE RONDÍN",13,"Tepeapulco"
"061","SUICIDIO",2,"Tepeapulco"
"061","TALA ILEGAL",1,"Tepeapulco"
"061","TENTATIVA DE ROBO",38,"Tepeapulco"
"061","TRABAJO DE PARTO",2,"Tepeapulco"
"061","TRAUMATISMOS MÚLTIPLES",1,"Tepeapulco"
"061","URGENCIA EN PACIENTE EMBARAZADA",2,"Tepeapulco"
"061","URGENCIA POR ENFERMEDAD GENERAL",33,"Tepeapulco"
"061","VEHÍCULO A EXCESO DE VELOCIDAD",13,"Tepeapulco"
"061","VEHÍCULO ABANDONADO",14,"Tepeapulco"
"061","VEHÍCULO DESCOMPUESTO",26,"Tepeapulco"
"061","VEHÍCULO EN HUIDA",14,"Tepeapulco"
"061","VEHÍCULO RECUPERADO",10,"Tepeapulco"
"061","VEHÍCULO SOSPECHOSO",158,"Tepeapulco"
"061","VIALIDAD EN MAL ESTADO",1,"Tepeapulco"
"061","VIOLENCIA CONTRA LA MUJER",41,"Tepeapulco"
"061","VIOLENCIA DE PAREJA",100,"Tepeapulco"
"061","VIOLENCIA FAMILIAR",89,"Tepeapulco"
"062","ACCIDENTE DE MOTOCICLETA CON LESIONADOS",4,"Tepehuacán de Guerrero"
"062","ACCIDENTE DE TRÁNSITO SIN LESIONADOS",1,"Tepehuacán de Guerrero"
"062","ACCIDENTE DE VEHÍCULO AUTOMOTOR CON LESIONADOS",1,"Tepehuacán de Guerrero"
"062","ALLANAMIENTO DE MORADA",1,"Tepehuacán de Guerrero"
"062","ALTERACIÓN DEL ORDEN PÚBLICO POR PERSONA ALCOHOLIZADA",1,"Tepehuacán de Guerrero"
"062","APOYO A LA CIUDADANÍA",5,"Tepehuacán de Guerrero"
"062","DERRUMBES",2,"Tepehuacán de Guerrero"
"062","DETONACIÓN DE ARMA DE FUEGO",1,"Tepehuacán de Guerrero"
"062","DOLOR ABDOMINAL / URGENCIA ABDOMINAL",1,"Tepehuacán de Guerrero"
"062","EXTORSIÓN",1,"Tepehuacán de Guerrero"
"062","EXTORSIÓN TELEFÓNICA",1,"Tepehuacán de Guerrero"
"062","HEMORRAGIA",1,"Tepehuacán de Guerrero"
"062","LESIONADO POR ARMA BLANCA",1,"Tepehuacán de Guerrero"
"062","NOTIFICACIÓN DE CIBER INCIDENTE",2,"Tepehuacán de Guerrero"
"062","OTRAS ALARMAS DE EMERGENCIAS ACTIVADAS",47,"Tepehuacán de Guerrero"
"062","OTROS ACTOS RELACIONADOS CON LA FAMILIA",1,"Tepehuacán de Guerrero"
"062","OTROS INCIDENTES MÉDICOS CLINICOS",2,"Tepehuacán de Guerrero"
"062","PERSONA AGRESIVA",4,"Tepehuacán de Guerrero"
"062","PERSONA INCONSCIENTE / URGENCIA NEUROLÓGICA",1,"Tepehuacán de Guerrero"
"062","PERSONA LOCALIZADA",1,"Tepehuacán de Guerrero"
"062","PERSONA NO LOCALIZADA",1,"Tepehuacán de Guerrero"
"062","PORTACIÓN DE ARMAS O CARTUCHOS",1,"Tepehuacán de Guerrero"
"062","QUEMA AGROPECUARIA",1,"Tepehuacán de Guerrero"
"062","RIÑA / PELEA CLANDESTINA",1,"Tepehuacán de Guerrero"
"062","ROBO DE VEHÍCULO PARTICULAR SIN VIOLENCIA",1,"Tepehuacán de Guerrero"
"062","URGENCIA POR ENFERMEDAD GENERAL",1,"Tepehuacán de Guerrero"
"062","VEHÍCULO RECUPERADO",1,"Tepehuacán de Guerrero"
"062","VIOLENCIA DE PAREJA",3,"Tepehuacán de Guerrero"
"062","VIOLENCIA FAMILIAR",3,"Tepehuacán de Guerrero"
"063","ABUSO DE CONFIANZA",16,"Tepeji del Río de Ocampo"
"063","ABUSO SEXUAL",1,"Tepeji del Río de Ocampo"
"063","ACCIDENTE DE MOTOCICLETA CON FALLECIDO",2,"Tepeji del Río de Ocampo"
"063","ACCIDENTE DE MOTOCICLETA CON LESIONADOS",182,"Tepeji del Río de Ocampo"
"063","ACCIDENTE DE TRÁNSITO SIN LESIONADOS",182,"Tepeji del Río de Ocampo"
"063","ACCIDENTE DE VEHÍCULO AUTOMOTOR CON FALLECIDO",3,"Tepeji del Río de Ocampo"
"063","ACCIDENTE DE VEHÍCULO AUTOMOTOR CON LESIONADOS",142,"Tepeji del Río de Ocampo"
"063","ACCIDENTE DE VEHÍCULO DE PASAJEROS CON LESIONADOS",4,"Tepeji del Río de Ocampo"
"063","ACCIDENTE MÚLTIPLE CON LESIONADOS",45,"Tepeji del Río de Ocampo"
"063","ACOSO U HOSTIGAMIENTO SEXUAL",5,"Tepeji del Río de Ocampo"
"063","AERONAVE SOSPECHOSA",5,"Tepeji del Río de Ocampo"
"063","AFECTACIÓN DE LOS SERVICIOS BÁSICOS O DE INFRAESTRUCTURA ESTRATÉGICA",2,"Tepeji del Río de Ocampo"
"063","AHOGAMIENTO",1,"Tepeji del Río de Ocampo"
"063","ALCANTARILLA SIN TAPA",1,"Tepeji del Río de Ocampo"
"063","ALLANAMIENTO DE MORADA",127,"Tepeji del Río de Ocampo"
"063","ALTERACIÓN DEL ORDEN PÚBLICO POR PERSONA ALCOHOLIZADA",134,"Tepeji del Río de Ocampo"
"063","ALTERACIÓN DEL ORDEN PÚBLICO POR PERSONA DROGADA",63,"Tepeji del Río de Ocampo"
"063","AMENAZA",9,"Tepeji del Río de Ocampo"
"063","AMENAZA DE ABORTO",4,"Tepeji del Río de Ocampo"
"063","AMENAZA DE SUICIDIO",17,"Tepeji del Río de Ocampo"
"063","ANIMAL MUERTO",9,"Tepeji del Río de Ocampo"
"063","ANIMAL PELIGROSO",24,"Tepeji del Río de Ocampo"
"063","ANIMALES SUELTOS",10,"Tepeji del Río de Ocampo"
"063","APOYO A LA CIUDADANÍA",250,"Tepeji del Río de Ocampo"
"063","APOYO A OTRO ESTADO",32,"Tepeji del Río de Ocampo"
"063","ARRANCONES O CARRERAS DE VEHÍCULOS",22,"Tepeji del Río de Ocampo"
"063","ASFIXIA",5,"Tepeji del Río de Ocampo"
"063","ATAQUES AL PUDOR",2,"Tepeji del Río de Ocampo"
"063","ATROPELLAMIENTO",27,"Tepeji del Río de Ocampo"
"063","BLOQUEO O CORTE DE VÍAS DE COMUNICACIÓN",1,"Tepeji del Río de Ocampo"
"063","CABLES COLGANDO",8,"Tepeji del Río de Ocampo"
"063","CAÍDA",117,"Tepeji del Río de Ocampo"
"063","CAÍDA DE BARDA",1,"Tepeji del Río de Ocampo"
"063","CAÍDA DE POSTE",12,"Tepeji del Río de Ocampo"
"063","CIRCULAR EN SENTIDO CONTRARIO",2,"Tepeji del Río de Ocampo"
"063","CONDUCTOR EBRIO",30,"Tepeji del Río de Ocampo"
"063","CONSUMO DE ALCOHOL EN VÍA PÚBLICA",69,"Tepeji del Río de Ocampo"
"063","CONSUMO DE DROGAS EN VÍA PÚBLICA",28,"Tepeji del Río de Ocampo"
"063","CONTAMINACIÓN DE SUELO, AIRE Y AGUA",11,"Tepeji del Río de Ocampo"
"063","CONVULSIONES",51,"Tepeji del Río de Ocampo"
"063","CORTO CIRCUITO",20,"Tepeji del Río de Ocampo"
"063","DAÑO A BIENES PÚBLICOS, INSTITUCIONES, MONUMENTOS, ENTRE OTROS",5,"Tepeji del Río de Ocampo"
"063","DAÑO A PROPIEDAD AJENA",22,"Tepeji del Río de Ocampo"
"063","DESCOMPENSACIÓN DE LA DIABETES/DESHIDRATACIÓN",16,"Tepeji del Río de Ocampo"
"063","DETONACIÓN DE ARMA DE FUEGO",100,"Tepeji del Río de Ocampo"
"063","DETONACIÓN DE COHETES O FUEGOS ARTIFICIALES",14,"Tepeji del Río de Ocampo"
"063","DIFICULTAD RESPIRATORIA / URGENCIA RESPIRATORIA",65,"Tepeji del Río de Ocampo"
"063","DOLOR ABDOMINAL / URGENCIA ABDOMINAL",18,"Tepeji del Río de Ocampo"
"063","ELECTORALES",1,"Tepeji del Río de Ocampo"
"063","ENCHARCAMIENTO/ DESBORDAMIENTO DE RÍO",5,"Tepeji del Río de Ocampo"
"063","ENJAMBRE DE ABEJAS",21,"Tepeji del Río de Ocampo"
"063","ENVENENAMIENTO POR ANIMAL DE PONZOÑA",1,"Tepeji del Río de Ocampo"
"063","EXPLOSIÓN",1,"Tepeji del Río de Ocampo"
"063","EXTORSIÓN",8,"Tepeji del Río de Ocampo"
"063","EXTORSIÓN TELEFÓNICA",20,"Tepeji del Río de Ocampo"
"063","EXTRAVÍO DE PLACA",2,"Tepeji del Río de Ocampo"
"063","FALLA DE ALUMBRADO PÚBLICO",1,"Tepeji del Río de Ocampo"
"063","FALLAS DE SEMÁFORO",1,"Tepeji del Río de Ocampo"
"063","FALLECIDO DE CAUSA NATURAL",24,"Tepeji del Río de Ocampo"
"063","FALLECIDO DE CAUSA TRAUMÁTICA",6,"Tepeji del Río de Ocampo"
"063","FRACTURADO/TRAUMATISMO DE EXTREMIDADES",12,"Tepeji del Río de Ocampo"
"063","FRAUDE",3,"Tepeji del Río de Ocampo"
"063","FUGAS Y DERRAMES DE SUSTANCIAS QUÍMICAS",25,"Tepeji del Río de Ocampo"
"063","GASES TÓXICOS",19,"Tepeji del Río de Ocampo"
"063","GRAFITIS",1,"Tepeji del Río de Ocampo"
"063","GRAVA SUELTA",1,"Tepeji del Río de Ocampo"
"063","HEMORRAGIA",14,"Tepeji del Río de Ocampo"
"063","HUNDIMIENTOS / AGRIETAMIENTOS / INESTABILIDAD DE LADERA",1,"Tepeji del Río de Ocampo"
"063","INCENDIO DE CASA HABITACIÓN",19,"Tepeji del Río de Ocampo"
"063","INCENDIO DE COMERCIO",2,"Tepeji del Río de Ocampo"
"063","INCENDIO DE VEHÍCULO",25,"Tepeji del Río de Ocampo"
"063","INCENDIO FORESTAL",25,"Tepeji del Río de Ocampo"
"063","INFARTO / URGENCIA CARDIOLÓGICA",9,"Tepeji del Río de Ocampo"
"063","INTOXICACIÓN / SOBREDOSIS / ENVENENAMIENTO POR SUSTANCIAS",14,"Tepeji del Río de Ocampo"
"063","INTOXICACIÓN ETÍLICA",11,"Tepeji del Río de Ocampo"
"063","INUNDACIONES",12,"Tepeji del Río de Ocampo"
"063","LESIONADO POR ARMA BLANCA",7,"Tepeji del Río de Ocampo"
"063","MALTRATO DE ANIMALES",14,"Tepeji del Río de Ocampo"
"063","MALTRATO INFANTIL",16,"Tepeji del Río de Ocampo"
"063","MANIFESTACIÓN CON DISTURBIOS O BLOQUEOS",2,"Tepeji del Río de Ocampo"
"063","MENOR EXTRAVIADO",2,"Tepeji del Río de Ocampo"
"063","MORDEDURA DE ANIMAL",8,"Tepeji del Río de Ocampo"
"063","NOTIFICACIÓN DE CIBER INCIDENTE",17,"Tepeji del Río de Ocampo"
"063","OBJETO SOSPECHOSO O PELIGROSO",32,"Tepeji del Río de Ocampo"
"063","OLORES FÉTIDOS",3,"Tepeji del Río de Ocampo"
"063","OTRAS ALARMAS DE EMERGENCIAS ACTIVADAS",287,"Tepeji del Río de Ocampo"
"063","OTRAS FALTAS AL REGLAMENTO DE TRÁNSITO",50,"Tepeji del Río de Ocampo"
"063","OTROS ACCIDENTES CON LESIONADOS",1,"Tepeji del Río de Ocampo"
"063","OTROS ACTOS RELACIONADOS CON EL PATRIMONIO",81,"Tepeji del Río de Ocampo"
"063","OTROS ACTOS RELACIONADOS CON LA FAMILIA",64,"Tepeji del Río de Ocampo"
"063","OTROS ACTOS RELACIONADOS CON LA LIBERTAD PERSONAL",8,"Tepeji del Río de Ocampo"
"063","OTROS ACTOS RELACIONADOS CON LA LIBERTAD Y LA SEGURIDAD SEXUAL",1,"Tepeji del Río de Ocampo"
"063","OTROS ACTOS RELACIONADOS CON LA VIDA Y LA INTEGRIDAD PERSONAL",2,"Tepeji del Río de Ocampo"
"063","OTROS ACTOS RELACIONADOS CON OTROS BIENES JURÍDICOS",1,"Tepeji del Río de Ocampo"
"063","OTROS INCENDIOS",256,"Tepeji del Río de Ocampo"
"063","OTROS INCIDENTES MÉDICOS CLINICOS",53,"Tepeji del Río de Ocampo"
"063","OTROS INCIDENTES MÉDICOS TRAUMÁTICOS",45,"Tepeji del Río de Ocampo"
"063","OTROS RESCATES",4,"Tepeji del Río de Ocampo"
"063","OTROS TIPOS DE ALTERACIÓN AL ORDEN PÚBLICO",26,"Tepeji del Río de Ocampo"
"063","PELEA CLANDESTINA CON ANIMALES",4,"Tepeji del Río de Ocampo"
"063","PERSONA AGRESIVA",419,"Tepeji del Río de Ocampo"
"063","PERSONA ATRAPADA",1,"Tepeji del Río de Ocampo"
"063","PERSONA DETENIDA",17,"Tepeji del Río de Ocampo"
"063","PERSONA EN CRISIS POR TRASTORNO MENTAL",4,"Tepeji del Río de Ocampo"
"063","PERSONA EN SITUACIÓN DE CALLE",9,"Tepeji del Río de Ocampo"
"063","PERSONA EXHIBICIONISTA",10,"Tepeji del Río de Ocampo"
"063","PERSONA INCONSCIENTE / URGENCIA NEUROLÓGICA",90,"Tepeji del Río de Ocampo"
"063","PERSONA LOCALIZADA",10,"Tepeji del Río de Ocampo"
"063","PERSONA NO LOCALIZADA",13,"Tepeji del Río de Ocampo"
"063","PERSONA SOSPECHOSA",277,"Tepeji del Río de Ocampo"
"063","PERSONA TIRADA EN VÍA PÚBLICA",57,"Tepeji del Río de Ocampo"
"063","PLAGAS",2,"Tepeji del Río de Ocampo"
"063","PORTACIÓN DE ARMAS O CARTUCHOS",52,"Tepeji del Río de Ocampo"
"063","QUEMADURAS",2,"Tepeji del Río de Ocampo"
"063","RESCATE ANIMAL",21,"Tepeji del Río de Ocampo"
"063","RIÑA / PELEA CLANDESTINA",163,"Tepeji del Río de Ocampo"
"063","ROBO A BANCO SIN VIOLENCIA",1,"Tepeji del Río de Ocampo"
"063","ROBO A CASA HABITACIÓN SIN VIOLENCIA",40,"Tepeji del Río de Ocampo"
"063","ROBO A NEGOCIO SIN VIOLENCIA",13,"Tepeji del Río de Ocampo"
"063","ROBO A TRANSEÚNTE SIN VIOLENCIA",7,"Tepeji del Río de Ocampo"
"063","ROBO A TRANSPORTISTA SIN VIOLENCIA",8,"Tepeji del Río de Ocampo"
"063","ROBO DE AUTOPARTES O ACCESORIOS",8,"Tepeji del Río de Ocampo"
"063","ROBO DE COMBUSTIBLE",8,"Tepeji del Río de Ocampo"
"063","ROBO DE VEHÍCULO PARTICULAR SIN VIOLENCIA",123,"Tepeji del Río de Ocampo"
"063","RUIDO EXCESIVO",122,"Tepeji del Río de Ocampo"
"063","SOLICITUD DE RONDÍN",26,"Tepeji del Río de Ocampo"
"063","SUICIDIO",7,"Tepeji del Río de Ocampo"
"063","SUSTRACCIÓN DE MENORES",8,"Tepeji del Río de Ocampo"
"063","TALA ILEGAL",7,"Tepeji del Río de Ocampo"
"063","TENTATIVA DE ROBO",103,"Tepeji del Río de Ocampo"
"063","TRABAJO DE PARTO",11,"Tepeji del Río de Ocampo"
"063","TRAFICO Y/O VENTA CLANDESTINA DE ANIMALES",1,"Tepeji del Río de Ocampo"
"063","TRAUMATISMO DE CRÁNEO",4,"Tepeji del Río de Ocampo"
"063","URGENCIA EN PACIENTE EMBARAZADA",7,"Tepeji del Río de Ocampo"
"063","URGENCIA POR ENFERMEDAD GENERAL",84,"Tepeji del Río de Ocampo"
"063","VEHÍCULO A EXCESO DE VELOCIDAD",44,"Tepeji del Río de Ocampo"
"063","VEHÍCULO ABANDONADO",31,"Tepeji del Río de Ocampo"
"063","VEHÍCULO DESCOMPUESTO",105,"Tepeji del Río de Ocampo"
"063","VEHÍCULO EN HUIDA",41,"Tepeji del Río de Ocampo"
"063","VEHÍCULO RECUPERADO",22,"Tepeji del Río de Ocampo"
"063","VEHÍCULO SOSPECHOSO",262,"Tepeji del Río de Ocampo"
"063","VENTA CLANDESTINA DE PIROTECNIA, COHETES O FUEGOS ARTIFICIALES",2,"Tepeji del Río de Ocampo"
"063","VIALIDAD EN MAL ESTADO",2,"Tepeji del Río de Ocampo"
"063","VIOLACIÓN",1,"Tepeji del Río de Ocampo"
"063","VIOLENCIA CONTRA LA MUJER",67,"Tepeji del Río de Ocampo"
"063","VIOLENCIA DE PAREJA",208,"Tepeji del Río de Ocampo"
"063","VIOLENCIA FAMILIAR",229,"Tepeji del Río de Ocampo"
"063","ÁRBOL CAÍDO O POR CAER",26,"Tepeji del Río de Ocampo"
"064","ABANDONO DE PERSONA",2,"Tepetitlán"
"064","ABUSO SEXUAL",1,"Tepetitlán"
"064","ACCIDENTE DE MOTOCICLETA CON LESIONADOS",12,"Tepetitlán"
"064","ACCIDENTE DE TRÁNSITO SIN LESIONADOS",17,"Tepetitlán"
"064","ACCIDENTE DE VEHÍCULO AUTOMOTOR CON LESIONADOS",5,"Tepetitlán"
"064","ACCIDENTE DE VEHÍCULO DE PASAJEROS CON LESIONADOS",1,"Tepetitlán"
"064","ACCIDENTE FERROVIARIO CON FALLECIDO",1,"Tepetitlán"
"064","ACCIDENTE MÚLTIPLE CON LESIONADOS",1,"Tepetitlán"
"064","ALLANAMIENTO DE MORADA",2,"Tepetitlán"
"064","ALMACENAMIENTO DE SUSTANCIAS PELIGROSAS",1,"Tepetitlán"
"064","ALTERACIÓN DEL ORDEN PÚBLICO POR PERSONA DROGADA",6,"Tepetitlán"
"064","AMENAZA",1,"Tepetitlán"
"064","ANIMAL PELIGROSO",1,"Tepetitlán"
"064","APOYO A LA CIUDADANÍA",12,"Tepetitlán"
"064","ASFIXIA",1,"Tepetitlán"
"064","ATROPELLAMIENTO",2,"Tepetitlán"
"064","CAÍDA",3,"Tepetitlán"
"064","CONDUCTOR EBRIO",2,"Tepetitlán"
"064","CONVULSIONES",2,"Tepetitlán"
"064","CORTO CIRCUITO",1,"Tepetitlán"
"064","DESCOMPENSACIÓN DE LA DIABETES/DESHIDRATACIÓN",1,"Tepetitlán"
"064","DETONACIÓN DE ARMA DE FUEGO",7,"Tepetitlán"
"064","DETONACIÓN DE COHETES O FUEGOS ARTIFICIALES",3,"Tepetitlán"
"064","DIFICULTAD RESPIRATORIA / URGENCIA RESPIRATORIA",1,"Tepetitlán"
"064","DOLOR ABDOMINAL / URGENCIA ABDOMINAL",3,"Tepetitlán"
"064","ENJAMBRE DE ABEJAS",1,"Tepetitlán"
"064","EXTORSIÓN TELEFÓNICA",1,"Tepetitlán"
"064","FALLECIDO DE CAUSA NATURAL",1,"Tepetitlán"
"064","FUGAS Y DERRAMES DE SUSTANCIAS QUÍMICAS",2,"Tepetitlán"
"064","GASES TÓXICOS",1,"Tepetitlán"
"064","INCENDIO DE CASA HABITACIÓN",3,"Tepetitlán"
"064","INTOXICACIÓN / SOBREDOSIS / ENVENENAMIENTO POR SUSTANCIAS",1,"Tepetitlán"
"064","INTOXICACIÓN ETÍLICA",1,"Tepetitlán"
"064","MALTRATO INFANTIL",1,"Tepetitlán"
"064","MORDEDURA DE ANIMAL",1,"Tepetitlán"
"064","NOTIFICACIÓN DE CIBER INCIDENTE",1,"Tepetitlán"
"064","OLORES FÉTIDOS",1,"Tepetitlán"
"064","OTRAS ALARMAS DE EMERGENCIAS ACTIVADAS",5,"Tepetitlán"
"064","OTRAS FALTAS AL REGLAMENTO DE TRÁNSITO",4,"Tepetitlán"
"064","OTROS ACTOS RELACIONADOS CON LA FAMILIA",5,"Tepetitlán"
"064","OTROS INCENDIOS",5,"Tepetitlán"
"064","OTROS INCIDENTES MÉDICOS CLINICOS",2,"Tepetitlán"
"064","OTROS INCIDENTES MÉDICOS TRAUMÁTICOS",1,"Tepetitlán"
"064","PERSONA AGRESIVA",14,"Tepetitlán"
"064","PERSONA INCONSCIENTE / URGENCIA NEUROLÓGICA",2,"Tepetitlán"
"064","PERSONA NO LOCALIZADA",1,"Tepetitlán"
"064","PERSONA SOSPECHOSA",5,"Tepetitlán"
"064","PERSONA TIRADA EN VÍA PÚBLICA",3,"Tepetitlán"
"064","PORTACIÓN DE ARMAS O CARTUCHOS",3,"Tepetitlán"
"064","RIÑA / PELEA CLANDESTINA",7,"Tepetitlán"
"064","ROBO A NEGOCIO SIN VIOLENCIA",1,"Tepetitlán"
"064","ROBO A TRANSPORTISTA SIN VIOLENCIA",1,"Tepetitlán"
"064","ROBO DE COMBUSTIBLE",4,"Tepetitlán"
"064","ROBO DE GANADO",1,"Tepetitlán"
"064","ROBO DE VEHÍCULO PARTICULAR SIN VIOLENCIA",4,"Tepetitlán"
"064","RUIDO EXCESIVO",5,"Tepetitlán"
"064","SUSTRACCIÓN DE MENORES",1,"Tepetitlán"
"064","URGENCIA EN PACIENTE EMBARAZADA",1,"Tepetitlán"
"064","URGENCIA POR ENFERMEDAD GENERAL",3,"Tepetitlán"
"064","VEHÍCULO A EXCESO DE VELOCIDAD",1,"Tepetitlán"
"064","VEHÍCULO ABANDONADO",6,"Tepetitlán"
"064","VEHÍCULO DESCOMPUESTO",3,"Tepetitlán"
"064","VEHÍCULO EN HUIDA",2,"Tepetitlán"
"064","VEHÍCULO RECUPERADO",1,"Tepetitlán"
"064","VEHÍCULO SOSPECHOSO",11,"Tepetitlán"
"064","VIOLENCIA CONTRA LA MUJER",2,"Tepetitlán"
"064","VIOLENCIA DE PAREJA",11,"Tepetitlán"
"064","VIOLENCIA FAMILIAR",13,"Tepetitlán"
"064","ÁRBOL CAÍDO O POR CAER",2,"Tepetitlán"
"065","ABANDONO DE PERSONA",1,"Tetepango"
"065","ACCIDENTE DE MOTOCICLETA CON LESIONADOS",26,"Tetepango"
"065","ACCIDENTE DE TRÁNSITO SIN LESIONADOS",5,"Tetepango"
"065","ACCIDENTE DE VEHÍCULO AUTOMOTOR CON LESIONADOS",7,"Tetepango"
"065","ACCIDENTE MÚLTIPLE CON LESIONADOS",3,"Tetepango"
"065","ALLANAMIENTO DE MORADA",4,"Tetepango"
"065","ALTERACIÓN DEL ORDEN PÚBLICO POR PERSONA ALCOHOLIZADA",11,"Tetepango"
"065","AMENAZA",2,"Tetepango"
"065","AMENAZA DE SUICIDIO",1,"Tetepango"
"065","ANIMAL MUERTO",1,"Tetepango"
"065","ANIMAL PELIGROSO",1,"Tetepango"
"065","ANIMALES SUELTOS",1,"Tetepango"
"065","APOYO A LA CIUDADANÍA",14,"Tetepango"
"065","ARRANCONES O CARRERAS DE VEHÍCULOS",8,"Tetepango"
"065","ATROPELLAMIENTO",1,"Tetepango"
"065","BLOQUEO O CORTE DE VÍAS DE COMUNICACIÓN",1,"Tetepango"
"065","CABLES COLGANDO",3,"Tetepango"
"065","CAÍDA",4,"Tetepango"
"065","CONDUCTOR EBRIO",4,"Tetepango"
"065","CONSUMO DE ALCOHOL EN VÍA PÚBLICA",1,"Tetepango"
"065","CONTAMINACIÓN DE SUELO, AIRE Y AGUA",3,"Tetepango"
"065","CONVULSIONES",3,"Tetepango"
"065","CORTO CIRCUITO",6,"Tetepango"
"065","DAÑO A BIENES PÚBLICOS, INSTITUCIONES, MONUMENTOS, ENTRE OTROS",2,"Tetepango"
"065","DAÑO A PROPIEDAD AJENA",1,"Tetepango"
"065","DETONACIÓN DE ARMA DE FUEGO",4,"Tetepango"
"065","DETONACIÓN DE COHETES O FUEGOS ARTIFICIALES",1,"Tetepango"
"065","DIFICULTAD RESPIRATORIA / URGENCIA RESPIRATORIA",2,"Tetepango"
"065","ENJAMBRE DE ABEJAS",2,"Tetepango"
"065","EXPLOSIÓN",2,"Tetepango"
"065","EXTORSIÓN",1,"Tetepango"
"065","EXTORSIÓN TELEFÓNICA",3,"Tetepango"
"065","FALLECIDO DE CAUSA TRAUMÁTICA",1,"Tetepango"
"065","FRACTURADO/TRAUMATISMO DE EXTREMIDADES",1,"Tetepango"
"065","FUGAS Y DERRAMES DE SUSTANCIAS QUÍMICAS",4,"Tetepango"
"065","GASES TÓXICOS",2,"Tetepango"
"065","HEMORRAGIA",1,"Tetepango"
"065","INCENDIO DE CASA HABITACIÓN",1,"Tetepango"
"065","INCENDIO DE VEHÍCULO",2,"Tetepango"
"065","MALTRATO DE ANIMALES",1,"Tetepango"
"065","NOTIFICACIÓN DE CIBER INCIDENTE",2,"Tetepango"
"065","OTRAS ALARMAS DE EMERGENCIAS ACTIVADAS",91,"Tetepango"
"065","OTRAS FALTAS AL REGLAMENTO DE TRÁNSITO",6,"Tetepango"
"065","OTROS ACTOS RELACIONADOS CON EL PATRIMONIO",1,"Tetepango"
"065","OTROS ACTOS RELACIONADOS CON LA FAMILIA",1,"Tetepango"
"065","OTROS ACTOS RELACIONADOS CON LA LIBERTAD PERSONAL",1,"Tetepango"
"065","OTROS ACTOS RELACIONADOS CON LA VIDA Y LA INTEGRIDAD PERSONAL",1,"Tetepango"
"065","OTROS INCENDIOS",24,"Tetepango"
"065","OTROS INCIDENTES MÉDICOS TRAUMÁTICOS",2,"Tetepango"
"065","OTROS RESCATES",2,"Tetepango"
"065","OTROS TIPOS DE ALTERACIÓN AL ORDEN PÚBLICO",3,"Tetepango"
"065","PERSONA AGRESIVA",16,"Tetepango"
"065","PERSONA DETENIDA",1,"Tetepango"
"065","PERSONA EXHIBICIONISTA",1,"Tetepango"
"065","PERSONA INCONSCIENTE / URGENCIA NEUROLÓGICA",3,"Tetepango"
"065","PERSONA SOSPECHOSA",13,"Tetepango"
"065","PERSONA TIRADA EN VÍA PÚBLICA",9,"Tetepango"
"065","PORTACIÓN DE ARMAS O CARTUCHOS",7,"Tetepango"
"065","RIÑA / PELEA CLANDESTINA",13,"Tetepango"
"065","ROBO A CASA HABITACIÓN SIN VIOLENCIA",3,"Tetepango"
"065","ROBO DE COMBUSTIBLE",33,"Tetepango"
"065","ROBO DE GANADO",1,"Tetepango"
"065","ROBO DE VEHÍCULO PARTICULAR SIN VIOLENCIA",11,"Tetepango"
"065","RUIDO EXCESIVO",6,"Tetepango"
"065","SOLICITUD DE OTROS SERVICIOS PÚBLICOS",1,"Tetepango"
"065","SOLICITUD DE RONDÍN",6,"Tetepango"
"065","TENTATIVA DE ROBO",3,"Tetepango"
"065","URGENCIA POR ENFERMEDAD GENERAL",3,"Tetepango"
"065","VEHÍCULO A EXCESO DE VELOCIDAD",2,"Tetepango"
"065","VEHÍCULO ABANDONADO",4,"Tetepango"
"065","VEHÍCULO DESCOMPUESTO",2,"Tetepango"
"065","VEHÍCULO EN HUIDA",3,"Tetepango"
"065","VEHÍCULO RECUPERADO",1,"Tetepango"
"065","VEHÍCULO SOSPECHOSO",20,"Tetepango"
"065","VIOLENCIA DE PAREJA",12,"Tetepango"
"065","VIOLENCIA FAMILIAR",13,"Tetepango"
"065","ÁRBOL CAÍDO O POR CAER",1,"Tetepango"
"066","ABUSO DE CONFIANZA",1,"Villa de Tezontepec"
"066","ACCIDENTE DE MOTOCICLETA CON LESIONADOS",22,"Villa de Tezontepec"
"066","ACCIDENTE DE TRÁNSITO SIN LESIONADOS",25,"Villa de Tezontepec"
"066","ACCIDENTE DE VEHÍCULO AUTOMOTOR CON LESIONADOS",31,"Villa de Tezontepec"
"066","ACCIDENTE DE VEHÍCULO DE PASAJEROS CON LESIONADOS",2,"Villa de Tezontepec"
"066","ACCIDENTE MÚLTIPLE CON LESIONADOS",13,"Villa de Tezontepec"
"066","AHOGAMIENTO",1,"Villa de Tezontepec"
"066","ALLANAMIENTO DE MORADA",13,"Villa de Tezontepec"
"066","ALTERACIÓN DEL ORDEN PÚBLICO POR PERSONA ALCOHOLIZADA",10,"Villa de Tezontepec"
"066","ALTERACIÓN DEL ORDEN PÚBLICO POR PERSONA DROGADA",5,"Villa de Tezontepec"
"066","AMENAZA",2,"Villa de Tezontepec"
"066","AMENAZA DE ABORTO",1,"Villa de Tezontepec"
"066","AMPUTACIÓN",1,"Villa de Tezontepec"
"066","ANIMAL MUERTO",1,"Villa de Tezontepec"
"066","ANIMAL PELIGROSO",2,"Villa de Tezontepec"
"066","APOYO A LA CIUDADANÍA",39,"Villa de Tezontepec"
"066","APOYO A OTRO ESTADO",7,"Villa de Tezontepec"
"066","ARRANCONES O CARRERAS DE VEHÍCULOS",1,"Villa de Tezontepec"
"066","ATROPELLAMIENTO",1,"Villa de Tezontepec"
"066","CABLES COLGANDO",2,"Villa de Tezontepec"
"066","CAÍDA",14,"Villa de Tezontepec"
"066","CONSUMO DE ALCOHOL EN VÍA PÚBLICA",6,"Villa de Tezontepec"
"066","CONSUMO DE DROGAS EN VÍA PÚBLICA",4,"Villa de Tezontepec"
"066","CONTAMINACIÓN DE SUELO, AIRE Y AGUA",1,"Villa de Tezontepec"
"066","CONVULSIONES",5,"Villa de Tezontepec"
"066","CORTO CIRCUITO",2,"Villa de Tezontepec"
"066","DAÑO A PROPIEDAD AJENA",2,"Villa de Tezontepec"
"066","DESCOMPENSACIÓN DE LA DIABETES/DESHIDRATACIÓN",1,"Villa de Tezontepec"
"066","DETONACIÓN DE ARMA DE FUEGO",8,"Villa de Tezontepec"
"066","DIFICULTAD RESPIRATORIA / URGENCIA RESPIRATORIA",5,"Villa de Tezontepec"
"066","DOLOR ABDOMINAL / URGENCIA ABDOMINAL",3,"Villa de Tezontepec"
"066","EXTORSIÓN",2,"Villa de Tezontepec"
"066","EXTORSIÓN TELEFÓNICA",5,"Villa de Tezontepec"
"066","FALLECIDO DE CAUSA NATURAL",1,"Villa de Tezontepec"
"066","FRACTURADO/TRAUMATISMO DE EXTREMIDADES",3,"Villa de Tezontepec"
"066","FRAUDE",1,"Villa de Tezontepec"
"066","FUGAS Y DERRAMES DE SUSTANCIAS QUÍMICAS",2,"Villa de Tezontepec"
"066","GASES TÓXICOS",1,"Villa de Tezontepec"
"066","INCENDIO DE COMERCIO",1,"Villa de Tezontepec"
"066","INCENDIO DE VEHÍCULO",7,"Villa de Tezontepec"
"066","INCENDIO FORESTAL",3,"Villa de Tezontepec"
"066","INFARTO / URGENCIA CARDIOLÓGICA",2,"Villa de Tezontepec"
"066","INTOXICACIÓN / SOBREDOSIS / ENVENENAMIENTO POR SUSTANCIAS",2,"Villa de Tezontepec"
"066","MALTRATO DE ANIMALES",2,"Villa de Tezontepec"
"066","MALTRATO INFANTIL",2,"Villa de Tezontepec"
"066","NOTIFICACIÓN DE CIBER INCIDENTE",6,"Villa de Tezontepec"
"066","OBJETO SOSPECHOSO O PELIGROSO",4,"Villa de Tezontepec"
"066","OTRAS ALARMAS DE EMERGENCIAS ACTIVADAS",28,"Villa de Tezontepec"
"066","OTRAS FALTAS AL REGLAMENTO DE TRÁNSITO",2,"Villa de Tezontepec"
"066","OTROS ACTOS RELACIONADOS CON EL PATRIMONIO",4,"Villa de Tezontepec"
"066","OTROS ACTOS RELACIONADOS CON LA FAMILIA",8,"Villa de Tezontepec"
"066","OTROS ACTOS RELACIONADOS CON OTROS BIENES JURÍDICOS",1,"Villa de Tezontepec"
"066","OTROS INCENDIOS",24,"Villa de Tezontepec"
"066","OTROS INCIDENTES MÉDICOS CLINICOS",4,"Villa de Tezontepec"
"066","OTROS INCIDENTES MÉDICOS TRAUMÁTICOS",2,"Villa de Tezontepec"
"066","OTROS RESCATES",5,"Villa de Tezontepec"
"066","OTROS TIPOS DE ALTERACIÓN AL ORDEN PÚBLICO",2,"Villa de Tezontepec"
"066","PERSONA AGRESIVA",32,"Villa de Tezontepec"
"066","PERSONA EN CRISIS POR TRASTORNO MENTAL",1,"Villa de Tezontepec"
"066","PERSONA EXHIBICIONISTA",1,"Villa de Tezontepec"
"066","PERSONA INCONSCIENTE / URGENCIA NEUROLÓGICA",11,"Villa de Tezontepec"
"066","PERSONA LOCALIZADA",2,"Villa de Tezontepec"
"066","PERSONA NO LOCALIZADA",1,"Villa de Tezontepec"
"066","PERSONA SOSPECHOSA",16,"Villa de Tezontepec"
"066","PERSONA TIRADA EN VÍA PÚBLICA",2,"Villa de Tezontepec"
"066","PORTACIÓN DE ARMAS O CARTUCHOS",5,"Villa de Tezontepec"
"066","RESCATE ANIMAL",1,"Villa de Tezontepec"
"066","RIÑA / PELEA CLANDESTINA",11,"Villa de Tezontepec"
"066","ROBO A CASA HABITACIÓN SIN VIOLENCIA",1,"Villa de Tezontepec"
"066","ROBO A NEGOCIO SIN VIOLENCIA",1,"Villa de Tezontepec"
"066","ROBO A TRANSEÚNTE SIN VIOLENCIA",1,"Villa de Tezontepec"
"066","ROBO A TRANSPORTISTA SIN VIOLENCIA",2,"Villa de Tezontepec"
"066","ROBO DE AUTOPARTES O ACCESORIOS",2,"Villa de Tezontepec"
"066","ROBO DE VEHÍCULO PARTICULAR SIN VIOLENCIA",15,"Villa de Tezontepec"
"066","RUIDO EXCESIVO",5,"Villa de Tezontepec"
"066","SOLICITUD DE OTROS SERVICIOS PÚBLICOS",1,"Villa de Tezontepec"
"066","SOLICITUD DE RONDÍN",3,"Villa de Tezontepec"
"066","TALA ILEGAL",1,"Villa de Tezontepec"
"066","TENTATIVA DE ROBO",8,"Villa de Tezontepec"
"066","TRAUMATISMO DE CRÁNEO",1,"Villa de Tezontepec"
"066","URGENCIA POR ENFERMEDAD GENERAL",8,"Villa de Tezontepec"
"066","VEHÍCULO A EXCESO DE VELOCIDAD",11,"Villa de Tezontepec"
"066","VEHÍCULO ABANDONADO",1,"Villa de Tezontepec"
"066","VEHÍCULO DESCOMPUESTO",17,"Villa de Tezontepec"
"066","VEHÍCULO EN HUIDA",11,"Villa de Tezontepec"
"066","VEHÍCULO RECUPERADO",2,"Villa de Tezontepec"
"066","VEHÍCULO SOSPECHOSO",28,"Villa de Tezontepec"
"066","VIALIDAD EN MAL ESTADO",1,"Villa de Tezontepec"
"066","VIOLENCIA CONTRA LA MUJER",5,"Villa de Tezontepec"
"066","VIOLENCIA DE PAREJA",13,"Villa de Tezontepec"
"066","VIOLENCIA FAMILIAR",18,"Villa de Tezontepec"
"067","ABANDONO DE PERSONA",1,"Tezontepec de Aldama"
"067","ABUSO DE CONFIANZA",7,"Tezontepec de Aldama"
"067","ACCIDENTE DE MOTOCICLETA CON FALLECIDO",2,"Tezontepec de Aldama"
"067","ACCIDENTE DE MOTOCICLETA CON LESIONADOS",159,"Tezontepec de Aldama"
"067","ACCIDENTE DE TRÁNSITO SIN LESIONADOS",74,"Tezontepec de Aldama"
"067","ACCIDENTE DE VEHÍCULO AUTOMOTOR CON FALLECIDO",1,"Tezontepec de Aldama"
"067","ACCIDENTE DE VEHÍCULO AUTOMOTOR CON LESIONADOS",36,"Tezontepec de Aldama"
"067","ACCIDENTE MÚLTIPLE CON LESIONADOS",13,"Tezontepec de Aldama"
"067","ACOSO U HOSTIGAMIENTO SEXUAL",5,"Tezontepec de Aldama"
"067","ACTIVACIÓN DE ALARMA EN ESCUELA",1,"Tezontepec de Aldama"
"067","AERONAVE SOSPECHOSA",1,"Tezontepec de Aldama"
"067","ALLANAMIENTO DE MORADA",28,"Tezontepec de Aldama"
"067","ALMACENAMIENTO DE SUSTANCIAS PELIGROSAS",1,"Tezontepec de Aldama"
"067","ALTERACIÓN DEL ORDEN PÚBLICO POR PERSONA ALCOHOLIZADA",38,"Tezontepec de Aldama"
"067","ALTERACIÓN DEL ORDEN PÚBLICO POR PERSONA DROGADA",12,"Tezontepec de Aldama"
"067","AMENAZA",4,"Tezontepec de Aldama"
"067","AMENAZA DE SUICIDIO",6,"Tezontepec de Aldama"
"067","ANIMAL MUERTO",1,"Tezontepec de Aldama"
"067","ANIMAL PELIGROSO",5,"Tezontepec de Aldama"
"067","ANIMALES SUELTOS",2,"Tezontepec de Aldama"
"067","APOYO A LA CIUDADANÍA",63,"Tezontepec de Aldama"
"067","APOYO A OTRO ESTADO",3,"Tezontepec de Aldama"
"067","ARRANCONES O CARRERAS DE VEHÍCULOS",21,"Tezontepec de Aldama"
"067","ASFIXIA",3,"Tezontepec de Aldama"
"067","ATAQUES AL PUDOR",1,"Tezontepec de Aldama"
"067","ATROPELLAMIENTO",16,"Tezontepec de Aldama"
"067","CABLES COLGANDO",3,"Tezontepec de Aldama"
"067","CAÍDA",35,"Tezontepec de Aldama"
"067","CAÍDA DE BARDA",1,"Tezontepec de Aldama"
"067","CAÍDA DE POSTE",2,"Tezontepec de Aldama"
"067","CIRCULAR EN SENTIDO CONTRARIO",1,"Tezontepec de Aldama"
"067","CONDUCTOR EBRIO",4,"Tezontepec de Aldama"
"067","CONSUMO DE ALCOHOL EN VÍA PÚBLICA",10,"Tezontepec de Aldama"
"067","CONSUMO DE DROGAS EN VÍA PÚBLICA",3,"Tezontepec de Aldama"
"067","CONTAMINACIÓN DE SUELO, AIRE Y AGUA",7,"Tezontepec de Aldama"
"067","CONVULSIONES",13,"Tezontepec de Aldama"
"067","CORTO CIRCUITO",12,"Tezontepec de Aldama"
"067","DAÑO A BIENES PÚBLICOS, INSTITUCIONES, MONUMENTOS, ENTRE OTROS",1,"Tezontepec de Aldama"
"067","DAÑO A PROPIEDAD AJENA",7,"Tezontepec de Aldama"
"067","DESCOMPENSACIÓN DE LA DIABETES/DESHIDRATACIÓN",9,"Tezontepec de Aldama"
"067","DETONACIÓN DE ARMA DE FUEGO",50,"Tezontepec de Aldama"
"067","DETONACIÓN DE COHETES O FUEGOS ARTIFICIALES",4,"Tezontepec de Aldama"
"067","DIFICULTAD RESPIRATORIA / URGENCIA RESPIRATORIA",14,"Tezontepec de Aldama"
"067","DOLOR ABDOMINAL / URGENCIA ABDOMINAL",3,"Tezontepec de Aldama"
"067","ENCHARCAMIENTO/ DESBORDAMIENTO DE RÍO",2,"Tezontepec de Aldama"
"067","ENJAMBRE DE ABEJAS",6,"Tezontepec de Aldama"
"067","ENVENENAMIENTO POR ANIMAL DE PONZOÑA",2,"Tezontepec de Aldama"
"067","EXPLOSIÓN",3,"Tezontepec de Aldama"
"067","EXTORSIÓN",5,"Tezontepec de Aldama"
"067","EXTORSIÓN TELEFÓNICA",5,"Tezontepec de Aldama"
"067","FALLAS DE SEMÁFORO",1,"Tezontepec de Aldama"
"067","FALLECIDO DE CAUSA NATURAL",8,"Tezontepec de Aldama"
"067","FALLECIDO DE CAUSA TRAUMÁTICA",2,"Tezontepec de Aldama"
"067","FRACTURADO/TRAUMATISMO DE EXTREMIDADES",4,"Tezontepec de Aldama"
"067","FUGAS Y DERRAMES DE SUSTANCIAS QUÍMICAS",8,"Tezontepec de Aldama"
"067","GASES TÓXICOS",1,"Tezontepec de Aldama"
"067","HEMORRAGIA",2,"Tezontepec de Aldama"
"067","INCENDIO DE CASA HABITACIÓN",6,"Tezontepec de Aldama"
"067","INCENDIO DE COMERCIO",1,"Tezontepec de Aldama"
"067","INCENDIO DE VEHÍCULO",7,"Tezontepec de Aldama"
"067","INFARTO / URGENCIA CARDIOLÓGICA",2,"Tezontepec de Aldama"
"067","INFARTO CEREBRAL",1,"Tezontepec de Aldama"
"067","INTOXICACIÓN / SOBREDOSIS / ENVENENAMIENTO POR SUSTANCIAS",3,"Tezontepec de Aldama"
"067","INTOXICACIÓN ETÍLICA",5,"Tezontepec de Aldama"
"067","INUNDACIONES",2,"Tezontepec de Aldama"
"067","LESIONADO POR ARMA BLANCA",3,"Tezontepec de Aldama"
"067","MALTRATO DE ANIMALES",6,"Tezontepec de Aldama"
"067","MALTRATO INFANTIL",3,"Tezontepec de Aldama"
"067","MORDEDURA DE ANIMAL",3,"Tezontepec de Aldama"
"067","NOTIFICACIÓN DE CIBER INCIDENTE",16,"Tezontepec de Aldama"
"067","OBJETO SOSPECHOSO O PELIGROSO",5,"Tezontepec de Aldama"
"067","OTRAS ALARMAS DE EMERGENCIAS ACTIVADAS",269,"Tezontepec de Aldama"
"067","OTRAS FALTAS AL REGLAMENTO DE TRÁNSITO",17,"Tezontepec de Aldama"
"067","OTROS ACTOS RELACIONADOS CON EL PATRIMONIO",21,"Tezontepec de Aldama"
"067","OTROS ACTOS RELACIONADOS CON LA FAMILIA",25,"Tezontepec de Aldama"
"067","OTROS ACTOS RELACIONADOS CON LA LIBERTAD PERSONAL",5,"Tezontepec de Aldama"
"067","OTROS ACTOS RELACIONADOS CON LA LIBERTAD Y LA SEGURIDAD SEXUAL",1,"Tezontepec de Aldama"
"067","OTROS INCENDIOS",84,"Tezontepec de Aldama"
"067","OTROS INCIDENTES MÉDICOS CLINICOS",9,"Tezontepec de Aldama"
"067","OTROS INCIDENTES MÉDICOS TRAUMÁTICOS",13,"Tezontepec de Aldama"
"067","OTROS RESCATES",4,"Tezontepec de Aldama"
"067","OTROS TIPOS DE ALTERACIÓN AL ORDEN PÚBLICO",3,"Tezontepec de Aldama"
"067","PERSONA AGRESIVA",112,"Tezontepec de Aldama"
"067","PERSONA DETENIDA",8,"Tezontepec de Aldama"
"067","PERSONA EN CRISIS POR TRASTORNO MENTAL",2,"Tezontepec de Aldama"
"067","PERSONA EN SITUACIÓN DE CALLE",1,"Tezontepec de Aldama"
"067","PERSONA INCONSCIENTE / URGENCIA NEUROLÓGICA",37,"Tezontepec de Aldama"
"067","PERSONA LOCALIZADA",12,"Tezontepec de Aldama"
"067","PERSONA NO LOCALIZADA",5,"Tezontepec de Aldama"
"067","PERSONA SOSPECHOSA",62,"Tezontepec de Aldama"
"067","PERSONA TIRADA EN VÍA PÚBLICA",15,"Tezontepec de Aldama"
"067","PLAGAS",1,"Tezontepec de Aldama"
"067","PORTACIÓN DE ARMAS O CARTUCHOS",23,"Tezontepec de Aldama"
"067","QUEMADURAS",1,"Tezontepec de Aldama"
"067","RESCATE ANIMAL",8,"Tezontepec de Aldama"
"067","RIÑA / PELEA CLANDESTINA",72,"Tezontepec de Aldama"
"067","ROBO A CASA HABITACIÓN SIN VIOLENCIA",3,"Tezontepec de Aldama"
"067","ROBO A TRANSEÚNTE SIN VIOLENCIA",2,"Tezontepec de Aldama"
"067","ROBO A TRANSPORTISTA SIN VIOLENCIA",1,"Tezontepec de Aldama"
"067","ROBO DE AUTOPARTES O ACCESORIOS",2,"Tezontepec de Aldama"
"067","ROBO DE COMBUSTIBLE",11,"Tezontepec de Aldama"
"067","ROBO DE VEHÍCULO PARTICULAR SIN VIOLENCIA",79,"Tezontepec de Aldama"
"067","RUIDO EXCESIVO",28,"Tezontepec de Aldama"
"067","SOLICITUD DE RONDÍN",8,"Tezontepec de Aldama"
"067","SUSTRACCIÓN DE MENORES",2,"Tezontepec de Aldama"
"067","TALA ILEGAL",3,"Tezontepec de Aldama"
"067","TENTATIVA DE ROBO",12,"Tezontepec de Aldama"
"067","TRABAJO DE PARTO",1,"Tezontepec de Aldama"
"067","TRAUMATISMO ABDOMINAL",1,"Tezontepec de Aldama"
"067","TRAUMATISMO DE CRÁNEO",1,"Tezontepec de Aldama"
"067","TRÁFICO DE DROGAS Y ESTUPEFACIENTES EN VÍA PÚBLICA",1,"Tezontepec de Aldama"
"067","URGENCIA EN PACIENTE EMBARAZADA",2,"Tezontepec de Aldama"
"067","URGENCIA POR ENFERMEDAD GENERAL",25,"Tezontepec de Aldama"
"067","VEHÍCULO A EXCESO DE VELOCIDAD",10,"Tezontepec de Aldama"
"067","VEHÍCULO ABANDONADO",8,"Tezontepec de Aldama"
"067","VEHÍCULO DESCOMPUESTO",4,"Tezontepec de Aldama"
"067","VEHÍCULO EN HUIDA",6,"Tezontepec de Aldama"
"067","VEHÍCULO RECUPERADO",11,"Tezontepec de Aldama"
"067","VEHÍCULO SOSPECHOSO",87,"Tezontepec de Aldama"
"067","VIALIDAD EN MAL ESTADO",1,"Tezontepec de Aldama"
"067","VIOLENCIA CONTRA LA MUJER",33,"Tezontepec de Aldama"
"067","VIOLENCIA DE PAREJA",64,"Tezontepec de Aldama"
"067","VIOLENCIA FAMILIAR",75,"Tezontepec de Aldama"
"067","ÁRBOL CAÍDO O POR CAER",11,"Tezontepec de Aldama"
"068","ABANDONO DE PERSONA",1,"Tianguistengo"
"068","ACCIDENTE DE MOTOCICLETA CON LESIONADOS",1,"Tianguistengo"
"068","ACCIDENTE DE TRÁNSITO SIN LESIONADOS",1,"Tianguistengo"
"068","ACCIDENTE DE VEHÍCULO AUTOMOTOR CON LESIONADOS",1,"Tianguistengo"
"068","ALLANAMIENTO DE MORADA",1,"Tianguistengo"
"068","ALTERACIÓN DEL ORDEN PÚBLICO POR PERSONA ALCOHOLIZADA",2,"Tianguistengo"
"068","AMENAZA DE SUICIDIO",1,"Tianguistengo"
"068","APOYO A LA CIUDADANÍA",4,"Tianguistengo"
"068","CABLES COLGANDO",1,"Tianguistengo"
"068","CAÍDA",2,"Tianguistengo"
"068","CORTO CIRCUITO",1,"Tianguistengo"
"068","DERRUMBES",2,"Tianguistengo"
"068","EXTORSIÓN",1,"Tianguistengo"
"068","INCENDIO FORESTAL",1,"Tianguistengo"
"068","MALTRATO INFANTIL",1,"Tianguistengo"
"068","NOTIFICACIÓN DE CIBER INCIDENTE",2,"Tianguistengo"
"068","OTRAS ALARMAS DE EMERGENCIAS ACTIVADAS",33,"Tianguistengo"
"068","OTRAS FALTAS AL REGLAMENTO DE TRÁNSITO",1,"Tianguistengo"
"068","OTROS ACTOS RELACIONADOS CON LA FAMILIA",2,"Tianguistengo"
"068","OTROS ACTOS RELACIONADOS CON LA LIBERTAD Y LA SEGURIDAD SEXUAL",1,"Tianguistengo"
"068","OTROS INCENDIOS",3,"Tianguistengo"
"068","PERSONA LOCALIZADA",1,"Tianguistengo"
"068","PERSONA NO LOCALIZADA",2,"Tianguistengo"
"068","PERSONA SOSPECHOSA",2,"Tianguistengo"
"068","PORTACIÓN DE ARMAS O CARTUCHOS",2,"Tianguistengo"
"068","RIÑA / PELEA CLANDESTINA",1,"Tianguistengo"
"068","ROBO A CASA HABITACIÓN SIN VIOLENCIA",1,"Tianguistengo"
"068","RUIDO EXCESIVO",2,"Tianguistengo"
"068","URGENCIA POR ENFERMEDAD GENERAL",1,"Tianguistengo"
"068","VEHÍCULO DESCOMPUESTO",2,"Tianguistengo"
"068","VEHÍCULO EN HUIDA",1,"Tianguistengo"
"068","VEHÍCULO SOSPECHOSO",1,"Tianguistengo"
"068","VIOLENCIA CONTRA LA MUJER",1,"Tianguistengo"
"068","VIOLENCIA DE PAREJA",2,"Tianguistengo"
"069","ABANDONO DE PERSONA",3,"Tizayuca"
"069","ABUSO DE CONFIANZA",42,"Tizayuca"
"069","ABUSO SEXUAL",9,"Tizayuca"
"069","ACCIDENTE DE MOTOCICLETA CON FALLECIDO",1,"Tizayuca"
"069","ACCIDENTE DE MOTOCICLETA CON LESIONADOS",476,"Tizayuca"
"069","ACCIDENTE DE TRÁNSITO CON MUERTOS",2,"Tizayuca"
"069","ACCIDENTE DE TRÁNSITO SIN LESIONADOS",292,"Tizayuca"
"069","ACCIDENTE DE VEHÍCULO AUTOMOTOR CON LESIONADOS",130,"Tizayuca"
"069","ACCIDENTE DE VEHÍCULO DE PASAJEROS CON LESIONADOS",10,"Tizayuca"
"069","ACCIDENTE FERROVIARIO CON LESIONADOS",1,"Tizayuca"
"069","ACCIDENTE MÚLTIPLE CON LESIONADOS",53,"Tizayuca"
"069","ACOSO U HOSTIGAMIENTO SEXUAL",15,"Tizayuca"
"069","AFECTACIÓN DE LOS SERVICIOS BÁSICOS O DE INFRAESTRUCTURA ESTRATÉGICA",2,"Tizayuca"
"069","AGRESIÓN FÍSICA EN PANDILLA",1,"Tizayuca"
"069","ALCANTARILLA SIN TAPA",2,"Tizayuca"
"069","ALLANAMIENTO DE MORADA",336,"Tizayuca"
"069","ALTERACIÓN DEL ORDEN PÚBLICO POR PERSONA ALCOHOLIZADA",208,"Tizayuca"
"069","ALTERACIÓN DEL ORDEN PÚBLICO POR PERSONA DROGADA",61,"Tizayuca"
"069","AMENAZA",40,"Tizayuca"
"069","AMENAZA DE ABORTO",9,"Tizayuca"
"069","AMENAZA DE SUICIDIO",55,"Tizayuca"
"069","ANIMAL MUERTO",14,"Tizayuca"
"069","ANIMAL PELIGROSO",55,"Tizayuca"
"069","ANIMALES SUELTOS",14,"Tizayuca"
"069","APOYO A LA CIUDADANÍA",519,"Tizayuca"
"069","APOYO A OTRO ESTADO",41,"Tizayuca"
"069","ARRANCONES O CARRERAS DE VEHÍCULOS",48,"Tizayuca"
"069","ASFIXIA",13,"Tizayuca"
"069","ATAQUES AL PUDOR",7,"Tizayuca"
"069","ATROPELLAMIENTO",76,"Tizayuca"
"069","BLOQUEO O CORTE DE VÍAS DE COMUNICACIÓN",5,"Tizayuca"
"069","CABLES COLGANDO",12,"Tizayuca"
"069","CAÍDA",238,"Tizayuca"
"069","CAÍDA DE ANUNCIO O ESPECTACULAR",2,"Tizayuca"
"069","CAÍDA DE BARDA",2,"Tizayuca"
"069","CAÍDA DE POSTE",4,"Tizayuca"
"069","CIRCULAR EN SENTIDO CONTRARIO",3,"Tizayuca"
"069","CONCENTRACIÓN PACÍFICA DE PERSONAS",2,"Tizayuca"
"069","CONDUCTOR EBRIO",38,"Tizayuca"
"069","CONSUMO DE ALCOHOL EN VÍA PÚBLICA",61,"Tizayuca"
"069","CONSUMO DE DROGAS EN VÍA PÚBLICA",40,"Tizayuca"
"069","CONTAMINACIÓN DE SUELO, AIRE Y AGUA",32,"Tizayuca"
"069","CONVULSIONES",148,"Tizayuca"
"069","CORRUPCIÓN DE MENORES",2,"Tizayuca"
"069","CORTO CIRCUITO",22,"Tizayuca"
"069","DAÑO A BIENES PÚBLICOS, INSTITUCIONES, MONUMENTOS, ENTRE OTROS",7,"Tizayuca"
"069","DAÑO A PROPIEDAD AJENA",51,"Tizayuca"
"069","DESCARGA DE DESECHOS SIN PERMISOS",2,"Tizayuca"
"069","DESCOMPENSACIÓN DE LA DIABETES/DESHIDRATACIÓN",37,"Tizayuca"
"069","DESPOJO",2,"Tizayuca"
"069","DETONACIÓN DE ARMA DE FUEGO",130,"Tizayuca"
"069","DETONACIÓN DE COHETES O FUEGOS ARTIFICIALES",62,"Tizayuca"
"069","DIFICULTAD RESPIRATORIA / URGENCIA RESPIRATORIA",144,"Tizayuca"
"069","DOLOR ABDOMINAL / URGENCIA ABDOMINAL",49,"Tizayuca"
"069","ELECTROCUTADO/LESIÓN POR CORRIENTE ELÉCTRICA",6,"Tizayuca"
"069","ENJAMBRE DE ABEJAS",36,"Tizayuca"
"069","ENVENENAMIENTO POR ANIMAL DE PONZOÑA",6,"Tizayuca"
"069","ESTUPRO",1,"Tizayuca"
"069","EXPLOSIÓN",8,"Tizayuca"
"069","EXTORSIÓN",19,"Tizayuca"
"069","EXTORSIÓN TELEFÓNICA",76,"Tizayuca"
"069","EXTRAVÍO DE PLACA",5,"Tizayuca"
"069","FALLAS DE SEMÁFORO",15,"Tizayuca"
"069","FALLECIDO DE CAUSA NATURAL",55,"Tizayuca"
"069","FALLECIDO DE CAUSA TRAUMÁTICA",15,"Tizayuca"
"069","FRACTURADO/TRAUMATISMO DE EXTREMIDADES",16,"Tizayuca"
"069","FRAUDE",9,"Tizayuca"
"069","FUGAS Y DERRAMES DE SUSTANCIAS QUÍMICAS",209,"Tizayuca"
"069","GASES TÓXICOS",50,"Tizayuca"
"069","GRAFITIS",2,"Tizayuca"
"069","HEMORRAGIA",35,"Tizayuca"
"069","INCENDIO DE CASA HABITACIÓN",34,"Tizayuca"
"069","INCENDIO DE COMERCIO",6,"Tizayuca"
"069","INCENDIO DE EDIFICIO",1,"Tizayuca"
"069","INCENDIO DE FÁBRICA O INDUSTRIA",1,"Tizayuca"
"069","INCENDIO DE VEHÍCULO",10,"Tizayuca"
"069","INCENDIO FORESTAL",5,"Tizayuca"
"069","INFARTO / URGENCIA CARDIOLÓGICA",33,"Tizayuca"
"069","INFARTO CEREBRAL",7,"Tizayuca"
"069","INTOXICACIÓN / SOBREDOSIS / ENVENENAMIENTO POR SUSTANCIAS",53,"Tizayuca"
"069","INTOXICACIÓN ETÍLICA",19,"Tizayuca"
"069","INUNDACIONES",13,"Tizayuca"
"069","LESIONADO POR ARMA BLANCA",19,"Tizayuca"
"069","MALTRATO DE ANIMALES",56,"Tizayuca"
"069","MALTRATO INFANTIL",29,"Tizayuca"
"069","MANIFESTACIÓN CON DISTURBIOS O BLOQUEOS",1,"Tizayuca"
"069","MENOR EXTRAVIADO",2,"Tizayuca"
"069","MORDEDURA DE ANIMAL",43,"Tizayuca"
"069","NOTIFICACIÓN DE CIBER INCIDENTE",48,"Tizayuca"
"069","OBJETO SOSPECHOSO O PELIGROSO",16,"Tizayuca"
"069","OLORES FÉTIDOS",10,"Tizayuca"
"069","OTRAS ALARMAS DE EMERGENCIAS ACTIVADAS",264,"Tizayuca"
"069","OTRAS FALTAS AL REGLAMENTO DE TRÁNSITO",105,"Tizayuca"
"069","OTROS ACCIDENTES CON LESIONADOS",2,"Tizayuca"
"069","OTROS ACTOS RELACIONADOS CON EL PATRIMONIO",112,"Tizayuca"
"069","OTROS ACTOS RELACIONADOS CON LA FAMILIA",193,"Tizayuca"
"069","OTROS ACTOS RELACIONADOS CON LA LIBERTAD PERSONAL",23,"Tizayuca"
"069","OTROS ACTOS RELACIONADOS CON LA LIBERTAD Y LA SEGURIDAD SEXUAL",6,"Tizayuca"
"069","OTROS ACTOS RELACIONADOS CON LA SEGURIDAD COLECTIVA",1,"Tizayuca"
"069","OTROS ACTOS RELACIONADOS CON LA VIDA Y LA INTEGRIDAD PERSONAL",1,"Tizayuca"
"069","OTROS ACTOS RELACIONADOS CON OTROS BIENES JURÍDICOS",6,"Tizayuca"
"069","OTROS INCENDIOS",447,"Tizayuca"
"069","OTROS INCIDENTES MÉDICOS CLINICOS",139,"Tizayuca"
"069","OTROS INCIDENTES MÉDICOS TRAUMÁTICOS",76,"Tizayuca"
"069","OTROS RESCATES",21,"Tizayuca"
"069","OTROS TIPOS DE ALTERACIÓN AL ORDEN PÚBLICO",34,"Tizayuca"
"069","PARO CARDIORRESPIRATORIO",5,"Tizayuca"
"069","PELEA CLANDESTINA CON ANIMALES",1,"Tizayuca"
"069","PERSONA AGRESIVA",1004,"Tizayuca"
"069","PERSONA DETENIDA",38,"Tizayuca"
"069","PERSONA EN CRISIS POR TRASTORNO MENTAL",33,"Tizayuca"
"069","PERSONA EN SITUACIÓN DE CALLE",3,"Tizayuca"
"069","PERSONA EXHIBICIONISTA",10,"Tizayuca"
"069","PERSONA INCONSCIENTE / URGENCIA NEUROLÓGICA",260,"Tizayuca"
"069","PERSONA LOCALIZADA",27,"Tizayuca"
"069","PERSONA NO LOCALIZADA",27,"Tizayuca"
"069","PERSONA SOSPECHOSA",365,"Tizayuca"
"069","PERSONA TIRADA EN VÍA PÚBLICA",88,"Tizayuca"
"069","PLAGAS",9,"Tizayuca"
"069","PORTACIÓN DE ARMAS O CARTUCHOS",105,"Tizayuca"
"069","QUEMADURAS",7,"Tizayuca"
"069","RESCATE ANIMAL",70,"Tizayuca"
"069","RIÑA / PELEA CLANDESTINA",422,"Tizayuca"
"069","ROBO A CASA HABITACIÓN SIN VIOLENCIA",73,"Tizayuca"
"069","ROBO A GASOLINERA SIN VIOLENCIA",1,"Tizayuca"
"069","ROBO A NEGOCIO SIN VIOLENCIA",28,"Tizayuca"
"069","ROBO A TRANSEÚNTE SIN VIOLENCIA",23,"Tizayuca"
"069","ROBO A TRANSPORTISTA SIN VIOLENCIA",1,"Tizayuca"
"069","ROBO DE AUTOPARTES O ACCESORIOS",6,"Tizayuca"
"069","ROBO DE COMBUSTIBLE",1,"Tizayuca"
"069","ROBO DE GANADO",3,"Tizayuca"
"069","ROBO DE PLACA",1,"Tizayuca"
"069","ROBO DE VEHÍCULO PARTICULAR SIN VIOLENCIA",217,"Tizayuca"
"069","RUIDO EXCESIVO",319,"Tizayuca"
"069","SOLICITUD DE RONDÍN",48,"Tizayuca"
"069","SUICIDIO",10,"Tizayuca"
"069","SUSTRACCIÓN DE MENORES",16,"Tizayuca"
"069","TALA ILEGAL",7,"Tizayuca"
"069","TENTATIVA DE ROBO",121,"Tizayuca"
"069","TRABAJO DE PARTO",15,"Tizayuca"
"069","TRAFICO Y/O VENTA CLANDESTINA DE ANIMALES",1,"Tizayuca"
"069","TRAUMATISMO DE CRÁNEO",7,"Tizayuca"
"069","TRAUMATISMOS MÚLTIPLES",5,"Tizayuca"
"069","URGENCIA EN PACIENTE EMBARAZADA",32,"Tizayuca"
"069","URGENCIA POR ENFERMEDAD GENERAL",221,"Tizayuca"
"069","VEHÍCULO A EXCESO DE VELOCIDAD",51,"Tizayuca"
"069","VEHÍCULO ABANDONADO",39,"Tizayuca"
"069","VEHÍCULO DESCOMPUESTO",49,"Tizayuca"
"069","VEHÍCULO EN HUIDA",74,"Tizayuca"
"069","VEHÍCULO RECUPERADO",28,"Tizayuca"
"069","VEHÍCULO SOSPECHOSO",269,"Tizayuca"
"069","VENTA CLANDESTINA DE PIROTECNIA, COHETES O FUEGOS ARTIFICIALES",7,"Tizayuca"
"069","VIALIDAD EN MAL ESTADO",1,"Tizayuca"
"069","VIOLACIÓN",3,"Tizayuca"
"069","VIOLENCIA CONTRA LA MUJER",197,"Tizayuca"
"069","VIOLENCIA DE PAREJA",590,"Tizayuca"
"069","VIOLENCIA FAMILIAR",549,"Tizayuca"
"069","ÁRBOL CAÍDO O POR CAER",6,"Tizayuca"
"070","ABANDONO DE PERSONA",1,"Tlahuelilpan"
"070","ABUSO DE CONFIANZA",3,"Tlahuelilpan"
"070","ACCIDENTE DE MOTOCICLETA CON FALLECIDO",1,"Tlahuelilpan"
"070","ACCIDENTE DE MOTOCICLETA CON LESIONADOS",51,"Tlahuelilpan"
"070","ACCIDENTE DE TRÁNSITO SIN LESIONADOS",42,"Tlahuelilpan"
"070","ACCIDENTE DE VEHÍCULO AUTOMOTOR CON LESIONADOS",19,"Tlahuelilpan"
"070","ACCIDENTE MÚLTIPLE CON LESIONADOS",8,"Tlahuelilpan"
"070","ACOSO U HOSTIGAMIENTO SEXUAL",1,"Tlahuelilpan"
"070","AGRESIÓN FÍSICA EN PANDILLA",1,"Tlahuelilpan"
"070","ALLANAMIENTO DE MORADA",17,"Tlahuelilpan"
"070","ALTERACIÓN DEL ORDEN PÚBLICO POR PERSONA ALCOHOLIZADA",31,"Tlahuelilpan"
"070","ALTERACIÓN DEL ORDEN PÚBLICO POR PERSONA DROGADA",3,"Tlahuelilpan"
"070","AMENAZA",3,"Tlahuelilpan"
"070","ANIMAL MUERTO",2,"Tlahuelilpan"
"070","ANIMAL PELIGROSO",5,"Tlahuelilpan"
"070","APOYO A LA CIUDADANÍA",42,"Tlahuelilpan"
"070","APOYO A OTRO ESTADO",2,"Tlahuelilpan"
"070","ARRANCONES O CARRERAS DE VEHÍCULOS",6,"Tlahuelilpan"
"070","ATROPELLAMIENTO",6,"Tlahuelilpan"
"070","CAÍDA",15,"Tlahuelilpan"
"070","CIRCULAR EN SENTIDO CONTRARIO",1,"Tlahuelilpan"
"070","CONCENTRACIÓN PACÍFICA DE PERSONAS",1,"Tlahuelilpan"
"070","CONDUCTOR EBRIO",2,"Tlahuelilpan"
"070","CONSUMO DE ALCOHOL EN VÍA PÚBLICA",12,"Tlahuelilpan"
"070","CONSUMO DE DROGAS EN VÍA PÚBLICA",4,"Tlahuelilpan"
"070","CONTAMINACIÓN DE SUELO, AIRE Y AGUA",10,"Tlahuelilpan"
"070","CONVULSIONES",13,"Tlahuelilpan"
"070","CORTO CIRCUITO",5,"Tlahuelilpan"
"070","DAÑO A PROPIEDAD AJENA",6,"Tlahuelilpan"
"070","DESCOMPENSACIÓN DE LA DIABETES/DESHIDRATACIÓN",4,"Tlahuelilpan"
"070","DETONACIÓN DE ARMA DE FUEGO",11,"Tlahuelilpan"
"070","DETONACIÓN DE COHETES O FUEGOS ARTIFICIALES",5,"Tlahuelilpan"
"070","DIFICULTAD RESPIRATORIA / URGENCIA RESPIRATORIA",7,"Tlahuelilpan"
"070","DOLOR ABDOMINAL / URGENCIA ABDOMINAL",2,"Tlahuelilpan"
"070","ENCHARCAMIENTO/ DESBORDAMIENTO DE RÍO",1,"Tlahuelilpan"
"070","ENJAMBRE DE ABEJAS",2,"Tlahuelilpan"
"070","EXPLOSIÓN",1,"Tlahuelilpan"
"070","EXTORSIÓN",1,"Tlahuelilpan"
"070","EXTORSIÓN TELEFÓNICA",4,"Tlahuelilpan"
"070","FALLECIDO DE CAUSA NATURAL",5,"Tlahuelilpan"
"070","FALLECIDO DE CAUSA TRAUMÁTICA",1,"Tlahuelilpan"
"070","FRACTURADO/TRAUMATISMO DE EXTREMIDADES",3,"Tlahuelilpan"
"070","FUGAS Y DERRAMES DE SUSTANCIAS QUÍMICAS",6,"Tlahuelilpan"
"070","GASES TÓXICOS",5,"Tlahuelilpan"
"070","HEMORRAGIA",1,"Tlahuelilpan"
"070","HUNDIMIENTOS / AGRIETAMIENTOS / INESTABILIDAD DE LADERA",1,"Tlahuelilpan"
"070","INCENDIO DE CASA HABITACIÓN",5,"Tlahuelilpan"
"070","INCENDIO DE VEHÍCULO",3,"Tlahuelilpan"
"070","INCENDIO FORESTAL",1,"Tlahuelilpan"
"070","INTOXICACIÓN / SOBREDOSIS / ENVENENAMIENTO POR SUSTANCIAS",1,"Tlahuelilpan"
"070","INTOXICACIÓN ETÍLICA",2,"Tlahuelilpan"
"070","INUNDACIONES",1,"Tlahuelilpan"
"070","MALTRATO DE ANIMALES",1,"Tlahuelilpan"
"070","MALTRATO INFANTIL",1,"Tlahuelilpan"
"070","MENOR EXTRAVIADO",1,"Tlahuelilpan"
"070","MORDEDURA DE ANIMAL",3,"Tlahuelilpan"
"070","NOTIFICACIÓN DE CIBER INCIDENTE",2,"Tlahuelilpan"
"070","OBJETO SOSPECHOSO O PELIGROSO",3,"Tlahuelilpan"
"070","OTRAS ALARMAS DE EMERGENCIAS ACTIVADAS",46,"Tlahuelilpan"
"070","OTRAS FALTAS AL REGLAMENTO DE TRÁNSITO",17,"Tlahuelilpan"
"070","OTROS ACTOS RELACIONADOS CON EL PATRIMONIO",8,"Tlahuelilpan"
"070","OTROS ACTOS RELACIONADOS CON LA FAMILIA",17,"Tlahuelilpan"
"070","OTROS ACTOS RELACIONADOS CON LA LIBERTAD PERSONAL",1,"Tlahuelilpan"
"070","OTROS INCENDIOS",46,"Tlahuelilpan"
"070","OTROS INCIDENTES MÉDICOS CLINICOS",5,"Tlahuelilpan"
"070","OTROS INCIDENTES MÉDICOS TRAUMÁTICOS",8,"Tlahuelilpan"
"070","OTROS RESCATES",3,"Tlahuelilpan"
"070","OTROS TIPOS DE ALTERACIÓN AL ORDEN PÚBLICO",4,"Tlahuelilpan"
"070","PERSONA AGRESIVA",72,"Tlahuelilpan"
"070","PERSONA EN CRISIS POR TRASTORNO MENTAL",1,"Tlahuelilpan"
"070","PERSONA EN SITUACIÓN DE CALLE",1,"Tlahuelilpan"
"070","PERSONA INCONSCIENTE / URGENCIA NEUROLÓGICA",14,"Tlahuelilpan"
"070","PERSONA LOCALIZADA",2,"Tlahuelilpan"
"070","PERSONA NO LOCALIZADA",2,"Tlahuelilpan"
"070","PERSONA SOSPECHOSA",25,"Tlahuelilpan"
"070","PERSONA TIRADA EN VÍA PÚBLICA",6,"Tlahuelilpan"
"070","PORTACIÓN DE ARMAS O CARTUCHOS",15,"Tlahuelilpan"
"070","RESCATE ANIMAL",2,"Tlahuelilpan"
"070","RIÑA / PELEA CLANDESTINA",40,"Tlahuelilpan"
"070","ROBO A CASA HABITACIÓN SIN VIOLENCIA",2,"Tlahuelilpan"
"070","ROBO A NEGOCIO SIN VIOLENCIA",3,"Tlahuelilpan"
"070","ROBO DE AUTOPARTES O ACCESORIOS",1,"Tlahuelilpan"
"070","ROBO DE COMBUSTIBLE",15,"Tlahuelilpan"
"070","ROBO DE VEHÍCULO PARTICULAR SIN VIOLENCIA",44,"Tlahuelilpan"
"070","RUIDO EXCESIVO",26,"Tlahuelilpan"
"070","SOLICITUD DE RONDÍN",3,"Tlahuelilpan"
"070","SUICIDIO",1,"Tlahuelilpan"
"070","SUSTRACCIÓN DE MENORES",3,"Tlahuelilpan"
"070","TENTATIVA DE ROBO",9,"Tlahuelilpan"
"070","URGENCIA EN PACIENTE EMBARAZADA",1,"Tlahuelilpan"
"070","URGENCIA POR ENFERMEDAD GENERAL",5,"Tlahuelilpan"
"070","VEHÍCULO A EXCESO DE VELOCIDAD",6,"Tlahuelilpan"
"070","VEHÍCULO ABANDONADO",7,"Tlahuelilpan"
"070","VEHÍCULO DESCOMPUESTO",2,"Tlahuelilpan"
"070","VEHÍCULO EN HUIDA",12,"Tlahuelilpan"
"070","VEHÍCULO RECUPERADO",8,"Tlahuelilpan"
"070","VEHÍCULO SOSPECHOSO",36,"Tlahuelilpan"
"070","VIOLENCIA CONTRA LA MUJER",12,"Tlahuelilpan"
"070","VIOLENCIA DE PAREJA",42,"Tlahuelilpan"
"070","VIOLENCIA FAMILIAR",42,"Tlahuelilpan"
"070","ÁRBOL CAÍDO O POR CAER",2,"Tlahuelilpan"
"071","ACCIDENTE DE VEHÍCULO AUTOMOTOR CON LESIONADOS",1,"Tlahuiltepa"
"071","AHOGAMIENTO",1,"Tlahuiltepa"
"071","ALLANAMIENTO DE MORADA",1,"Tlahuiltepa"
"071","ANIMAL PELIGROSO",1,"Tlahuiltepa"
"071","CORTO CIRCUITO",1,"Tlahuiltepa"
"071","DAÑO A BIENES PÚBLICOS, INSTITUCIONES, MONUMENTOS, ENTRE OTROS",1,"Tlahuiltepa"
"071","DETONACIÓN DE ARMA DE FUEGO",1,"Tlahuiltepa"
"071","INCENDIO FORESTAL",1,"Tlahuiltepa"
"071","INUNDACIONES",1,"Tlahuiltepa"
"071","MANIFESTACIÓN CON DISTURBIOS O BLOQUEOS",1,"Tlahuiltepa"
"071","OTRAS ALARMAS DE EMERGENCIAS ACTIVADAS",10,"Tlahuiltepa"
"071","OTROS INCENDIOS",1,"Tlahuiltepa"
"071","PERSONA AGRESIVA",1,"Tlahuiltepa"
"071","PERSONA NO LOCALIZADA",1,"Tlahuiltepa"
"071","SOLICITUD DE RONDÍN",1,"Tlahuiltepa"
"071","VEHÍCULO SOSPECHOSO",1,"Tlahuiltepa"
"072","ABUSO SEXUAL",1,"Tlanalapa"
"072","ACCIDENTE DE MOTOCICLETA CON LESIONADOS",11,"Tlanalapa"
"072","ACCIDENTE DE TRÁNSITO SIN LESIONADOS",20,"Tlanalapa"
"072","ACCIDENTE DE VEHÍCULO AUTOMOTOR CON FALLECIDO",1,"Tlanalapa"
"072","ACCIDENTE DE VEHÍCULO AUTOMOTOR CON LESIONADOS",14,"Tlanalapa"
"072","ACCIDENTE MÚLTIPLE CON LESIONADOS",8,"Tlanalapa"
"072","AERONAVE SOSPECHOSA",1,"Tlanalapa"
"072","AFECTACIÓN DE LOS SERVICIOS BÁSICOS O DE INFRAESTRUCTURA ESTRATÉGICA",1,"Tlanalapa"
"072","ALLANAMIENTO DE MORADA",11,"Tlanalapa"
"072","ALTERACIÓN DEL ORDEN PÚBLICO POR PERSONA ALCOHOLIZADA",19,"Tlanalapa"
"072","ALTERACIÓN DEL ORDEN PÚBLICO POR PERSONA DROGADA",4,"Tlanalapa"
"072","AMENAZA",1,"Tlanalapa"
"072","ANIMAL MUERTO",1,"Tlanalapa"
"072","ANIMAL PELIGROSO",4,"Tlanalapa"
"072","APOYO A LA CIUDADANÍA",20,"Tlanalapa"
"072","ARRANCONES O CARRERAS DE VEHÍCULOS",8,"Tlanalapa"
"072","CABLES COLGANDO",3,"Tlanalapa"
"072","CAÍDA",7,"Tlanalapa"
"072","CAÍDA DE POSTE",1,"Tlanalapa"
"072","CONDUCTOR EBRIO",6,"Tlanalapa"
"072","CONSUMO DE ALCOHOL EN VÍA PÚBLICA",9,"Tlanalapa"
"072","CONSUMO DE DROGAS EN VÍA PÚBLICA",5,"Tlanalapa"
"072","CONTAMINACIÓN DE SUELO, AIRE Y AGUA",1,"Tlanalapa"
"072","CONVULSIONES",3,"Tlanalapa"
"072","DAÑO A PROPIEDAD AJENA",2,"Tlanalapa"
"072","DESCOMPENSACIÓN DE LA DIABETES/DESHIDRATACIÓN",3,"Tlanalapa"
"072","DETONACIÓN DE ARMA DE FUEGO",19,"Tlanalapa"
"072","DETONACIÓN DE COHETES O FUEGOS ARTIFICIALES",2,"Tlanalapa"
"072","DIFICULTAD RESPIRATORIA / URGENCIA RESPIRATORIA",3,"Tlanalapa"
"072","ELECTORALES",1,"Tlanalapa"
"072","ENJAMBRE DE ABEJAS",2,"Tlanalapa"
"072","EXPLOSIÓN",1,"Tlanalapa"
"072","EXTORSIÓN",1,"Tlanalapa"
"072","EXTORSIÓN TELEFÓNICA",2,"Tlanalapa"
"072","FALLECIDO DE CAUSA NATURAL",1,"Tlanalapa"
"072","FRACTURADO/TRAUMATISMO DE EXTREMIDADES",2,"Tlanalapa"
"072","FUGAS Y DERRAMES DE SUSTANCIAS QUÍMICAS",1,"Tlanalapa"
"072","GASES TÓXICOS",1,"Tlanalapa"
"072","GRAFITIS",1,"Tlanalapa"
"072","INCENDIO DE CASA HABITACIÓN",1,"Tlanalapa"
"072","INCENDIO DE VEHÍCULO",1,"Tlanalapa"
"072","INCENDIO FORESTAL",2,"Tlanalapa"
"072","INFARTO / URGENCIA CARDIOLÓGICA",1,"Tlanalapa"
"072","INTOXICACIÓN / SOBREDOSIS / ENVENENAMIENTO POR SUSTANCIAS",1,"Tlanalapa"
"072","INUNDACIONES",1,"Tlanalapa"
"072","MALTRATO DE ANIMALES",1,"Tlanalapa"
"072","MALTRATO INFANTIL",2,"Tlanalapa"
"072","NOTIFICACIÓN DE CIBER INCIDENTE",3,"Tlanalapa"
"072","OBJETO SOSPECHOSO O PELIGROSO",2,"Tlanalapa"
"072","OTRAS ALARMAS DE EMERGENCIAS ACTIVADAS",5,"Tlanalapa"
"072","OTRAS FALTAS AL REGLAMENTO DE TRÁNSITO",1,"Tlanalapa"
"072","OTROS ACTOS RELACIONADOS CON EL PATRIMONIO",1,"Tlanalapa"
"072","OTROS ACTOS RELACIONADOS CON LA FAMILIA",3,"Tlanalapa"
"072","OTROS ACTOS RELACIONADOS CON LA LIBERTAD PERSONAL",3,"Tlanalapa"
"072","OTROS INCENDIOS",45,"Tlanalapa"
"072","OTROS INCIDENTES MÉDICOS CLINICOS",3,"Tlanalapa"
"072","OTROS INCIDENTES MÉDICOS TRAUMÁTICOS",3,"Tlanalapa"
"072","OTROS RESCATES",1,"Tlanalapa"
"072","OTROS TIPOS DE ALTERACIÓN AL ORDEN PÚBLICO",1,"Tlanalapa"
"072","PERSONA AGRESIVA",29,"Tlanalapa"
"072","PERSONA DETENIDA",1,"Tlanalapa"
"072","PERSONA INCONSCIENTE / URGENCIA NEUROLÓGICA",7,"Tlanalapa"
"072","PERSONA NO LOCALIZADA",1,"Tlanalapa"
"072","PERSONA SOSPECHOSA",21,"Tlanalapa"
"072","PERSONA TIRADA EN VÍA PÚBLICA",4,"Tlanalapa"
"072","PORTACIÓN DE ARMAS O CARTUCHOS",6,"Tlanalapa"
"072","RESCATE ANIMAL",7,"Tlanalapa"
"072","RIÑA / PELEA CLANDESTINA",12,"Tlanalapa"
"072","ROBO A CAJERO AUTOMÁTICO",1,"Tlanalapa"
"072","ROBO A CASA HABITACIÓN SIN VIOLENCIA",7,"Tlanalapa"
"072","ROBO A NEGOCIO SIN VIOLENCIA",2,"Tlanalapa"
"072","ROBO DE AUTOPARTES O ACCESORIOS",1,"Tlanalapa"
"072","ROBO DE COMBUSTIBLE",3,"Tlanalapa"
"072","ROBO DE VEHÍCULO PARTICULAR SIN VIOLENCIA",6,"Tlanalapa"
"072","RUIDO EXCESIVO",8,"Tlanalapa"
"072","SOLICITUD DE RONDÍN",3,"Tlanalapa"
"072","SUSTRACCIÓN DE MENORES",1,"Tlanalapa"
"072","TALA ILEGAL",1,"Tlanalapa"
"072","TENTATIVA DE ROBO",5,"Tlanalapa"
"072","URGENCIA POR ENFERMEDAD GENERAL",8,"Tlanalapa"
"072","VEHÍCULO A EXCESO DE VELOCIDAD",3,"Tlanalapa"
"072","VEHÍCULO ABANDONADO",1,"Tlanalapa"
"072","VEHÍCULO DESCOMPUESTO",14,"Tlanalapa"
"072","VEHÍCULO EN HUIDA",3,"Tlanalapa"
"072","VEHÍCULO RECUPERADO",1,"Tlanalapa"
"072","VEHÍCULO SOSPECHOSO",26,"Tlanalapa"
"072","VENTA CLANDESTINA DE PIROTECNIA, COHETES O FUEGOS ARTIFICIALES",1,"Tlanalapa"
"072","VIOLENCIA CONTRA LA MUJER",3,"Tlanalapa"
"072","VIOLENCIA DE PAREJA",8,"Tlanalapa"
"072","VIOLENCIA FAMILIAR",12,"Tlanalapa"
"072","ÁRBOL CAÍDO O POR CAER",1,"Tlanalapa"
"073","ACCIDENTE DE MOTOCICLETA CON LESIONADOS",2,"Tlanchinol"
"073","ACCIDENTE DE TRÁNSITO SIN LESIONADOS",15,"Tlanchinol"
"073","ACCIDENTE DE VEHÍCULO AUTOMOTOR CON LESIONADOS",11,"Tlanchinol"
"073","ACCIDENTE DE VEHÍCULO DE PASAJEROS CON FALLECIDO",1,"Tlanchinol"
"073","ACCIDENTE DE VEHÍCULO DE PASAJEROS CON LESIONADOS",3,"Tlanchinol"
"073","ACCIDENTE MÚLTIPLE CON LESIONADOS",5,"Tlanchinol"
"073","ALTERACIÓN DEL ORDEN PÚBLICO POR PERSONA ALCOHOLIZADA",3,"Tlanchinol"
"073","ALTERACIÓN DEL ORDEN PÚBLICO POR PERSONA DROGADA",3,"Tlanchinol"
"073","AMENAZA",1,"Tlanchinol"
"073","ANIMAL PELIGROSO",1,"Tlanchinol"
"073","APOYO A LA CIUDADANÍA",11,"Tlanchinol"
"073","ASFIXIA",1,"Tlanchinol"
"073","ATROPELLAMIENTO",2,"Tlanchinol"
"073","CAÍDA",2,"Tlanchinol"
"073","CAÍDA DE POSTE",1,"Tlanchinol"
"073","CONCENTRACIÓN PACÍFICA DE PERSONAS",1,"Tlanchinol"
"073","CONDUCTOR EBRIO",1,"Tlanchinol"
"073","CONSUMO DE ALCOHOL EN VÍA PÚBLICA",1,"Tlanchinol"
"073","CORTO CIRCUITO",2,"Tlanchinol"
"073","DERRUMBES",2,"Tlanchinol"
"073","DETONACIÓN DE ARMA DE FUEGO",6,"Tlanchinol"
"073","DIFICULTAD RESPIRATORIA / URGENCIA RESPIRATORIA",1,"Tlanchinol"
"073","DOLOR ABDOMINAL / URGENCIA ABDOMINAL",1,"Tlanchinol"
"073","ENVENENAMIENTO POR ANIMAL DE PONZOÑA",1,"Tlanchinol"
"073","EXTORSIÓN TELEFÓNICA",2,"Tlanchinol"
"073","FUGAS Y DERRAMES DE SUSTANCIAS QUÍMICAS",4,"Tlanchinol"
"073","GASES TÓXICOS",1,"Tlanchinol"
"073","INCENDIO FORESTAL",1,"Tlanchinol"
"073","LESIONADO POR ARMA BLANCA",1,"Tlanchinol"
"073","MALTRATO INFANTIL",1,"Tlanchinol"
"073","MANIFESTACIÓN CON DISTURBIOS O BLOQUEOS",1,"Tlanchinol"
"073","MENOR EXTRAVIADO",1,"Tlanchinol"
"073","NOTIFICACIÓN DE CIBER INCIDENTE",2,"Tlanchinol"
"073","OTRAS ALARMAS DE EMERGENCIAS ACTIVADAS",146,"Tlanchinol"
"073","OTROS ACTOS RELACIONADOS CON LA FAMILIA",2,"Tlanchinol"
"073","OTROS INCENDIOS",4,"Tlanchinol"
"073","OTROS INCIDENTES MÉDICOS TRAUMÁTICOS",1,"Tlanchinol"
"073","OTROS RESCATES",1,"Tlanchinol"
"073","OTROS TIPOS DE ALTERACIÓN AL ORDEN PÚBLICO",1,"Tlanchinol"
"073","PERSONA AGRESIVA",7,"Tlanchinol"
"073","PERSONA EN SITUACIÓN DE CALLE",1,"Tlanchinol"
"073","PERSONA INCONSCIENTE / URGENCIA NEUROLÓGICA",1,"Tlanchinol"
"073","PERSONA LOCALIZADA",2,"Tlanchinol"
"073","PERSONA NO LOCALIZADA",1,"Tlanchinol"
"073","PERSONA TIRADA EN VÍA PÚBLICA",2,"Tlanchinol"
"073","PORTACIÓN DE ARMAS O CARTUCHOS",2,"Tlanchinol"
"073","RIÑA / PELEA CLANDESTINA",4,"Tlanchinol"
"073","RUIDO EXCESIVO",10,"Tlanchinol"
"073","SOLICITUD DE RONDÍN",2,"Tlanchinol"
"073","SUICIDIO",1,"Tlanchinol"
"073","TENTATIVA DE ROBO",1,"Tlanchinol"
"073","TRAFICO Y/O VENTA CLANDESTINA DE ANIMALES",1,"Tlanchinol"
"073","URGENCIA POR ENFERMEDAD GENERAL",1,"Tlanchinol"
"073","VEHÍCULO ABANDONADO",1,"Tlanchinol"
"073","VEHÍCULO DESCOMPUESTO",9,"Tlanchinol"
"073","VEHÍCULO EN HUIDA",1,"Tlanchinol"
"073","VEHÍCULO RECUPERADO",1,"Tlanchinol"
"073","VEHÍCULO SOSPECHOSO",3,"Tlanchinol"
"073","VIOLENCIA CONTRA LA MUJER",1,"Tlanchinol"
"073","VIOLENCIA DE PAREJA",6,"Tlanchinol"
"073","VIOLENCIA FAMILIAR",14,"Tlanchinol"
"073","ÁRBOL CAÍDO O POR CAER",1,"Tlanchinol"
"074","ABUSO DE CONFIANZA",3,"Tlaxcoapan"
"074","ACCIDENTE DE MOTOCICLETA CON FALLECIDO",1,"Tlaxcoapan"
"074","ACCIDENTE DE MOTOCICLETA CON LESIONADOS",59,"Tlaxcoapan"
"074","ACCIDENTE DE TRÁNSITO CON MUERTOS",1,"Tlaxcoapan"
"074","ACCIDENTE DE TRÁNSITO SIN LESIONADOS",49,"Tlaxcoapan"
"074","ACCIDENTE DE VEHÍCULO AUTOMOTOR CON FALLECIDO",3,"Tlaxcoapan"
"074","ACCIDENTE DE VEHÍCULO AUTOMOTOR CON LESIONADOS",28,"Tlaxcoapan"
"074","ACCIDENTE DE VEHÍCULO DE PASAJEROS CON LESIONADOS",2,"Tlaxcoapan"
"074","ACCIDENTE FERROVIARIO CON FALLECIDO",1,"Tlaxcoapan"
"074","ACCIDENTE FERROVIARIO CON LESIONADOS",1,"Tlaxcoapan"
"074","ACCIDENTE MÚLTIPLE CON LESIONADOS",7,"Tlaxcoapan"
"074","ACOSO U HOSTIGAMIENTO SEXUAL",1,"Tlaxcoapan"
"074","ACTIVACIÓN DE ALARMA EN ESCUELA",1,"Tlaxcoapan"
"074","AERONAVE SOSPECHOSA",1,"Tlaxcoapan"
"074","ALCANTARILLA SIN TAPA",1,"Tlaxcoapan"
"074","ALLANAMIENTO DE MORADA",13,"Tlaxcoapan"
"074","ALTERACIÓN DEL ORDEN PÚBLICO POR PERSONA ALCOHOLIZADA",42,"Tlaxcoapan"
"074","ALTERACIÓN DEL ORDEN PÚBLICO POR PERSONA DROGADA",8,"Tlaxcoapan"
"074","AMENAZA",4,"Tlaxcoapan"
"074","AMENAZA DE ABORTO",1,"Tlaxcoapan"
"074","AMENAZA DE SUICIDIO",4,"Tlaxcoapan"
"074","APOYO A LA CIUDADANÍA",54,"Tlaxcoapan"
"074","APOYO A OTRO ESTADO",2,"Tlaxcoapan"
"074","ARRANCONES O CARRERAS DE VEHÍCULOS",10,"Tlaxcoapan"
"074","ATROPELLAMIENTO",8,"Tlaxcoapan"
"074","CABLES COLGANDO",2,"Tlaxcoapan"
"074","CAÍDA",25,"Tlaxcoapan"
"074","CAÍDA DE BARDA",1,"Tlaxcoapan"
"074","CAÍDA DE POSTE",1,"Tlaxcoapan"
"074","CIRCULAR EN SENTIDO CONTRARIO",2,"Tlaxcoapan"
"074","CONDUCTOR EBRIO",14,"Tlaxcoapan"
"074","CONSUMO DE ALCOHOL EN VÍA PÚBLICA",8,"Tlaxcoapan"
"074","CONSUMO DE DROGAS EN VÍA PÚBLICA",3,"Tlaxcoapan"
"074","CONTAMINACIÓN DE SUELO, AIRE Y AGUA",9,"Tlaxcoapan"
"074","CONVULSIONES",9,"Tlaxcoapan"
"074","CORTO CIRCUITO",5,"Tlaxcoapan"
"074","DAÑO A BIENES PÚBLICOS, INSTITUCIONES, MONUMENTOS, ENTRE OTROS",1,"Tlaxcoapan"
"074","DAÑO A PROPIEDAD AJENA",7,"Tlaxcoapan"
"074","DESCARGA DE DESECHOS SIN PERMISOS",1,"Tlaxcoapan"
"074","DESCOMPENSACIÓN DE LA DIABETES/DESHIDRATACIÓN",4,"Tlaxcoapan"
"074","DETONACIÓN DE ARMA DE FUEGO",23,"Tlaxcoapan"
"074","DETONACIÓN DE COHETES O FUEGOS ARTIFICIALES",10,"Tlaxcoapan"
"074","DIFICULTAD RESPIRATORIA / URGENCIA RESPIRATORIA",8,"Tlaxcoapan"
"074","DOLOR ABDOMINAL / URGENCIA ABDOMINAL",5,"Tlaxcoapan"
"074","ENCHARCAMIENTO/ DESBORDAMIENTO DE RÍO",1,"Tlaxcoapan"
"074","ENJAMBRE DE ABEJAS",4,"Tlaxcoapan"
"074","ENVENENAMIENTO POR ANIMAL DE PONZOÑA",1,"Tlaxcoapan"
"074","EXPLOSIÓN",3,"Tlaxcoapan"
"074","EXTORSIÓN",1,"Tlaxcoapan"
"074","EXTORSIÓN TELEFÓNICA",3,"Tlaxcoapan"
"074","FALLECIDO DE CAUSA NATURAL",7,"Tlaxcoapan"
"074","FALLECIDO DE CAUSA TRAUMÁTICA",3,"Tlaxcoapan"
"074","FRACTURADO/TRAUMATISMO DE EXTREMIDADES",1,"Tlaxcoapan"
"074","FRAUDE",1,"Tlaxcoapan"
"074","FUGAS Y DERRAMES DE SUSTANCIAS QUÍMICAS",7,"Tlaxcoapan"
"074","GASES TÓXICOS",8,"Tlaxcoapan"
"074","GRAFITIS",1,"Tlaxcoapan"
"074","HEMORRAGIA",1,"Tlaxcoapan"
"074","INCENDIO DE CASA HABITACIÓN",4,"Tlaxcoapan"
"074","INCENDIO DE COMERCIO",1,"Tlaxcoapan"
"074","INCENDIO DE VEHÍCULO",4,"Tlaxcoapan"
"074","INFARTO / URGENCIA CARDIOLÓGICA",1,"Tlaxcoapan"
"074","INUNDACIONES",5,"Tlaxcoapan"
"074","MALTRATO DE ANIMALES",4,"Tlaxcoapan"
"074","MALTRATO INFANTIL",1,"Tlaxcoapan"
"074","MENOR EXTRAVIADO",1,"Tlaxcoapan"
"074","MORDEDURA DE ANIMAL",2,"Tlaxcoapan"
"074","NOTIFICACIÓN DE CIBER INCIDENTE",8,"Tlaxcoapan"
"074","OBJETO SOSPECHOSO O PELIGROSO",2,"Tlaxcoapan"
"074","OLORES FÉTIDOS",1,"Tlaxcoapan"
"074","OTRAS ALARMAS DE EMERGENCIAS ACTIVADAS",82,"Tlaxcoapan"
"074","OTRAS FALTAS AL REGLAMENTO DE TRÁNSITO",13,"Tlaxcoapan"
"074","OTROS ACCIDENTES CON LESIONADOS",2,"Tlaxcoapan"
"074","OTROS ACTOS RELACIONADOS CON EL PATRIMONIO",13,"Tlaxcoapan"
"074","OTROS ACTOS RELACIONADOS CON LA FAMILIA",15,"Tlaxcoapan"
"074","OTROS ACTOS RELACIONADOS CON LA LIBERTAD PERSONAL",4,"Tlaxcoapan"
"074","OTROS ACTOS RELACIONADOS CON OTROS BIENES JURÍDICOS",1,"Tlaxcoapan"
"074","OTROS INCENDIOS",55,"Tlaxcoapan"
"074","OTROS INCIDENTES MÉDICOS CLINICOS",5,"Tlaxcoapan"
"074","OTROS INCIDENTES MÉDICOS TRAUMÁTICOS",11,"Tlaxcoapan"
"074","OTROS RESCATES",3,"Tlaxcoapan"
"074","OTROS TIPOS DE ALTERACIÓN AL ORDEN PÚBLICO",5,"Tlaxcoapan"
"074","PELEA CLANDESTINA CON ANIMALES",1,"Tlaxcoapan"
"074","PERSONA AGRESIVA",96,"Tlaxcoapan"
"074","PERSONA DETENIDA",3,"Tlaxcoapan"
"074","PERSONA EN CRISIS POR TRASTORNO MENTAL",1,"Tlaxcoapan"
"074","PERSONA EN SITUACIÓN DE CALLE",1,"Tlaxcoapan"
"074","PERSONA EXHIBICIONISTA",1,"Tlaxcoapan"
"074","PERSONA INCONSCIENTE / URGENCIA NEUROLÓGICA",15,"Tlaxcoapan"
"074","PERSONA LOCALIZADA",2,"Tlaxcoapan"
"074","PERSONA NO LOCALIZADA",3,"Tlaxcoapan"
"074","PERSONA SOSPECHOSA",38,"Tlaxcoapan"
"074","PERSONA TIRADA EN VÍA PÚBLICA",21,"Tlaxcoapan"
"074","PLAGAS",2,"Tlaxcoapan"
"074","PORTACIÓN DE ARMAS O CARTUCHOS",13,"Tlaxcoapan"
"074","RESCATE ANIMAL",5,"Tlaxcoapan"
"074","RIÑA / PELEA CLANDESTINA",50,"Tlaxcoapan"
"074","ROBO A CASA HABITACIÓN SIN VIOLENCIA",9,"Tlaxcoapan"
"074","ROBO A NEGOCIO SIN VIOLENCIA",2,"Tlaxcoapan"
"074","ROBO A TRANSEÚNTE SIN VIOLENCIA",1,"Tlaxcoapan"
"074","ROBO A TRANSPORTISTA SIN VIOLENCIA",1,"Tlaxcoapan"
"074","ROBO DE COMBUSTIBLE",23,"Tlaxcoapan"
"074","ROBO DE GANADO",1,"Tlaxcoapan"
"074","ROBO DE VEHÍCULO PARTICULAR SIN VIOLENCIA",59,"Tlaxcoapan"
"074","RUIDO EXCESIVO",24,"Tlaxcoapan"
"074","SOLICITUD DE RONDÍN",2,"Tlaxcoapan"
"074","SUICIDIO",2,"Tlaxcoapan"
"074","SUSTRACCIÓN DE MENORES",4,"Tlaxcoapan"
"074","TENTATIVA DE ROBO",11,"Tlaxcoapan"
"074","TRAUMATISMO DE CRÁNEO",1,"Tlaxcoapan"
"074","TRÁFICO DE DROGAS Y ESTUPEFACIENTES EN VÍA PÚBLICA",1,"Tlaxcoapan"
"074","URGENCIA EN PACIENTE EMBARAZADA",1,"Tlaxcoapan"
"074","URGENCIA POR ENFERMEDAD GENERAL",12,"Tlaxcoapan"
"074","VEHÍCULO A EXCESO DE VELOCIDAD",8,"Tlaxcoapan"
"074","VEHÍCULO ABANDONADO",10,"Tlaxcoapan"
"074","VEHÍCULO DESCOMPUESTO",13,"Tlaxcoapan"
"074","VEHÍCULO EN HUIDA",6,"Tlaxcoapan"
"074","VEHÍCULO RECUPERADO",6,"Tlaxcoapan"
"074","VEHÍCULO SOSPECHOSO",65,"Tlaxcoapan"
"074","VIOLENCIA CONTRA LA MUJER",20,"Tlaxcoapan"
"074","VIOLENCIA DE PAREJA",52,"Tlaxcoapan"
"074","VIOLENCIA FAMILIAR",60,"Tlaxcoapan"
"074","ÁRBOL CAÍDO O POR CAER",2,"Tlaxcoapan"
"075","ABANDONO DE PERSONA",1,"Tolcayuca"
"075","ACCIDENTE DE MOTOCICLETA CON FALLECIDO",2,"Tolcayuca"
"075","ACCIDENTE DE MOTOCICLETA CON LESIONADOS",46,"Tolcayuca"
"075","ACCIDENTE DE TRÁNSITO SIN LESIONADOS",76,"Tolcayuca"
"075","ACCIDENTE DE VEHÍCULO AUTOMOTOR CON FALLECIDO",3,"Tolcayuca"
"075","ACCIDENTE DE VEHÍCULO AUTOMOTOR CON LESIONADOS",66,"Tolcayuca"
"075","ACCIDENTE DE VEHÍCULO DE PASAJEROS CON LESIONADOS",1,"Tolcayuca"
"075","ACCIDENTE MÚLTIPLE CON LESIONADOS",31,"Tolcayuca"
"075","ACOSO U HOSTIGAMIENTO SEXUAL",1,"Tolcayuca"
"075","AFECTACIÓN DE LOS SERVICIOS BÁSICOS O DE INFRAESTRUCTURA ESTRATÉGICA",1,"Tolcayuca"
"075","ALLANAMIENTO DE MORADA",17,"Tolcayuca"
"075","ALTERACIÓN DEL ORDEN PÚBLICO POR PERSONA ALCOHOLIZADA",15,"Tolcayuca"
"075","ALTERACIÓN DEL ORDEN PÚBLICO POR PERSONA DROGADA",2,"Tolcayuca"
"075","AMENAZA",1,"Tolcayuca"
"075","AMENAZA DE ABORTO",1,"Tolcayuca"
"075","AMENAZA DE SUICIDIO",5,"Tolcayuca"
"075","ANIMAL PELIGROSO",1,"Tolcayuca"
"075","ANIMALES SUELTOS",2,"Tolcayuca"
"075","APOYO A LA CIUDADANÍA",66,"Tolcayuca"
"075","APOYO A OTRO ESTADO",6,"Tolcayuca"
"075","ARRANCONES O CARRERAS DE VEHÍCULOS",2,"Tolcayuca"
"075","ATROPELLAMIENTO",4,"Tolcayuca"
"075","CAÍDA",14,"Tolcayuca"
"075","CAÍDA DE POSTE",2,"Tolcayuca"
"075","CONDUCTOR EBRIO",9,"Tolcayuca"
"075","CONSUMO DE ALCOHOL EN VÍA PÚBLICA",2,"Tolcayuca"
"075","CONSUMO DE DROGAS EN VÍA PÚBLICA",5,"Tolcayuca"
"075","CONTAMINACIÓN DE SUELO, AIRE Y AGUA",3,"Tolcayuca"
"075","CONVULSIONES",11,"Tolcayuca"
"075","CORTO CIRCUITO",2,"Tolcayuca"
"075","DAÑO A PROPIEDAD AJENA",2,"Tolcayuca"
"075","DESCOMPENSACIÓN DE LA DIABETES/DESHIDRATACIÓN",4,"Tolcayuca"
"075","DETONACIÓN DE ARMA DE FUEGO",14,"Tolcayuca"
"075","DETONACIÓN DE COHETES O FUEGOS ARTIFICIALES",4,"Tolcayuca"
"075","DIFICULTAD RESPIRATORIA / URGENCIA RESPIRATORIA",6,"Tolcayuca"
"075","DOLOR ABDOMINAL / URGENCIA ABDOMINAL",7,"Tolcayuca"
"075","ENCHARCAMIENTO/ DESBORDAMIENTO DE RÍO",1,"Tolcayuca"
"075","ENJAMBRE DE ABEJAS",3,"Tolcayuca"
"075","EXTORSIÓN",2,"Tolcayuca"
"075","EXTORSIÓN TELEFÓNICA",9,"Tolcayuca"
"075","FALLECIDO DE CAUSA NATURAL",5,"Tolcayuca"
"075","FALLECIDO DE CAUSA TRAUMÁTICA",3,"Tolcayuca"
"075","FRACTURADO/TRAUMATISMO DE EXTREMIDADES",5,"Tolcayuca"
"075","FUGAS Y DERRAMES DE SUSTANCIAS QUÍMICAS",6,"Tolcayuca"
"075","GASES TÓXICOS",4,"Tolcayuca"
"075","GRAVA SUELTA",1,"Tolcayuca"
"075","HEMORRAGIA",2,"Tolcayuca"
"075","INCENDIO DE CASA HABITACIÓN",2,"Tolcayuca"
"075","INCENDIO DE FÁBRICA O INDUSTRIA",1,"Tolcayuca"
"075","INCENDIO DE VEHÍCULO",4,"Tolcayuca"
"075","INCENDIO FORESTAL",2,"Tolcayuca"
"075","INFARTO / URGENCIA CARDIOLÓGICA",1,"Tolcayuca"
"075","INFARTO CEREBRAL",1,"Tolcayuca"
"075","INTOXICACIÓN / SOBREDOSIS / ENVENENAMIENTO POR SUSTANCIAS",4,"Tolcayuca"
"075","INTOXICACIÓN ETÍLICA",3,"Tolcayuca"
"075","LESIONADO POR ARMA BLANCA",2,"Tolcayuca"
"075","MALTRATO DE ANIMALES",3,"Tolcayuca"
"075","MALTRATO INFANTIL",1,"Tolcayuca"
"075","MORDEDURA DE ANIMAL",4,"Tolcayuca"
"075","NOTIFICACIÓN DE CIBER INCIDENTE",1,"Tolcayuca"
"075","OBJETO SOSPECHOSO O PELIGROSO",14,"Tolcayuca"
"075","OTRAS ALARMAS DE EMERGENCIAS ACTIVADAS",93,"Tolcayuca"
"075","OTRAS FALTAS AL REGLAMENTO DE TRÁNSITO",5,"Tolcayuca"
"075","OTROS ACTOS RELACIONADOS CON EL PATRIMONIO",6,"Tolcayuca"
"075","OTROS ACTOS RELACIONADOS CON LA FAMILIA",4,"Tolcayuca"
"075","OTROS ACTOS RELACIONADOS CON LA LIBERTAD PERSONAL",1,"Tolcayuca"
"075","OTROS INCENDIOS",35,"Tolcayuca"
"075","OTROS INCIDENTES MÉDICOS CLINICOS",9,"Tolcayuca"
"075","OTROS INCIDENTES MÉDICOS TRAUMÁTICOS",4,"Tolcayuca"
"075","OTROS RESCATES",6,"Tolcayuca"
"075","OTROS TIPOS DE ALTERACIÓN AL ORDEN PÚBLICO",5,"Tolcayuca"
"075","PERSONA AGRESIVA",62,"Tolcayuca"
"075","PERSONA EN SITUACIÓN DE CALLE",2,"Tolcayuca"
"075","PERSONA INCONSCIENTE / URGENCIA NEUROLÓGICA",9,"Tolcayuca"
"075","PERSONA LOCALIZADA",2,"Tolcayuca"
"075","PERSONA NO LOCALIZADA",3,"Tolcayuca"
"075","PERSONA SOSPECHOSA",16,"Tolcayuca"
"075","PERSONA TIRADA EN VÍA PÚBLICA",9,"Tolcayuca"
"075","PORTACIÓN DE ARMAS O CARTUCHOS",13,"Tolcayuca"
"075","RESCATE ANIMAL",2,"Tolcayuca"
"075","RIÑA / PELEA CLANDESTINA",12,"Tolcayuca"
"075","ROBO A CASA HABITACIÓN SIN VIOLENCIA",1,"Tolcayuca"
"075","ROBO A NEGOCIO SIN VIOLENCIA",5,"Tolcayuca"
"075","ROBO A TRANSPORTISTA SIN VIOLENCIA",1,"Tolcayuca"
"075","ROBO DE AUTOPARTES O ACCESORIOS",1,"Tolcayuca"
"075","ROBO DE COMBUSTIBLE",1,"Tolcayuca"
"075","ROBO DE VEHÍCULO PARTICULAR SIN VIOLENCIA",11,"Tolcayuca"
"075","ROBO EN CARRETERA SIN VIOLENCIA",1,"Tolcayuca"
"075","RUIDO EXCESIVO",14,"Tolcayuca"
"075","SOLICITUD DE OTROS SERVICIOS PÚBLICOS",1,"Tolcayuca"
"075","SOLICITUD DE RONDÍN",1,"Tolcayuca"
"075","TENTATIVA DE ROBO",14,"Tolcayuca"
"075","URGENCIA EN PACIENTE EMBARAZADA",2,"Tolcayuca"
"075","URGENCIA POR ENFERMEDAD GENERAL",21,"Tolcayuca"
"075","VEHÍCULO A EXCESO DE VELOCIDAD",19,"Tolcayuca"
"075","VEHÍCULO ABANDONADO",3,"Tolcayuca"
"075","VEHÍCULO DESCOMPUESTO",57,"Tolcayuca"
"075","VEHÍCULO EN HUIDA",12,"Tolcayuca"
"075","VEHÍCULO RECUPERADO",5,"Tolcayuca"
"075","VEHÍCULO SOSPECHOSO",34,"Tolcayuca"
"075","VIALIDAD EN MAL ESTADO",6,"Tolcayuca"
"075","VIOLENCIA CONTRA LA MUJER",6,"Tolcayuca"
"075","VIOLENCIA DE PAREJA",22,"Tolcayuca"
"075","VIOLENCIA FAMILIAR",31,"Tolcayuca"
"075","ÁRBOL CAÍDO O POR CAER",1,"Tolcayuca"
"076","ABANDONO DE PERSONA",4,"Tula de Allende"
"076","ABUSO DE CONFIANZA",37,"Tula de Allende"
"076","ABUSO SEXUAL",3,"Tula de Allende"
"076","ACCIDENTE DE MOTOCICLETA CON FALLECIDO",4,"Tula de Allende"
"076","ACCIDENTE DE MOTOCICLETA CON LESIONADOS",308,"Tula de Allende"
"076","ACCIDENTE DE TRÁNSITO CON MUERTOS",1,"Tula de Allende"
"076","ACCIDENTE DE TRÁNSITO SIN LESIONADOS",366,"Tula de Allende"
"076","ACCIDENTE DE VEHÍCULO AUTOMOTOR CON FALLECIDO",2,"Tula de Allende"
"076","ACCIDENTE DE VEHÍCULO AUTOMOTOR CON LESIONADOS",165,"Tula de Allende"
"076","ACCIDENTE DE VEHÍCULO DE PASAJEROS CON LESIONADOS",13,"Tula de Allende"
"076","ACCIDENTE FERROVIARIO CON LESIONADOS",1,"Tula de Allende"
"076","ACCIDENTE MÚLTIPLE CON FALLECIDO",1,"Tula de Allende"
"076","ACCIDENTE MÚLTIPLE CON LESIONADOS",57,"Tula de Allende"
"076","ACOSO U HOSTIGAMIENTO SEXUAL",10,"Tula de Allende"
"076","AERONAVE SOSPECHOSA",7,"Tula de Allende"
"076","AFECTACIÓN DE LOS SERVICIOS BÁSICOS O DE INFRAESTRUCTURA ESTRATÉGICA",5,"Tula de Allende"
"076","AGRESIÓN FÍSICA EN PANDILLA",1,"Tula de Allende"
"076","AHOGAMIENTO",1,"Tula de Allende"
"076","ALCANTARILLA OBSTRUIDA",2,"Tula de Allende"
"076","ALCANTARILLA SIN TAPA",3,"Tula de Allende"
"076","ALLANAMIENTO DE MORADA",251,"Tula de Allende"
"076","ALMACENAMIENTO DE SUSTANCIAS PELIGROSAS",2,"Tula de Allende"
"076","ALTERACIÓN DEL ORDEN PÚBLICO POR PERSONA ALCOHOLIZADA",244,"Tula de Allende"
"076","ALTERACIÓN DEL ORDEN PÚBLICO POR PERSONA DROGADA",103,"Tula de Allende"
"076","AMENAZA",25,"Tula de Allende"
"076","AMENAZA DE ABORTO",2,"Tula de Allende"
"076","AMENAZA DE SUICIDIO",15,"Tula de Allende"
"076","ANIMAL MUERTO",5,"Tula de Allende"
"076","ANIMAL PELIGROSO",48,"Tula de Allende"
"076","ANIMALES SUELTOS",22,"Tula de Allende"
"076","APOYO A LA CIUDADANÍA",440,"Tula de Allende"
"076","APOYO A OTRO ESTADO",10,"Tula de Allende"
"076","ARRANCONES O CARRERAS DE VEHÍCULOS",28,"Tula de Allende"
"076","ASFIXIA",12,"Tula de Allende"
"076","ATAQUES AL PUDOR",1,"Tula de Allende"
"076","ATROPELLAMIENTO",40,"Tula de Allende"
"076","BLOQUEO O CORTE DE VÍAS DE COMUNICACIÓN",2,"Tula de Allende"
"076","CABLES COLGANDO",25,"Tula de Allende"
"076","CAÍDA",165,"Tula de Allende"
"076","CAÍDA DE BARDA",1,"Tula de Allende"
"076","CAÍDA DE POSTE",20,"Tula de Allende"
"076","CIRCULAR EN SENTIDO CONTRARIO",3,"Tula de Allende"
"076","CONDUCTOR EBRIO",52,"Tula de Allende"
"076","CONSUMO DE ALCOHOL EN VÍA PÚBLICA",94,"Tula de Allende"
"076","CONSUMO DE DROGAS EN VÍA PÚBLICA",47,"Tula de Allende"
"076","CONTAMINACIÓN DE SUELO, AIRE Y AGUA",37,"Tula de Allende"
"076","CONVULSIONES",75,"Tula de Allende"
"076","CORRUPCIÓN DE MENORES",2,"Tula de Allende"
"076","CORTO CIRCUITO",39,"Tula de Allende"
"076","DAÑO A BIENES PÚBLICOS, INSTITUCIONES, MONUMENTOS, ENTRE OTROS",23,"Tula de Allende"
"076","DAÑO A PROPIEDAD AJENA",33,"Tula de Allende"
"076","DERRUMBES",1,"Tula de Allende"
"076","DESCOMPENSACIÓN DE LA DIABETES/DESHIDRATACIÓN",26,"Tula de Allende"
"076","DESPOJO",1,"Tula de Allende"
"076","DETONACIÓN DE ARMA DE FUEGO",154,"Tula de Allende"
"076","DETONACIÓN DE COHETES O FUEGOS ARTIFICIALES",23,"Tula de Allende"
"076","DIFICULTAD RESPIRATORIA / URGENCIA RESPIRATORIA",54,"Tula de Allende"
"076","DOLOR ABDOMINAL / URGENCIA ABDOMINAL",30,"Tula de Allende"
"076","ELECTROCUTADO/LESIÓN POR CORRIENTE ELÉCTRICA",3,"Tula de Allende"
"076","ENCHARCAMIENTO/ DESBORDAMIENTO DE RÍO",12,"Tula de Allende"
"076","ENJAMBRE DE ABEJAS",30,"Tula de Allende"
"076","ENVENENAMIENTO POR ANIMAL DE PONZOÑA",1,"Tula de Allende"
"076","EXPLOSIÓN",2,"Tula de Allende"
"076","EXPLOTACIÓN DE MENORES",1,"Tula de Allende"
"076","EXTORSIÓN",14,"Tula de Allende"
"076","EXTORSIÓN TELEFÓNICA",38,"Tula de Allende"
"076","FALLA DE ALUMBRADO PÚBLICO",1,"Tula de Allende"
"076","FALLAS DE SEMÁFORO",10,"Tula de Allende"
"076","FALLECIDO DE CAUSA NATURAL",49,"Tula de Allende"
"076","FALLECIDO DE CAUSA TRAUMÁTICA",26,"Tula de Allende"
"076","FRACTURADO/TRAUMATISMO DE EXTREMIDADES",14,"Tula de Allende"
"076","FRAUDE",5,"Tula de Allende"
"076","FUGAS Y DERRAMES DE SUSTANCIAS QUÍMICAS",92,"Tula de Allende"
"076","GASES TÓXICOS",31,"Tula de Allende"
"076","GRAFITIS",2,"Tula de Allende"
"076","HEMORRAGIA",12,"Tula de Allende"
"076","HUNDIMIENTOS / AGRIETAMIENTOS / INESTABILIDAD DE LADERA",4,"Tula de Allende"
"076","INCENDIO DE CASA HABITACIÓN",28,"Tula de Allende"
"076","INCENDIO DE COMERCIO",2,"Tula de Allende"
"076","INCENDIO DE EDIFICIO",1,"Tula de Allende"
"076","INCENDIO DE VEHÍCULO",16,"Tula de Allende"
"076","INCENDIO FORESTAL",29,"Tula de Allende"
"076","INFARTO / URGENCIA CARDIOLÓGICA",13,"Tula de Allende"
"076","INFARTO CEREBRAL",2,"Tula de Allende"
"076","INTOXICACIÓN / SOBREDOSIS / ENVENENAMIENTO POR SUSTANCIAS",19,"Tula de Allende"
"076","INTOXICACIÓN ETÍLICA",6,"Tula de Allende"
"076","INUNDACIONES",24,"Tula de Allende"
"076","LESIONADO POR ARMA BLANCA",13,"Tula de Allende"
"076","MALTRATO DE ANIMALES",30,"Tula de Allende"
"076","MALTRATO INFANTIL",26,"Tula de Allende"
"076","MENOR EXTRAVIADO",6,"Tula de Allende"
"076","MORDEDURA DE ANIMAL",23,"Tula de Allende"
"076","NOTIFICACIÓN DE CIBER INCIDENTE",43,"Tula de Allende"
"076","OBJETO SOSPECHOSO O PELIGROSO",31,"Tula de Allende"
"076","OLORES FÉTIDOS",7,"Tula de Allende"
"076","OTRAS ALARMAS DE EMERGENCIAS ACTIVADAS",325,"Tula de Allende"
"076","OTRAS FALTAS AL REGLAMENTO DE TRÁNSITO",199,"Tula de Allende"
"076","OTROS ACTOS RELACIONADOS CON EL PATRIMONIO",108,"Tula de Allende"
"076","OTROS ACTOS RELACIONADOS CON LA FAMILIA",114,"Tula de Allende"
"076","OTROS ACTOS RELACIONADOS CON LA LIBERTAD PERSONAL",14,"Tula de Allende"
"076","OTROS ACTOS RELACIONADOS CON LA LIBERTAD Y LA SEGURIDAD SEXUAL",7,"Tula de Allende"
"076","OTROS ACTOS RELACIONADOS CON LA SEGURIDAD COLECTIVA",1,"Tula de Allende"
"076","OTROS ACTOS RELACIONADOS CON LA VIDA Y LA INTEGRIDAD PERSONAL",2,"Tula de Allende"
"076","OTROS ACTOS RELACIONADOS CON OTROS BIENES JURÍDICOS",4,"Tula de Allende"
"076","OTROS INCENDIOS",465,"Tula de Allende"
"076","OTROS INCIDENTES MÉDICOS CLINICOS",74,"Tula de Allende"
"076","OTROS INCIDENTES MÉDICOS TRAUMÁTICOS",46,"Tula de Allende"
"076","OTROS RESCATES",23,"Tula de Allende"
"076","OTROS TIPOS DE ALTERACIÓN AL ORDEN PÚBLICO",38,"Tula de Allende"
"076","PERSONA AGRESIVA",685,"Tula de Allende"
"076","PERSONA DETENIDA",36,"Tula de Allende"
"076","PERSONA EN CRISIS POR TRASTORNO MENTAL",16,"Tula de Allende"
"076","PERSONA EN SITUACIÓN DE CALLE",12,"Tula de Allende"
"076","PERSONA EXHIBICIONISTA",21,"Tula de Allende"
"076","PERSONA INCONSCIENTE / URGENCIA NEUROLÓGICA",143,"Tula de Allende"
"076","PERSONA LOCALIZADA",25,"Tula de Allende"
"076","PERSONA NO LOCALIZADA",34,"Tula de Allende"
"076","PERSONA SOSPECHOSA",418,"Tula de Allende"
"076","PERSONA TIRADA EN VÍA PÚBLICA",98,"Tula de Allende"
"076","PLAGAS",5,"Tula de Allende"
"076","PORTACIÓN DE ARMAS O CARTUCHOS",138,"Tula de Allende"
"076","QUEMADURAS",2,"Tula de Allende"
"076","RESCATE ANIMAL",79,"Tula de Allende"
"076","RIÑA / PELEA CLANDESTINA",197,"Tula de Allende"
"076","ROBO A CASA HABITACIÓN SIN VIOLENCIA",49,"Tula de Allende"
"076","ROBO A FERROCARRIL",7,"Tula de Allende"
"076","ROBO A NEGOCIO SIN VIOLENCIA",42,"Tula de Allende"
"076","ROBO A TRANSEÚNTE SIN VIOLENCIA",9,"Tula de Allende"
"076","ROBO A TRANSPORTISTA SIN VIOLENCIA",5,"Tula de Allende"
"076","ROBO DE ARTE SACRO",1,"Tula de Allende"
"076","ROBO DE AUTOPARTES O ACCESORIOS",6,"Tula de Allende"
"076","ROBO DE COMBUSTIBLE",82,"Tula de Allende"
"076","ROBO DE GANADO",2,"Tula de Allende"
"076","ROBO DE PLACA",1,"Tula de Allende"
"076","ROBO DE VEHÍCULO PARTICULAR SIN VIOLENCIA",178,"Tula de Allende"
"076","ROBO EN CARRETERA SIN VIOLENCIA",1,"Tula de Allende"
"076","RUIDO EXCESIVO",196,"Tula de Allende"
"076","SOLICITUD DE OTROS SERVICIOS PÚBLICOS",2,"Tula de Allende"
"076","SOLICITUD DE RONDÍN",53,"Tula de Allende"
"076","SUICIDIO",9,"Tula de Allende"
"076","SUSTRACCIÓN DE MENORES",16,"Tula de Allende"
"076","TALA ILEGAL",10,"Tula de Allende"
"076","TENTATIVA DE ROBO",110,"Tula de Allende"
"076","TRABAJO DE PARTO",7,"Tula de Allende"
"076","TRAUMATISMO DE CRÁNEO",3,"Tula de Allende"
"076","TRAUMATISMOS MÚLTIPLES",5,"Tula de Allende"
"076","TRÁFICO DE DROGAS Y ESTUPEFACIENTES EN VÍA PÚBLICA",1,"Tula de Allende"
"076","URGENCIA EN PACIENTE EMBARAZADA",8,"Tula de Allende"
"076","URGENCIA POR ENFERMEDAD GENERAL",108,"Tula de Allende"
"076","VEHÍCULO A EXCESO DE VELOCIDAD",46,"Tula de Allende"
"076","VEHÍCULO ABANDONADO",60,"Tula de Allende"
"076","VEHÍCULO DESCOMPUESTO",98,"Tula de Allende"
"076","VEHÍCULO EN HUIDA",79,"Tula de Allende"
"076","VEHÍCULO RECUPERADO",28,"Tula de Allende"
"076","VEHÍCULO SOSPECHOSO",426,"Tula de Allende"
"076","VIALIDAD EN MAL ESTADO",5,"Tula de Allende"
"076","VIOLACIÓN",1,"Tula de Allende"
"076","VIOLENCIA CONTRA LA MUJER",137,"Tula de Allende"
"076","VIOLENCIA DE PAREJA",354,"Tula de Allende"
"076","VIOLENCIA FAMILIAR",325,"Tula de Allende"
"076","ÁRBOL CAÍDO O POR CAER",48,"Tula de Allende"
"077","ABANDONO DE PERSONA",5,"Tulancingo de Bravo"
"077","ABUSO DE CONFIANZA",49,"Tulancingo de Bravo"
"077","ABUSO SEXUAL",5,"Tulancingo de Bravo"
"077","ACCIDENTE DE MOTOCICLETA CON FALLECIDO",5,"Tulancingo de Bravo"
"077","ACCIDENTE DE MOTOCICLETA CON LESIONADOS",478,"Tulancingo de Bravo"
"077","ACCIDENTE DE TRÁNSITO CON MUERTOS",3,"Tulancingo de Bravo"
"077","ACCIDENTE DE TRÁNSITO SIN LESIONADOS",516,"Tulancingo de Bravo"
"077","ACCIDENTE DE VEHÍCULO AUTOMOTOR CON FALLECIDO",13,"Tulancingo de Bravo"
"077","ACCIDENTE DE VEHÍCULO AUTOMOTOR CON LESIONADOS",225,"Tulancingo de Bravo"
"077","ACCIDENTE DE VEHÍCULO DE PASAJEROS CON FALLECIDO",1,"Tulancingo de Bravo"
"077","ACCIDENTE DE VEHÍCULO DE PASAJEROS CON LESIONADOS",27,"Tulancingo de Bravo"
"077","ACCIDENTE MÚLTIPLE CON FALLECIDO",3,"Tulancingo de Bravo"
"077","ACCIDENTE MÚLTIPLE CON LESIONADOS",98,"Tulancingo de Bravo"
"077","ACOSO U HOSTIGAMIENTO SEXUAL",23,"Tulancingo de Bravo"
"077","ACTIVACIÓN DE ALARMA EN ESCUELA",1,"Tulancingo de Bravo"
"077","AERONAVE SOSPECHOSA",7,"Tulancingo de Bravo"
"077","AFECTACIÓN DE LOS SERVICIOS BÁSICOS O DE INFRAESTRUCTURA ESTRATÉGICA",4,"Tulancingo de Bravo"
"077","AGRESIÓN FÍSICA EN PANDILLA",4,"Tulancingo de Bravo"
"077","AHOGAMIENTO",2,"Tulancingo de Bravo"
"077","ALCANTARILLA OBSTRUIDA",1,"Tulancingo de Bravo"
"077","ALLANAMIENTO DE MORADA",352,"Tulancingo de Bravo"
"077","ALMACENAMIENTO DE SUSTANCIAS PELIGROSAS",3,"Tulancingo de Bravo"
"077","ALTERACIÓN DEL ORDEN PÚBLICO POR PERSONA ALCOHOLIZADA",554,"Tulancingo de Bravo"
"077","ALTERACIÓN DEL ORDEN PÚBLICO POR PERSONA DROGADA",188,"Tulancingo de Bravo"
"077","AMENAZA",33,"Tulancingo de Bravo"
"077","AMENAZA DE ABORTO",7,"Tulancingo de Bravo"
"077","AMENAZA DE SUICIDIO",34,"Tulancingo de Bravo"
"077","AMPUTACIÓN",1,"Tulancingo de Bravo"
"077","ANIMAL MUERTO",8,"Tulancingo de Bravo"
"077","ANIMAL PELIGROSO",50,"Tulancingo de Bravo"
"077","ANIMALES SUELTOS",16,"Tulancingo de Bravo"
"077","APOYO A LA CIUDADANÍA",664,"Tulancingo de Bravo"
"077","APOYO A OTRO ESTADO",49,"Tulancingo de Bravo"
"077","ARRANCONES O CARRERAS DE VEHÍCULOS",49,"Tulancingo de Bravo"
"077","ASFIXIA",14,"Tulancingo de Bravo"
"077","ASOCIACIÓN DELICTUOSA O PANDILLERISMO",1,"Tulancingo de Bravo"
"077","ATAQUES AL PUDOR",9,"Tulancingo de Bravo"
"077","ATROPELLAMIENTO",73,"Tulancingo de Bravo"
"077","BLOQUEO O CORTE DE VÍAS DE COMUNICACIÓN",6,"Tulancingo de Bravo"
"077","CABLES COLGANDO",25,"Tulancingo de Bravo"
"077","CAÍDA",236,"Tulancingo de Bravo"
"077","CAÍDA DE POSTE",8,"Tulancingo de Bravo"
"077","CIRCULAR EN SENTIDO CONTRARIO",7,"Tulancingo de Bravo"
"077","CONCENTRACIÓN PACÍFICA DE PERSONAS",1,"Tulancingo de Bravo"
"077","CONDUCTOR EBRIO",76,"Tulancingo de Bravo"
"077","CONSUMO DE ALCOHOL EN VÍA PÚBLICA",196,"Tulancingo de Bravo"
"077","CONSUMO DE DROGAS EN VÍA PÚBLICA",80,"Tulancingo de Bravo"
"077","CONTAMINACIÓN DE SUELO, AIRE Y AGUA",38,"Tulancingo de Bravo"
"077","CONVULSIONES",144,"Tulancingo de Bravo"
"077","CORRUPCIÓN DE MENORES",1,"Tulancingo de Bravo"
"077","CORTO CIRCUITO",42,"Tulancingo de Bravo"
"077","DAÑO A BIENES PÚBLICOS, INSTITUCIONES, MONUMENTOS, ENTRE OTROS",20,"Tulancingo de Bravo"
"077","DAÑO A PROPIEDAD AJENA",78,"Tulancingo de Bravo"
"077","DESCARGA DE DESECHOS SIN PERMISOS",4,"Tulancingo de Bravo"
"077","DESCOMPENSACIÓN DE LA DIABETES/DESHIDRATACIÓN",36,"Tulancingo de Bravo"
"077","DESPOJO",1,"Tulancingo de Bravo"
"077","DETONACIÓN DE ARMA DE FUEGO",225,"Tulancingo de Bravo"
"077","DETONACIÓN DE COHETES O FUEGOS ARTIFICIALES",140,"Tulancingo de Bravo"
"077","DIFICULTAD RESPIRATORIA / URGENCIA RESPIRATORIA",142,"Tulancingo de Bravo"
"077","DOLOR ABDOMINAL / URGENCIA ABDOMINAL",31,"Tulancingo de Bravo"
"077","ELECTROCUTADO/LESIÓN POR CORRIENTE ELÉCTRICA",2,"Tulancingo de Bravo"
"077","ENCHARCAMIENTO/ DESBORDAMIENTO DE RÍO",1,"Tulancingo de Bravo"
"077","ENJAMBRE DE ABEJAS",46,"Tulancingo de Bravo"
"077","ENVENENAMIENTO POR ANIMAL DE PONZOÑA",10,"Tulancingo de Bravo"
"077","EXPLOSIÓN",5,"Tulancingo de Bravo"
"077","EXTORSIÓN",18,"Tulancingo de Bravo"
"077","EXTORSIÓN TELEFÓNICA",56,"Tulancingo de Bravo"
"077","EXTRAVÍO DE PLACA",2,"Tulancingo de Bravo"
"077","FALLAS DE SEMÁFORO",24,"Tulancingo de Bravo"
"077","FALLECIDO DE CAUSA NATURAL",71,"Tulancingo de Bravo"
"077","FALLECIDO DE CAUSA TRAUMÁTICA",26,"Tulancingo de Bravo"
"077","FRACTURADO/TRAUMATISMO DE EXTREMIDADES",22,"Tulancingo de Bravo"
"077","FRAUDE",22,"Tulancingo de Bravo"
"077","FUGAS Y DERRAMES DE SUSTANCIAS QUÍMICAS",75,"Tulancingo de Bravo"
"077","FUGAS Y DERRAMES EN ESCUELA",1,"Tulancingo de Bravo"
"077","GASES TÓXICOS",40,"Tulancingo de Bravo"
"077","GRAFITIS",6,"Tulancingo de Bravo"
"077","HEMORRAGIA",19,"Tulancingo de Bravo"
"077","HUNDIMIENTOS / AGRIETAMIENTOS / INESTABILIDAD DE LADERA",2,"Tulancingo de Bravo"
"077","INCENDIO DE CASA HABITACIÓN",47,"Tulancingo de Bravo"
"077","INCENDIO DE COMERCIO",10,"Tulancingo de Bravo"
"077","INCENDIO DE FÁBRICA O INDUSTRIA",2,"Tulancingo de Bravo"
"077","INCENDIO DE VEHÍCULO",22,"Tulancingo de Bravo"
"077","INCENDIO FORESTAL",7,"Tulancingo de Bravo"
"077","INFARTO / URGENCIA CARDIOLÓGICA",22,"Tulancingo de Bravo"
"077","INFARTO CEREBRAL",1,"Tulancingo de Bravo"
"077","INTOXICACIÓN / SOBREDOSIS / ENVENENAMIENTO POR SUSTANCIAS",32,"Tulancingo de Bravo"
"077","INTOXICACIÓN ETÍLICA",25,"Tulancingo de Bravo"
"077","INUNDACIONES",28,"Tulancingo de Bravo"
"077","LESIONADO POR ARMA BLANCA",26,"Tulancingo de Bravo"
"077","MALTRATO DE ANIMALES",37,"Tulancingo de Bravo"
"077","MALTRATO INFANTIL",34,"Tulancingo de Bravo"
"077","MANIFESTACIÓN CON DISTURBIOS O BLOQUEOS",1,"Tulancingo de Bravo"
"077","MENOR EXTRAVIADO",10,"Tulancingo de Bravo"
"077","MORDEDURA DE ANIMAL",26,"Tulancingo de Bravo"
"077","NOTIFICACIÓN DE CIBER INCIDENTE",58,"Tulancingo de Bravo"
"077","OBJETO SOSPECHOSO O PELIGROSO",31,"Tulancingo de Bravo"
"077","OLORES FÉTIDOS",6,"Tulancingo de Bravo"
"077","OTRAS ALARMAS DE EMERGENCIAS ACTIVADAS",398,"Tulancingo de Bravo"
"077","OTRAS FALTAS AL REGLAMENTO DE TRÁNSITO",262,"Tulancingo de Bravo"
"077","OTROS ACCIDENTES CON LESIONADOS",3,"Tulancingo de Bravo"
"077","OTROS ACTOS RELACIONADOS CON EL PATRIMONIO",217,"Tulancingo de Bravo"
"077","OTROS ACTOS RELACIONADOS CON LA FAMILIA",189,"Tulancingo de Bravo"
"077","OTROS ACTOS RELACIONADOS CON LA LIBERTAD PERSONAL",47,"Tulancingo de Bravo"
"077","OTROS ACTOS RELACIONADOS CON LA LIBERTAD Y LA SEGURIDAD SEXUAL",4,"Tulancingo de Bravo"
"077","OTROS ACTOS RELACIONADOS CON LA SEGURIDAD COLECTIVA",1,"Tulancingo de Bravo"
"077","OTROS ACTOS RELACIONADOS CON LA VIDA Y LA INTEGRIDAD PERSONAL",2,"Tulancingo de Bravo"
"077","OTROS ACTOS RELACIONADOS CON OTROS BIENES JURÍDICOS",6,"Tulancingo de Bravo"
"077","OTROS INCENDIOS",492,"Tulancingo de Bravo"
"077","OTROS INCIDENTES MÉDICOS CLINICOS",107,"Tulancingo de Bravo"
"077","OTROS INCIDENTES MÉDICOS TRAUMÁTICOS",85,"Tulancingo de Bravo"
"077","OTROS RESCATES",25,"Tulancingo de Bravo"
"077","OTROS TIPOS DE ALTERACIÓN AL ORDEN PÚBLICO",73,"Tulancingo de Bravo"
"077","PARO CARDIORRESPIRATORIO",1,"Tulancingo de Bravo"
"077","PELEA CLANDESTINA CON ANIMALES",1,"Tulancingo de Bravo"
"077","PERSONA AGRESIVA",1160,"Tulancingo de Bravo"
"077","PERSONA DETENIDA",66,"Tulancingo de Bravo"
"077","PERSONA EN CRISIS POR TRASTORNO MENTAL",14,"Tulancingo de Bravo"
"077","PERSONA EN SITUACIÓN DE CALLE",23,"Tulancingo de Bravo"
"077","PERSONA EXHIBICIONISTA",37,"Tulancingo de Bravo"
"077","PERSONA INCONSCIENTE / URGENCIA NEUROLÓGICA",268,"Tulancingo de Bravo"
"077","PERSONA LOCALIZADA",37,"Tulancingo de Bravo"
"077","PERSONA NO LOCALIZADA",44,"Tulancingo de Bravo"
"077","PERSONA SOSPECHOSA",935,"Tulancingo de Bravo"
"077","PERSONA TIRADA EN VÍA PÚBLICA",262,"Tulancingo de Bravo"
"077","PLAGAS",3,"Tulancingo de Bravo"
"077","PORTACIÓN DE ARMAS O CARTUCHOS",161,"Tulancingo de Bravo"
"077","QUEMADURAS",4,"Tulancingo de Bravo"
"077","RESCATE ANIMAL",82,"Tulancingo de Bravo"
"077","RIÑA / PELEA CLANDESTINA",422,"Tulancingo de Bravo"
"077","ROBO A CASA HABITACIÓN SIN VIOLENCIA",77,"Tulancingo de Bravo"
"077","ROBO A NEGOCIO SIN VIOLENCIA",85,"Tulancingo de Bravo"
"077","ROBO A TRANSEÚNTE SIN VIOLENCIA",31,"Tulancingo de Bravo"
"077","ROBO A TRANSPORTISTA SIN VIOLENCIA",2,"Tulancingo de Bravo"
"077","ROBO DE ARTE SACRO",2,"Tulancingo de Bravo"
"077","ROBO DE AUTOPARTES O ACCESORIOS",29,"Tulancingo de Bravo"
"077","ROBO DE COMBUSTIBLE",1,"Tulancingo de Bravo"
"077","ROBO DE GANADO",2,"Tulancingo de Bravo"
"077","ROBO DE PLACA",9,"Tulancingo de Bravo"
"077","ROBO DE VEHÍCULO PARTICULAR SIN VIOLENCIA",393,"Tulancingo de Bravo"
"077","RUIDO EXCESIVO",536,"Tulancingo de Bravo"
"077","SOLICITUD DE RONDÍN",72,"Tulancingo de Bravo"
"077","SUICIDIO",8,"Tulancingo de Bravo"
"077","SUSTRACCIÓN DE MENORES",9,"Tulancingo de Bravo"
"077","TALA ILEGAL",13,"Tulancingo de Bravo"
"077","TENTATIVA DE ROBO",173,"Tulancingo de Bravo"
"077","TRABAJO DE PARTO",8,"Tulancingo de Bravo"
"077","TRAFICO Y/O VENTA CLANDESTINA DE ANIMALES",3,"Tulancingo de Bravo"
"077","TRATA DE MENORES",1,"Tulancingo de Bravo"
"077","TRATA DE PERSONAS",2,"Tulancingo de Bravo"
"077","TRAUMATISMO DE CRÁNEO",3,"Tulancingo de Bravo"
"077","TRAUMATISMO DE TÓRAX (PECHO Y/O ESPALDA)",2,"Tulancingo de Bravo"
"077","TRAUMATISMOS MÚLTIPLES",6,"Tulancingo de Bravo"
"077","URGENCIA EN PACIENTE EMBARAZADA",15,"Tulancingo de Bravo"
"077","URGENCIA POR ENFERMEDAD GENERAL",183,"Tulancingo de Bravo"
"077","VEHÍCULO A EXCESO DE VELOCIDAD",67,"Tulancingo de Bravo"
"077","VEHÍCULO ABANDONADO",95,"Tulancingo de Bravo"
"077","VEHÍCULO DESCOMPUESTO",82,"Tulancingo de Bravo"
"077","VEHÍCULO EN HUIDA",141,"Tulancingo de Bravo"
"077","VEHÍCULO RECUPERADO",35,"Tulancingo de Bravo"
"077","VEHÍCULO SOSPECHOSO",632,"Tulancingo de Bravo"
"077","VENTA CLANDESTINA DE PIROTECNIA, COHETES O FUEGOS ARTIFICIALES",6,"Tulancingo de Bravo"
"077","VIALIDAD EN MAL ESTADO",5,"Tulancingo de Bravo"
"077","VIOLACIÓN",6,"Tulancingo de Bravo"
"077","VIOLENCIA CONTRA LA MUJER",196,"Tulancingo de Bravo"
"077","VIOLENCIA DE PAREJA",449,"Tulancingo de Bravo"
"077","VIOLENCIA FAMILIAR",460,"Tulancingo de Bravo"
"077","ÁRBOL CAÍDO O POR CAER",19,"Tulancingo de Bravo"
"078","ACCIDENTE DE MOTOCICLETA CON LESIONADOS",1,"Xochiatipan"
"078","ACCIDENTE DE TRÁNSITO SIN LESIONADOS",2,"Xochiatipan"
"078","ACCIDENTE DE VEHÍCULO AUTOMOTOR CON LESIONADOS",2,"Xochiatipan"
"078","ALLANAMIENTO DE MORADA",1,"Xochiatipan"
"078","ALTERACIÓN DEL ORDEN PÚBLICO POR PERSONA ALCOHOLIZADA",1,"Xochiatipan"
"078","APOYO A LA CIUDADANÍA",1,"Xochiatipan"
"078","CAÍDA",1,"Xochiatipan"
"078","ENVENENAMIENTO POR ANIMAL DE PONZOÑA",2,"Xochiatipan"
"078","EXTORSIÓN TELEFÓNICA",2,"Xochiatipan"
"078","INUNDACIONES",1,"Xochiatipan"
"078","LESIONADO POR ARMA BLANCA",2,"Xochiatipan"
"078","MALTRATO INFANTIL",1,"Xochiatipan"
"078","OTRAS ALARMAS DE EMERGENCIAS ACTIVADAS",20,"Xochiatipan"
"078","OTROS ACTOS RELACIONADOS CON LA FAMILIA",1,"Xochiatipan"
"078","OTROS ACTOS RELACIONADOS CON LA LIBERTAD PERSONAL",1,"Xochiatipan"
"078","OTROS TIPOS DE ALTERACIÓN AL ORDEN PÚBLICO",1,"Xochiatipan"
"078","PERSONA AGRESIVA",5,"Xochiatipan"
"078","PERSONA DETENIDA",1,"Xochiatipan"
"078","RUIDO EXCESIVO",2,"Xochiatipan"
"078","VIOLENCIA FAMILIAR",4,"Xochiatipan"
"079","ACCIDENTE DE TRÁNSITO SIN LESIONADOS",2,"Xochicoatlán"
"079","ACCIDENTE DE VEHÍCULO AUTOMOTOR CON FALLECIDO",1,"Xochicoatlán"
"079","ACCIDENTE DE VEHÍCULO AUTOMOTOR CON LESIONADOS",1,"Xochicoatlán"
"079","ALTERACIÓN DEL ORDEN PÚBLICO POR PERSONA ALCOHOLIZADA",2,"Xochicoatlán"
"079","APOYO A LA CIUDADANÍA",3,"Xochicoatlán"
"079","CAÍDA DE BARDA",1,"Xochicoatlán"
"079","FUGAS Y DERRAMES DE SUSTANCIAS QUÍMICAS",2,"Xochicoatlán"
"079","OTRAS ALARMAS DE EMERGENCIAS ACTIVADAS",7,"Xochicoatlán"
"079","OTROS ACTOS RELACIONADOS CON LA FAMILIA",1,"Xochicoatlán"
"079","OTROS INCENDIOS",1,"Xochicoatlán"
"079","PERSONA AGRESIVA",3,"Xochicoatlán"
"079","TENTATIVA DE ROBO",1,"Xochicoatlán"
"079","TRABAJO DE PARTO",1,"Xochicoatlán"
"079","URGENCIA POR ENFERMEDAD GENERAL",1,"Xochicoatlán"
"079","VEHÍCULO A EXCESO DE VELOCIDAD",1,"Xochicoatlán"
"079","VEHÍCULO DESCOMPUESTO",1,"Xochicoatlán"
"079","VIOLENCIA CONTRA LA MUJER",1,"Xochicoatlán"
"079","VIOLENCIA FAMILIAR",2,"Xochicoatlán"
"080","ACCIDENTE DE MOTOCICLETA CON LESIONADOS",3,"Yahualica"
"080","ACCIDENTE DE TRÁNSITO SIN LESIONADOS",4,"Yahualica"
"080","ACCIDENTE DE VEHÍCULO AUTOMOTOR CON LESIONADOS",1,"Yahualica"
"080","ACCIDENTE MÚLTIPLE CON LESIONADOS",1,"Yahualica"
"080","ACOSO U HOSTIGAMIENTO SEXUAL",1,"Yahualica"
"080","ALTERACIÓN DEL ORDEN PÚBLICO POR PERSONA ALCOHOLIZADA",2,"Yahualica"
"080","APOYO A LA CIUDADANÍA",5,"Yahualica"
"080","APOYO A OTRO ESTADO",1,"Yahualica"
"080","ATROPELLAMIENTO",1,"Yahualica"
"080","BLOQUEO O CORTE DE VÍAS DE COMUNICACIÓN",1,"Yahualica"
"080","CONDUCTOR EBRIO",2,"Yahualica"
"080","CONSUMO DE ALCOHOL EN VÍA PÚBLICA",1,"Yahualica"
"080","CONVULSIONES",2,"Yahualica"
"080","CORTO CIRCUITO",1,"Yahualica"
"080","DERRUMBES",1,"Yahualica"
"080","DETONACIÓN DE ARMA DE FUEGO",2,"Yahualica"
"080","DETONACIÓN DE COHETES O FUEGOS ARTIFICIALES",1,"Yahualica"
"080","DOLOR ABDOMINAL / URGENCIA ABDOMINAL",1,"Yahualica"
"080","EXTORSIÓN TELEFÓNICA",1,"Yahualica"
"080","INCENDIO DE CASA HABITACIÓN",1,"Yahualica"
"080","INTOXICACIÓN / SOBREDOSIS / ENVENENAMIENTO POR SUSTANCIAS",1,"Yahualica"
"080","LESIONADO POR ARMA BLANCA",1,"Yahualica"
"080","OTRAS ALARMAS DE EMERGENCIAS ACTIVADAS",42,"Yahualica"
"080","OTROS ACTOS RELACIONADOS CON LA LIBERTAD PERSONAL",1,"Yahualica"
"080","OTROS INCIDENTES MÉDICOS CLINICOS",1,"Yahualica"
"080","PERSONA AGRESIVA",6,"Yahualica"
"080","PERSONA DETENIDA",2,"Yahualica"
"080","PERSONA INCONSCIENTE / URGENCIA NEUROLÓGICA",1,"Yahualica"
"080","PERSONA TIRADA EN VÍA PÚBLICA",2,"Yahualica"
"080","PORTACIÓN DE ARMAS O CARTUCHOS",1,"Yahualica"
"080","RIÑA / PELEA CLANDESTINA",2,"Yahualica"
"080","ROBO A CASA HABITACIÓN SIN VIOLENCIA",1,"Yahualica"
"080","RUIDO EXCESIVO",1,"Yahualica"
"080","SUSTRACCIÓN DE MENORES",1,"Yahualica"
"080","TRAUMATISMOS MÚLTIPLES",1,"Yahualica"
"080","VEHÍCULO DESCOMPUESTO",1,"Yahualica"
"080","VEHÍCULO EN HUIDA",1,"Yahualica"
"080","VEHÍCULO SOSPECHOSO",1,"Yahualica"
"080","VIOLENCIA CONTRA LA MUJER",1,"Yahualica"
"080","VIOLENCIA DE PAREJA",1,"Yahualica"
"080","VIOLENCIA FAMILIAR",6,"Yahualica"
"081","ABUSO DE CONFIANZA",1,"Zacualtipán de Ángeles"
"081","ACCIDENTE DE MOTOCICLETA CON LESIONADOS",24,"Zacualtipán de Ángeles"
"081","ACCIDENTE DE TRÁNSITO CON MUERTOS",1,"Zacualtipán de Ángeles"
"081","ACCIDENTE DE TRÁNSITO SIN LESIONADOS",16,"Zacualtipán de Ángeles"
"081","ACCIDENTE DE VEHÍCULO AUTOMOTOR CON LESIONADOS",14,"Zacualtipán de Ángeles"
"081","ACCIDENTE MÚLTIPLE CON FALLECIDO",1,"Zacualtipán de Ángeles"
"081","ACCIDENTE MÚLTIPLE CON LESIONADOS",4,"Zacualtipán de Ángeles"
"081","ACOSO U HOSTIGAMIENTO SEXUAL",3,"Zacualtipán de Ángeles"
"081","AFECTACIÓN DE LOS SERVICIOS BÁSICOS O DE INFRAESTRUCTURA ESTRATÉGICA",1,"Zacualtipán de Ángeles"
"081","ALLANAMIENTO DE MORADA",10,"Zacualtipán de Ángeles"
"081","ALTERACIÓN DEL ORDEN PÚBLICO POR PERSONA ALCOHOLIZADA",39,"Zacualtipán de Ángeles"
"081","ALTERACIÓN DEL ORDEN PÚBLICO POR PERSONA DROGADA",12,"Zacualtipán de Ángeles"
"081","AMENAZA",1,"Zacualtipán de Ángeles"
"081","AMENAZA DE SUICIDIO",1,"Zacualtipán de Ángeles"
"081","ANIMAL PELIGROSO",5,"Zacualtipán de Ángeles"
"081","ANIMALES SUELTOS",1,"Zacualtipán de Ángeles"
"081","APOYO A LA CIUDADANÍA",37,"Zacualtipán de Ángeles"
"081","ATROPELLAMIENTO",4,"Zacualtipán de Ángeles"
"081","BLOQUEO O CORTE DE VÍAS DE COMUNICACIÓN",1,"Zacualtipán de Ángeles"
"081","CABLES COLGANDO",3,"Zacualtipán de Ángeles"
"081","CAÍDA",8,"Zacualtipán de Ángeles"
"081","CAÍDA DE POSTE",1,"Zacualtipán de Ángeles"
"081","CIRCULAR EN SENTIDO CONTRARIO",1,"Zacualtipán de Ángeles"
"081","CONDUCTOR EBRIO",5,"Zacualtipán de Ángeles"
"081","CONSUMO DE ALCOHOL EN VÍA PÚBLICA",12,"Zacualtipán de Ángeles"
"081","CONSUMO DE DROGAS EN VÍA PÚBLICA",5,"Zacualtipán de Ángeles"
"081","CONTAMINACIÓN DE SUELO, AIRE Y AGUA",6,"Zacualtipán de Ángeles"
"081","CONVULSIONES",11,"Zacualtipán de Ángeles"
"081","CORTO CIRCUITO",5,"Zacualtipán de Ángeles"
"081","DAÑO A BIENES PÚBLICOS, INSTITUCIONES, MONUMENTOS, ENTRE OTROS",2,"Zacualtipán de Ángeles"
"081","DAÑO A PROPIEDAD AJENA",2,"Zacualtipán de Ángeles"
"081","DERRUMBES",1,"Zacualtipán de Ángeles"
"081","DESCOMPENSACIÓN DE LA DIABETES/DESHIDRATACIÓN",1,"Zacualtipán de Ángeles"
"081","DETONACIÓN DE ARMA DE FUEGO",27,"Zacualtipán de Ángeles"
"081","DETONACIÓN DE COHETES O FUEGOS ARTIFICIALES",3,"Zacualtipán de Ángeles"
"081","DIFICULTAD RESPIRATORIA / URGENCIA RESPIRATORIA",9,"Zacualtipán de Ángeles"
"081","DOLOR ABDOMINAL / URGENCIA ABDOMINAL",4,"Zacualtipán de Ángeles"
"081","ENJAMBRE DE ABEJAS",1,"Zacualtipán de Ángeles"
"081","EXPLOSIÓN",1,"Zacualtipán de Ángeles"
"081","EXTORSIÓN",1,"Zacualtipán de Ángeles"
"081","EXTORSIÓN TELEFÓNICA",1,"Zacualtipán de Ángeles"
"081","EXTRAVÍO DE PLACA",1,"Zacualtipán de Ángeles"
"081","FALLECIDO DE CAUSA NATURAL",8,"Zacualtipán de Ángeles"
"081","FRACTURADO/TRAUMATISMO DE EXTREMIDADES",1,"Zacualtipán de Ángeles"
"081","FRAUDE",1,"Zacualtipán de Ángeles"
"081","FUGAS Y DERRAMES DE SUSTANCIAS QUÍMICAS",5,"Zacualtipán de Ángeles"
"081","GASES TÓXICOS",2,"Zacualtipán de Ángeles"
"081","HEMORRAGIA",3,"Zacualtipán de Ángeles"
"081","INCENDIO DE CASA HABITACIÓN",3,"Zacualtipán de Ángeles"
"081","INCENDIO DE FÁBRICA O INDUSTRIA",1,"Zacualtipán de Ángeles"
"081","INCENDIO DE VEHÍCULO",1,"Zacualtipán de Ángeles"
"081","INCENDIO FORESTAL",7,"Zacualtipán de Ángeles"
"081","INFARTO / URGENCIA CARDIOLÓGICA",2,"Zacualtipán de Ángeles"
"081","INFARTO CEREBRAL",1,"Zacualtipán de Ángeles"
"081","INTOXICACIÓN / SOBREDOSIS / ENVENENAMIENTO POR SUSTANCIAS",3,"Zacualtipán de Ángeles"
"081","INUNDACIONES",1,"Zacualtipán de Ángeles"
"081","LESIONADO POR ARMA BLANCA",7,"Zacualtipán de Ángeles"
"081","MALTRATO DE ANIMALES",4,"Zacualtipán de Ángeles"
"081","MALTRATO INFANTIL",2,"Zacualtipán de Ángeles"
"081","MORDEDURA DE ANIMAL",3,"Zacualtipán de Ángeles"
"081","NOTIFICACIÓN DE CIBER INCIDENTE",3,"Zacualtipán de Ángeles"
"081","OBJETO SOSPECHOSO O PELIGROSO",1,"Zacualtipán de Ángeles"
"081","OLORES FÉTIDOS",1,"Zacualtipán de Ángeles"
"081","OTRAS ALARMAS DE EMERGENCIAS ACTIVADAS",64,"Zacualtipán de Ángeles"
"081","OTRAS FALTAS AL REGLAMENTO DE TRÁNSITO",15,"Zacualtipán de Ángeles"
"081","OTROS ACTOS RELACIONADOS CON EL PATRIMONIO",4,"Zacualtipán de Ángeles"
"081","OTROS ACTOS RELACIONADOS CON LA FAMILIA",10,"Zacualtipán de Ángeles"
"081","OTROS ACTOS RELACIONADOS CON LA LIBERTAD PERSONAL",1,"Zacualtipán de Ángeles"
"081","OTROS INCENDIOS",18,"Zacualtipán de Ángeles"
"081","OTROS INCIDENTES MÉDICOS CLINICOS",7,"Zacualtipán de Ángeles"
"081","OTROS INCIDENTES MÉDICOS TRAUMÁTICOS",4,"Zacualtipán de Ángeles"
"081","OTROS RESCATES",3,"Zacualtipán de Ángeles"
"081","OTROS TIPOS DE ALTERACIÓN AL ORDEN PÚBLICO",7,"Zacualtipán de Ángeles"
"081","PELEA CLANDESTINA CON ANIMALES",1,"Zacualtipán de Ángeles"
"081","PERSONA AGRESIVA",49,"Zacualtipán de Ángeles"
"081","PERSONA DETENIDA",3,"Zacualtipán de Ángeles"
"081","PERSONA EN SITUACIÓN DE CALLE",3,"Zacualtipán de Ángeles"
"081","PERSONA EXHIBICIONISTA",1,"Zacualtipán de Ángeles"
"081","PERSONA INCONSCIENTE / URGENCIA NEUROLÓGICA",15,"Zacualtipán de Ángeles"
"081","PERSONA LOCALIZADA",2,"Zacualtipán de Ángeles"
"081","PERSONA NO LOCALIZADA",5,"Zacualtipán de Ángeles"
"081","PERSONA SOSPECHOSA",28,"Zacualtipán de Ángeles"
"081","PERSONA TIRADA EN VÍA PÚBLICA",13,"Zacualtipán de Ángeles"
"081","PLAGAS",1,"Zacualtipán de Ángeles"
"081","PORTACIÓN DE ARMAS O CARTUCHOS",5,"Zacualtipán de Ángeles"
"081","RIÑA / PELEA CLANDESTINA",28,"Zacualtipán de Ángeles"
"081","ROBO A CASA HABITACIÓN SIN VIOLENCIA",5,"Zacualtipán de Ángeles"
"081","ROBO A NEGOCIO SIN VIOLENCIA",1,"Zacualtipán de Ángeles"
"081","ROBO DE AUTOPARTES O ACCESORIOS",2,"Zacualtipán de Ángeles"
"081","ROBO DE VEHÍCULO PARTICULAR SIN VIOLENCIA",6,"Zacualtipán de Ángeles"
"081","RUIDO EXCESIVO",17,"Zacualtipán de Ángeles"
"081","SOLICITUD DE RONDÍN",3,"Zacualtipán de Ángeles"
"081","TALA ILEGAL",3,"Zacualtipán de Ángeles"
"081","TENTATIVA DE ROBO",8,"Zacualtipán de Ángeles"
"081","TRABAJO DE PARTO",1,"Zacualtipán de Ángeles"
"081","TRAUMATISMOS MÚLTIPLES",1,"Zacualtipán de Ángeles"
"081","URGENCIA EN PACIENTE EMBARAZADA",2,"Zacualtipán de Ángeles"
"081","URGENCIA POR ENFERMEDAD GENERAL",11,"Zacualtipán de Ángeles"
"081","VEHÍCULO A EXCESO DE VELOCIDAD",8,"Zacualtipán de Ángeles"
"081","VEHÍCULO ABANDONADO",6,"Zacualtipán de Ángeles"
"081","VEHÍCULO DESCOMPUESTO",5,"Zacualtipán de Ángeles"
"081","VEHÍCULO EN HUIDA",5,"Zacualtipán de Ángeles"
"081","VEHÍCULO SOSPECHOSO",17,"Zacualtipán de Ángeles"
"081","VIOLENCIA CONTRA LA MUJER",18,"Zacualtipán de Ángeles"
"081","VIOLENCIA DE PAREJA",42,"Zacualtipán de Ángeles"
"081","VIOLENCIA FAMILIAR",42,"Zacualtipán de Ángeles"
"081","ÁRBOL CAÍDO O POR CAER",7,"Zacualtipán de Ángeles"
"082","ABUSO DE CONFIANZA",2,"Zapotlán de Juárez"
"082","ACCIDENTE DE MOTOCICLETA CON FALLECIDO",3,"Zapotlán de Juárez"
"082","ACCIDENTE DE MOTOCICLETA CON LESIONADOS",47,"Zapotlán de Juárez"
"082","ACCIDENTE DE TRÁNSITO SIN LESIONADOS",74,"Zapotlán de Juárez"
"082","ACCIDENTE DE VEHÍCULO AUTOMOTOR CON FALLECIDO",1,"Zapotlán de Juárez"
"082","ACCIDENTE DE VEHÍCULO AUTOMOTOR CON LESIONADOS",48,"Zapotlán de Juárez"
"082","ACCIDENTE DE VEHÍCULO DE PASAJEROS CON LESIONADOS",3,"Zapotlán de Juárez"
"082","ACCIDENTE MÚLTIPLE CON LESIONADOS",36,"Zapotlán de Juárez"
"082","AFECTACIÓN DE LOS SERVICIOS BÁSICOS O DE INFRAESTRUCTURA ESTRATÉGICA",1,"Zapotlán de Juárez"
"082","ALLANAMIENTO DE MORADA",18,"Zapotlán de Juárez"
"082","ALTERACIÓN DEL ORDEN PÚBLICO POR PERSONA ALCOHOLIZADA",30,"Zapotlán de Juárez"
"082","ALTERACIÓN DEL ORDEN PÚBLICO POR PERSONA DROGADA",10,"Zapotlán de Juárez"
"082","AMENAZA DE SUICIDIO",5,"Zapotlán de Juárez"
"082","ANIMAL MUERTO",1,"Zapotlán de Juárez"
"082","ANIMAL PELIGROSO",6,"Zapotlán de Juárez"
"082","ANIMALES SUELTOS",3,"Zapotlán de Juárez"
"082","APOYO A LA CIUDADANÍA",56,"Zapotlán de Juárez"
"082","APOYO A OTRO ESTADO",1,"Zapotlán de Juárez"
"082","ARRANCONES O CARRERAS DE VEHÍCULOS",2,"Zapotlán de Juárez"
"082","ASFIXIA",1,"Zapotlán de Juárez"
"082","ATAQUES AL PUDOR",1,"Zapotlán de Juárez"
"082","ATROPELLAMIENTO",1,"Zapotlán de Juárez"
"082","CABLES COLGANDO",2,"Zapotlán de Juárez"
"082","CAÍDA",20,"Zapotlán de Juárez"
"082","CAÍDA DE BARDA",1,"Zapotlán de Juárez"
"082","CAÍDA DE POSTE",1,"Zapotlán de Juárez"
"082","CONDUCTOR EBRIO",20,"Zapotlán de Juárez"
"082","CONSUMO DE ALCOHOL EN VÍA PÚBLICA",10,"Zapotlán de Juárez"
"082","CONSUMO DE DROGAS EN VÍA PÚBLICA",5,"Zapotlán de Juárez"
"082","CONTAMINACIÓN DE SUELO, AIRE Y AGUA",6,"Zapotlán de Juárez"
"082","CONVULSIONES",6,"Zapotlán de Juárez"
"082","CORTO CIRCUITO",5,"Zapotlán de Juárez"
"082","DAÑO A BIENES PÚBLICOS, INSTITUCIONES, MONUMENTOS, ENTRE OTROS",2,"Zapotlán de Juárez"
"082","DAÑO A PROPIEDAD AJENA",6,"Zapotlán de Juárez"
"082","DESCOMPENSACIÓN DE LA DIABETES/DESHIDRATACIÓN",6,"Zapotlán de Juárez"
"082","DETONACIÓN DE ARMA DE FUEGO",20,"Zapotlán de Juárez"
"082","DETONACIÓN DE COHETES O FUEGOS ARTIFICIALES",5,"Zapotlán de Juárez"
"082","DIFICULTAD RESPIRATORIA / URGENCIA RESPIRATORIA",6,"Zapotlán de Juárez"
"082","DOLOR ABDOMINAL / URGENCIA ABDOMINAL",4,"Zapotlán de Juárez"
"082","ELECTROCUTADO/LESIÓN POR CORRIENTE ELÉCTRICA",1,"Zapotlán de Juárez"
"082","ENJAMBRE DE ABEJAS",4,"Zapotlán de Juárez"
"082","EXTORSIÓN TELEFÓNICA",6,"Zapotlán de Juárez"
"082","EXTRAVÍO DE PLACA",1,"Zapotlán de Juárez"
"082","FALLECIDO DE CAUSA NATURAL",10,"Zapotlán de Juárez"
"082","FALLECIDO DE CAUSA TRAUMÁTICA",2,"Zapotlán de Juárez"
"082","FRACTURADO/TRAUMATISMO DE EXTREMIDADES",1,"Zapotlán de Juárez"
"082","FRAUDE",1,"Zapotlán de Juárez"
"082","FUGAS Y DERRAMES DE SUSTANCIAS QUÍMICAS",5,"Zapotlán de Juárez"
"082","GASES TÓXICOS",2,"Zapotlán de Juárez"
"082","HEMORRAGIA",4,"Zapotlán de Juárez"
"082","HUNDIMIENTOS / AGRIETAMIENTOS / INESTABILIDAD DE LADERA",3,"Zapotlán de Juárez"
"082","INCENDIO DE CASA HABITACIÓN",3,"Zapotlán de Juárez"
"082","INCENDIO DE COMERCIO",1,"Zapotlán de Juárez"
"082","INCENDIO DE VEHÍCULO",9,"Zapotlán de Juárez"
"082","INCENDIO FORESTAL",1,"Zapotlán de Juárez"
"082","INFARTO / URGENCIA CARDIOLÓGICA",2,"Zapotlán de Juárez"
"082","INFARTO CEREBRAL",2,"Zapotlán de Juárez"
"082","INTOXICACIÓN / SOBREDOSIS / ENVENENAMIENTO POR SUSTANCIAS",4,"Zapotlán de Juárez"
"082","INTOXICACIÓN ETÍLICA",7,"Zapotlán de Juárez"
"082","INUNDACIONES",1,"Zapotlán de Juárez"
"082","LESIONADO POR ARMA BLANCA",5,"Zapotlán de Juárez"
"082","MALTRATO DE ANIMALES",3,"Zapotlán de Juárez"
"082","MALTRATO INFANTIL",1,"Zapotlán de Juárez"
"082","MANIFESTACIÓN CON DISTURBIOS O BLOQUEOS",1,"Zapotlán de Juárez"
"082","MORDEDURA DE ANIMAL",3,"Zapotlán de Juárez"
"082","NOTIFICACIÓN DE CIBER INCIDENTE",3,"Zapotlán de Juárez"
"082","OBJETO SOSPECHOSO O PELIGROSO",6,"Zapotlán de Juárez"
"082","OTRAS ALARMAS DE EMERGENCIAS ACTIVADAS",62,"Zapotlán de Juárez"
"082","OTRAS FALTAS AL REGLAMENTO DE TRÁNSITO",5,"Zapotlán de Juárez"
"082","OTROS ACTOS RELACIONADOS CON EL PATRIMONIO",16,"Zapotlán de Juárez"
"082","OTROS ACTOS RELACIONADOS CON LA FAMILIA",12,"Zapotlán de Juárez"
"082","OTROS ACTOS RELACIONADOS CON LA LIBERTAD PERSONAL",2,"Zapotlán de Juárez"
"082","OTROS ACTOS RELACIONADOS CON LA LIBERTAD Y LA SEGURIDAD SEXUAL",1,"Zapotlán de Juárez"
"082","OTROS INCENDIOS",53,"Zapotlán de Juárez"
"082","OTROS INCIDENTES MÉDICOS CLINICOS",4,"Zapotlán de Juárez"
"082","OTROS INCIDENTES MÉDICOS TRAUMÁTICOS",9,"Zapotlán de Juárez"
"082","OTROS RESCATES",5,"Zapotlán de Juárez"
"082","OTROS TIPOS DE ALTERACIÓN AL ORDEN PÚBLICO",4,"Zapotlán de Juárez"
"082","PERSONA AGRESIVA",56,"Zapotlán de Juárez"
"082","PERSONA DETENIDA",2,"Zapotlán de Juárez"
"082","PERSONA EN CRISIS POR TRASTORNO MENTAL",4,"Zapotlán de Juárez"
"082","PERSONA EN SITUACIÓN DE CALLE",3,"Zapotlán de Juárez"
"082","PERSONA EXHIBICIONISTA",2,"Zapotlán de Juárez"
"082","PERSONA INCONSCIENTE / URGENCIA NEUROLÓGICA",21,"Zapotlán de Juárez"
"082","PERSONA LOCALIZADA",4,"Zapotlán de Juárez"
"082","PERSONA NO LOCALIZADA",3,"Zapotlán de Juárez"
"082","PERSONA SOSPECHOSA",38,"Zapotlán de Juárez"
"082","PERSONA TIRADA EN VÍA PÚBLICA",8,"Zapotlán de Juárez"
"082","PORTACIÓN DE ARMAS O CARTUCHOS",9,"Zapotlán de Juárez"
"082","RESCATE ANIMAL",7,"Zapotlán de Juárez"
"082","RIÑA / PELEA CLANDESTINA",28,"Zapotlán de Juárez"
"082","ROBO A BANCO SIN VIOLENCIA",1,"Zapotlán de Juárez"
"082","ROBO A CASA HABITACIÓN SIN VIOLENCIA",3,"Zapotlán de Juárez"
"082","ROBO A NEGOCIO SIN VIOLENCIA",1,"Zapotlán de Juárez"
"082","ROBO A TRANSEÚNTE SIN VIOLENCIA",1,"Zapotlán de Juárez"
"082","ROBO A TRANSPORTISTA SIN VIOLENCIA",1,"Zapotlán de Juárez"
"082","ROBO DE GANADO",2,"Zapotlán de Juárez"
"082","ROBO DE VEHÍCULO PARTICULAR SIN VIOLENCIA",12,"Zapotlán de Juárez"
"082","RUIDO EXCESIVO",9,"Zapotlán de Juárez"
"082","SOLICITUD DE OTROS SERVICIOS PÚBLICOS",1,"Zapotlán de Juárez"
"082","SOLICITUD DE RONDÍN",3,"Zapotlán de Juárez"
"082","TALA ILEGAL",1,"Zapotlán de Juárez"
"082","TENTATIVA DE ROBO",10,"Zapotlán de Juárez"
"082","TRABAJO DE PARTO",5,"Zapotlán de Juárez"
"082","TRAUMATISMO DE CRÁNEO",2,"Zapotlán de Juárez"
"082","TRAUMATISMOS MÚLTIPLES",1,"Zapotlán de Juárez"
"082","TRÁFICO DE PERSONAS / INDOCUMENTADAS",1,"Zapotlán de Juárez"
"082","URGENCIA EN PACIENTE EMBARAZADA",12,"Zapotlán de Juárez"
"082","URGENCIA POR ENFERMEDAD GENERAL",21,"Zapotlán de Juárez"
"082","VEHÍCULO A EXCESO DE VELOCIDAD",28,"Zapotlán de Juárez"
"082","VEHÍCULO ABANDONADO",3,"Zapotlán de Juárez"
"082","VEHÍCULO DESCOMPUESTO",42,"Zapotlán de Juárez"
"082","VEHÍCULO EN HUIDA",24,"Zapotlán de Juárez"
"082","VEHÍCULO RECUPERADO",2,"Zapotlán de Juárez"
"082","VEHÍCULO SOSPECHOSO",60,"Zapotlán de Juárez"
"082","VENTA CLANDESTINA DE PIROTECNIA, COHETES O FUEGOS ARTIFICIALES",2,"Zapotlán de Juárez"
"082","VIALIDAD EN MAL ESTADO",6,"Zapotlán de Juárez"
"082","VIOLACIÓN",1,"Zapotlán de Juárez"
"082","VIOLENCIA CONTRA LA MUJER",14,"Zapotlán de Juárez"
"082","VIOLENCIA DE PAREJA",33,"Zapotlán de Juárez"
"082","VIOLENCIA FAMILIAR",37,"Zapotlán de Juárez"
"082","ÁRBOL CAÍDO O POR CAER",1,"Zapotlán de Juárez"
"083","ABANDONO DE PERSONA",2,"Zempoala"
"083","ABUSO DE CONFIANZA",10,"Zempoala"
"083","ABUSO SEXUAL",2,"Zempoala"
"083","ACCIDENTE DE AERONAVE CON LESIONADOS",1,"Zempoala"
"083","ACCIDENTE DE MOTOCICLETA CON FALLECIDO",2,"Zempoala"
"083","ACCIDENTE DE MOTOCICLETA CON LESIONADOS",71,"Zempoala"
"083","ACCIDENTE DE TRÁNSITO SIN LESIONADOS",170,"Zempoala"
"083","ACCIDENTE DE VEHÍCULO AUTOMOTOR CON FALLECIDO",4,"Zempoala"
"083","ACCIDENTE DE VEHÍCULO AUTOMOTOR CON LESIONADOS",118,"Zempoala"
"083","ACCIDENTE DE VEHÍCULO DE PASAJEROS CON LESIONADOS",5,"Zempoala"
"083","ACCIDENTE MÚLTIPLE CON FALLECIDO",1,"Zempoala"
"083","ACCIDENTE MÚLTIPLE CON LESIONADOS",43,"Zempoala"
"083","ACOSO U HOSTIGAMIENTO SEXUAL",10,"Zempoala"
"083","AERONAVE SOSPECHOSA",2,"Zempoala"
"083","AFECTACIÓN DE LOS SERVICIOS BÁSICOS O DE INFRAESTRUCTURA ESTRATÉGICA",1,"Zempoala"
"083","AGRESIÓN FÍSICA EN PANDILLA",1,"Zempoala"
"083","AHOGAMIENTO",1,"Zempoala"
"083","ALCANTARILLA OBSTRUIDA",1,"Zempoala"
"083","ALLANAMIENTO DE MORADA",90,"Zempoala"
"083","ALTERACIÓN DEL ORDEN PÚBLICO POR PERSONA ALCOHOLIZADA",66,"Zempoala"
"083","ALTERACIÓN DEL ORDEN PÚBLICO POR PERSONA DROGADA",14,"Zempoala"
"083","AMENAZA",14,"Zempoala"
"083","AMENAZA DE SUICIDIO",15,"Zempoala"
"083","ANIMAL MUERTO",3,"Zempoala"
"083","ANIMAL PELIGROSO",31,"Zempoala"
"083","ANIMALES SUELTOS",7,"Zempoala"
"083","APOYO A LA CIUDADANÍA",230,"Zempoala"
"083","APOYO A OTRO ESTADO",12,"Zempoala"
"083","ARRANCONES O CARRERAS DE VEHÍCULOS",11,"Zempoala"
"083","ASFIXIA",2,"Zempoala"
"083","ATAQUES AL PUDOR",2,"Zempoala"
"083","ATROPELLAMIENTO",19,"Zempoala"
"083","CABLES COLGANDO",7,"Zempoala"
"083","CAÍDA",61,"Zempoala"
"083","CAÍDA DE ANUNCIO O ESPECTACULAR",1,"Zempoala"
"083","CAÍDA DE POSTE",6,"Zempoala"
"083","CIRCULAR EN SENTIDO CONTRARIO",4,"Zempoala"
"083","CONDUCTOR EBRIO",18,"Zempoala"
"083","CONSUMO DE ALCOHOL EN VÍA PÚBLICA",21,"Zempoala"
"083","CONSUMO DE DROGAS EN VÍA PÚBLICA",3,"Zempoala"
"083","CONTAMINACIÓN DE SUELO, AIRE Y AGUA",14,"Zempoala"
"083","CONVULSIONES",34,"Zempoala"
"083","CORTO CIRCUITO",6,"Zempoala"
"083","DAÑO A BIENES PÚBLICOS, INSTITUCIONES, MONUMENTOS, ENTRE OTROS",4,"Zempoala"
"083","DAÑO A PROPIEDAD AJENA",18,"Zempoala"
"083","DERRUMBES",1,"Zempoala"
"083","DESCARGA DE DESECHOS SIN PERMISOS",1,"Zempoala"
"083","DESCOMPENSACIÓN DE LA DIABETES/DESHIDRATACIÓN",18,"Zempoala"
"083","DESPOJO",3,"Zempoala"
"083","DETONACIÓN DE ARMA DE FUEGO",81,"Zempoala"
"083","DETONACIÓN DE COHETES O FUEGOS ARTIFICIALES",18,"Zempoala"
"083","DIFICULTAD RESPIRATORIA / URGENCIA RESPIRATORIA",42,"Zempoala"
"083","DOLOR ABDOMINAL / URGENCIA ABDOMINAL",16,"Zempoala"
"083","ENCHARCAMIENTO/ DESBORDAMIENTO DE RÍO",1,"Zempoala"
"083","ENJAMBRE DE ABEJAS",55,"Zempoala"
"083","ENVENENAMIENTO POR ANIMAL DE PONZOÑA",1,"Zempoala"
"083","EXPLOSIÓN",1,"Zempoala"
"083","EXPLOTACIÓN DE MENORES",1,"Zempoala"
"083","EXTORSIÓN",3,"Zempoala"
"083","EXTORSIÓN TELEFÓNICA",23,"Zempoala"
"083","EXTRAVÍO DE PLACA",3,"Zempoala"
"083","FALLA DE ALUMBRADO PÚBLICO",1,"Zempoala"
"083","FALLAS DE SEMÁFORO",15,"Zempoala"
"083","FALLECIDO DE CAUSA NATURAL",18,"Zempoala"
"083","FALLECIDO DE CAUSA TRAUMÁTICA",5,"Zempoala"
"083","FRACTURADO/TRAUMATISMO DE EXTREMIDADES",6,"Zempoala"
"083","FRAUDE",5,"Zempoala"
"083","FUGAS Y DERRAMES DE SUSTANCIAS QUÍMICAS",51,"Zempoala"
"083","GASES TÓXICOS",15,"Zempoala"
"083","GRAVA SUELTA",1,"Zempoala"
"083","HEMORRAGIA",12,"Zempoala"
"083","HUNDIMIENTOS / AGRIETAMIENTOS / INESTABILIDAD DE LADERA",1,"Zempoala"
"083","INCENDIO DE CASA HABITACIÓN",11,"Zempoala"
"083","INCENDIO DE COMERCIO",2,"Zempoala"
"083","INCENDIO DE VEHÍCULO",9,"Zempoala"
"083","INCENDIO FORESTAL",8,"Zempoala"
"083","INFARTO / URGENCIA CARDIOLÓGICA",7,"Zempoala"
"083","INTOXICACIÓN / SOBREDOSIS / ENVENENAMIENTO POR SUSTANCIAS",17,"Zempoala"
"083","INTOXICACIÓN ETÍLICA",3,"Zempoala"
"083","INUNDACIONES",8,"Zempoala"
"083","LESIONADO POR ARMA BLANCA",2,"Zempoala"
"083","MALTRATO DE ANIMALES",17,"Zempoala"
"083","MALTRATO INFANTIL",7,"Zempoala"
"083","MANIFESTACIÓN CON DISTURBIOS O BLOQUEOS",3,"Zempoala"
"083","MENOR EXTRAVIADO",2,"Zempoala"
"083","MORDEDURA DE ANIMAL",9,"Zempoala"
"083","NOTIFICACIÓN DE CIBER INCIDENTE",29,"Zempoala"
"083","OBJETO SOSPECHOSO O PELIGROSO",32,"Zempoala"
"083","OLORES FÉTIDOS",1,"Zempoala"
"083","OTRAS ALARMAS DE EMERGENCIAS ACTIVADAS",71,"Zempoala"
"083","OTRAS FALTAS AL REGLAMENTO DE TRÁNSITO",51,"Zempoala"
"083","OTROS ACCIDENTES CON LESIONADOS",1,"Zempoala"
"083","OTROS ACTOS RELACIONADOS CON EL PATRIMONIO",37,"Zempoala"
"083","OTROS ACTOS RELACIONADOS CON LA FAMILIA",48,"Zempoala"
"083","OTROS ACTOS RELACIONADOS CON LA LIBERTAD PERSONAL",10,"Zempoala"
"083","OTROS ACTOS RELACIONADOS CON LA LIBERTAD Y LA SEGURIDAD SEXUAL",1,"Zempoala"
"083","OTROS ACTOS RELACIONADOS CON OTROS BIENES JURÍDICOS",3,"Zempoala"
"083","OTROS INCENDIOS",170,"Zempoala"
"083","OTROS INCIDENTES MÉDICOS CLINICOS",41,"Zempoala"
"083","OTROS INCIDENTES MÉDICOS TRAUMÁTICOS",20,"Zempoala"
"083","OTROS RESCATES",8,"Zempoala"
"083","OTROS TIPOS DE ALTERACIÓN AL ORDEN PÚBLICO",13,"Zempoala"
"083","PELEA CLANDESTINA CON ANIMALES",1,"Zempoala"
"083","PERSONA AGRESIVA",292,"Zempoala"
"083","PERSONA DETENIDA",9,"Zempoala"
"083","PERSONA EN CRISIS POR TRASTORNO MENTAL",11,"Zempoala"
"083","PERSONA EN SITUACIÓN DE CALLE",2,"Zempoala"
"083","PERSONA EXHIBICIONISTA",4,"Zempoala"
"083","PERSONA INCONSCIENTE / URGENCIA NEUROLÓGICA",75,"Zempoala"
"083","PERSONA LOCALIZADA",15,"Zempoala"
"083","PERSONA NO LOCALIZADA",17,"Zempoala"
"083","PERSONA SOSPECHOSA",114,"Zempoala"
"083","PERSONA TIRADA EN VÍA PÚBLICA",21,"Zempoala"
"083","PLAGAS",13,"Zempoala"
"083","PORTACIÓN DE ARMAS O CARTUCHOS",43,"Zempoala"
"083","RESCATE ANIMAL",20,"Zempoala"
"083","RIÑA / PELEA CLANDESTINA",69,"Zempoala"
"083","ROBO A CASA HABITACIÓN SIN VIOLENCIA",32,"Zempoala"
"083","ROBO A NEGOCIO SIN VIOLENCIA",3,"Zempoala"
"083","ROBO A TRANSEÚNTE SIN VIOLENCIA",6,"Zempoala"
"083","ROBO A TRANSPORTISTA SIN VIOLENCIA",2,"Zempoala"
"083","ROBO DE AUTOPARTES O ACCESORIOS",5,"Zempoala"
"083","ROBO DE GANADO",4,"Zempoala"
"083","ROBO DE PLACA",3,"Zempoala"
"083","ROBO DE VEHÍCULO PARTICULAR SIN VIOLENCIA",39,"Zempoala"
"083","RUIDO EXCESIVO",98,"Zempoala"
"083","SOLICITUD DE OTROS SERVICIOS PÚBLICOS",1,"Zempoala"
"083","SOLICITUD DE RONDÍN",21,"Zempoala"
"083","SUICIDIO",3,"Zempoala"
"083","SUSTRACCIÓN DE MENORES",2,"Zempoala"
"083","TALA ILEGAL",2,"Zempoala"
"083","TENTATIVA DE ROBO",44,"Zempoala"
"083","TRABAJO DE PARTO",4,"Zempoala"
"083","TRATA DE MENORES",1,"Zempoala"
"083","TRAUMATISMO DE CRÁNEO",3,"Zempoala"
"083","URGENCIA EN PACIENTE EMBARAZADA",6,"Zempoala"
"083","URGENCIA POR ENFERMEDAD GENERAL",51,"Zempoala"
"083","VEHÍCULO A EXCESO DE VELOCIDAD",25,"Zempoala"
"083","VEHÍCULO ABANDONADO",21,"Zempoala"
"083","VEHÍCULO DESCOMPUESTO",68,"Zempoala"
"083","VEHÍCULO EN HUIDA",39,"Zempoala"
"083","VEHÍCULO RECUPERADO",8,"Zempoala"
"083","VEHÍCULO SOSPECHOSO",172,"Zempoala"
"083","VENTA CLANDESTINA DE PIROTECNIA, COHETES O FUEGOS ARTIFICIALES",1,"Zempoala"
"083","VIALIDAD EN MAL ESTADO",3,"Zempoala"
"083","VIOLACIÓN",1,"Zempoala"
"083","VIOLENCIA CONTRA LA MUJER",59,"Zempoala"
"083","VIOLENCIA DE PAREJA",173,"Zempoala"
"083","VIOLENCIA FAMILIAR",145,"Zempoala"
"083","ÁRBOL CAÍDO O POR CAER",5,"Zempoala"
"084","ABUSO DE CONFIANZA",1,"Zimapán"
"084","ACCIDENTE DE MOTOCICLETA CON FALLECIDO",1,"Zimapán"
"084","ACCIDENTE DE MOTOCICLETA CON LESIONADOS",28,"Zimapán"
"084","ACCIDENTE DE TRÁNSITO SIN LESIONADOS",24,"Zimapán"
"084","ACCIDENTE DE VEHÍCULO AUTOMOTOR CON FALLECIDO",1,"Zimapán"
"084","ACCIDENTE DE VEHÍCULO AUTOMOTOR CON LESIONADOS",24,"Zimapán"
"084","ACCIDENTE MÚLTIPLE CON LESIONADOS",2,"Zimapán"
"084","ACOSO U HOSTIGAMIENTO SEXUAL",1,"Zimapán"
"084","ALLANAMIENTO DE MORADA",10,"Zimapán"
"084","ALTERACIÓN DEL ORDEN PÚBLICO POR PERSONA ALCOHOLIZADA",21,"Zimapán"
"084","ALTERACIÓN DEL ORDEN PÚBLICO POR PERSONA DROGADA",5,"Zimapán"
"084","AMENAZA",1,"Zimapán"
"084","AMENAZA DE ABORTO",1,"Zimapán"
"084","ANIMAL PELIGROSO",1,"Zimapán"
"084","ANIMALES SUELTOS",1,"Zimapán"
"084","APOYO A LA CIUDADANÍA",30,"Zimapán"
"084","ARRANCONES O CARRERAS DE VEHÍCULOS",4,"Zimapán"
"084","ATAQUES AL PUDOR",1,"Zimapán"
"084","ATROPELLAMIENTO",3,"Zimapán"
"084","CABLES COLGANDO",1,"Zimapán"
"084","CAÍDA",13,"Zimapán"
"084","CAÍDA DE POSTE",1,"Zimapán"
"084","CIRCULAR EN SENTIDO CONTRARIO",1,"Zimapán"
"084","CONDUCTOR EBRIO",7,"Zimapán"
"084","CONSUMO DE ALCOHOL EN VÍA PÚBLICA",12,"Zimapán"
"084","CONSUMO DE DROGAS EN VÍA PÚBLICA",2,"Zimapán"
"084","CONTAMINACIÓN DE SUELO, AIRE Y AGUA",1,"Zimapán"
"084","CONVULSIONES",5,"Zimapán"
"084","CORTO CIRCUITO",2,"Zimapán"
"084","DAÑO A PROPIEDAD AJENA",3,"Zimapán"
"084","DERRUMBES",2,"Zimapán"
"084","DESCOMPENSACIÓN DE LA DIABETES/DESHIDRATACIÓN",1,"Zimapán"
"084","DETONACIÓN DE ARMA DE FUEGO",10,"Zimapán"
"084","DIFICULTAD RESPIRATORIA / URGENCIA RESPIRATORIA",6,"Zimapán"
"084","DOLOR ABDOMINAL / URGENCIA ABDOMINAL",4,"Zimapán"
"084","EXTORSIÓN",1,"Zimapán"
"084","EXTORSIÓN TELEFÓNICA",5,"Zimapán"
"084","FALLECIDO DE CAUSA NATURAL",4,"Zimapán"
"084","FALLECIDO DE CAUSA TRAUMÁTICA",2,"Zimapán"
"084","FRACTURADO/TRAUMATISMO DE EXTREMIDADES",2,"Zimapán"
"084","FUGAS Y DERRAMES DE SUSTANCIAS QUÍMICAS",4,"Zimapán"
"084","HEMORRAGIA",2,"Zimapán"
"084","INCENDIO DE COMERCIO",2,"Zimapán"
"084","INCENDIO DE VEHÍCULO",1,"Zimapán"
"084","INCENDIO FORESTAL",5,"Zimapán"
"084","INFARTO / URGENCIA CARDIOLÓGICA",1,"Zimapán"
"084","INTOXICACIÓN / SOBREDOSIS / ENVENENAMIENTO POR SUSTANCIAS",1,"Zimapán"
"084","INTOXICACIÓN ETÍLICA",3,"Zimapán"
"084","LESIONADO POR ARMA BLANCA",2,"Zimapán"
"084","MALTRATO DE ANIMALES",2,"Zimapán"
"084","MANIFESTACIÓN CON DISTURBIOS O BLOQUEOS",1,"Zimapán"
"084","MORDEDURA DE ANIMAL",3,"Zimapán"
"084","NOTIFICACIÓN DE CIBER INCIDENTE",4,"Zimapán"
"084","OTRAS ALARMAS DE EMERGENCIAS ACTIVADAS",38,"Zimapán"
"084","OTRAS FALTAS AL REGLAMENTO DE TRÁNSITO",5,"Zimapán"
"084","OTROS ACCIDENTES CON LESIONADOS",1,"Zimapán"
"084","OTROS ACTOS RELACIONADOS CON EL PATRIMONIO",9,"Zimapán"
"084","OTROS ACTOS RELACIONADOS CON LA FAMILIA",10,"Zimapán"
"084","OTROS INCENDIOS",29,"Zimapán"
"084","OTROS INCIDENTES MÉDICOS CLINICOS",5,"Zimapán"
"084","OTROS INCIDENTES MÉDICOS TRAUMÁTICOS",1,"Zimapán"
"084","OTROS RESCATES",1,"Zimapán"
"084","OTROS TIPOS DE ALTERACIÓN AL ORDEN PÚBLICO",6,"Zimapán"
"084","PERSONA AGRESIVA",42,"Zimapán"
"084","PERSONA EN CRISIS POR TRASTORNO MENTAL",1,"Zimapán"
"084","PERSONA EXHIBICIONISTA",2,"Zimapán"
"084","PERSONA INCONSCIENTE / URGENCIA NEUROLÓGICA",13,"Zimapán"
"084","PERSONA LOCALIZADA",2,"Zimapán"
"084","PERSONA NO LOCALIZADA",1,"Zimapán"
"084","PERSONA SOSPECHOSA",19,"Zimapán"
"084","PERSONA TIRADA EN VÍA PÚBLICA",8,"Zimapán"
"084","PORTACIÓN DE ARMAS O CARTUCHOS",3,"Zimapán"
"084","RESCATE ANIMAL",2,"Zimapán"
"084","RIÑA / PELEA CLANDESTINA",29,"Zimapán"
"084","ROBO A CASA HABITACIÓN SIN VIOLENCIA",1,"Zimapán"
"084","ROBO A TRANSEÚNTE SIN VIOLENCIA",2,"Zimapán"
"084","ROBO DE VEHÍCULO PARTICULAR SIN VIOLENCIA",8,"Zimapán"
"084","RUIDO EXCESIVO",18,"Zimapán"
"084","SOLICITUD DE RONDÍN",2,"Zimapán"
"084","TENTATIVA DE ROBO",1,"Zimapán"
"084","URGENCIA POR ENFERMEDAD GENERAL",8,"Zimapán"
"084","VEHÍCULO A EXCESO DE VELOCIDAD",3,"Zimapán"
"084","VEHÍCULO ABANDONADO",1,"Zimapán"
"084","VEHÍCULO DESCOMPUESTO",4,"Zimapán"
"084","VEHÍCULO EN HUIDA",3,"Zimapán"
"084","VEHÍCULO RECUPERADO",1,"Zimapán"
"084","VEHÍCULO SOSPECHOSO",16,"Zimapán"
"084","VIOLENCIA CONTRA LA MUJER",12,"Zimapán"
"084","VIOLENCIA DE PAREJA",24,"Zimapán"
"084","VIOLENCIA FAMILIAR",19,"Zimapán"
"084","ÁRBOL CAÍDO O POR CAER",1,"Zimapán"
