"ID.Incidente","Fecha.Incidente","Hora.Incidente","Colonia","Latitud.Emergencia","Longitud.Emergencia","Categoría","Delito./.Emergencia","Género"
"31101",45788,0.731261574074074,"HUAPALCALCO",20.0145524702309,-98.2818719661406,"SEGURIDAD","ALTERACIÓN DEL ORDEN PÚBLICO POR PERSONA ALCOHOLIZADA","Masculino"
"10306",46016,0.191018518518519,"HACIENDAS DE TIZAYUCA",19.9619894588446,-98.9300228781961,"MEDICO","INTOXICACIÓN ETÍLICA","Masculino"
"30102",45661,0.829027777777778,"SANTA CLARA",19.6532102606274,-98.5828965789953,"SEGURIDAD","OBJETO SOSPECHOSO O PELIGROSO","Masculino"
"30908",45866,0.651203703703704,"JORGE ROJO LUGO",20.1917077340812,-98.6776039807409,"SEGURIDAD","SUICIDIO","Masculino"
"50303",46021,0.378263888888889,"DEL CASTILLO",20.1004269351951,-98.7985474619834,"ASISTENCIA","MALTRATO DE ANIMALES","Femenino"
"30204",45813,0.682731481481482,"JARDINES DEL SUR",19.951390353017,-98.2927275860404,"SEGURIDAD","PORTACIÓN DE ARMAS O CARTUCHOS","Sin Especificar"
"50301",45734,0.663680555555556,"SAN MATEO 1RA",19.8790598567179,-99.4232760925974,"ASISTENCIA","APOYO A LA CIUDADANÍA","Sin Especificar"
"30903",45675,0.812384259259259,"FRACCIONAMIENTO LOS AMORES DE DON JUAN",19.7874016635343,-99.0877332301312,"SEGURIDAD","VIOLENCIA CONTRA LA MUJER","Sin Especificar"
"20404",45935,0.985636574074074,"BENITO JUAREZ",20.0561157214904,-98.5668853654857,"PROTECCIÓN CIVIL","OTROS RESCATES","Masculino"
"31101",45906,0.787638888888889,"LOMAS DE LA CANTERA",19.7145552280616,-99.3842353890035,"SEGURIDAD","ALTERACIÓN DEL ORDEN PÚBLICO POR PERSONA ALCOHOLIZADA","Femenino"
"30502",45781,0.631180555555556,"SIN COLONIA",20.1854682375531,-99.0962955248795,"SEGURIDAD","VIOLENCIA DE PAREJA","Femenino"
"20311",45765,0.791458333333333,"MELCHOR OCAMPO (EL SALTO)",19.8466423201089,-99.1361407120451,"PROTECCIÓN CIVIL","OTROS INCENDIOS","Femenino"
"50301",45919,0.843368055555556,"EL MAGISTERIO",20.0748298944959,-98.4978671464681,"ASISTENCIA","APOYO A LA CIUDADANÍA","Femenino"
"30907",46015,0.869791666666667,"NICOLAS BRAVO",20.1035865408985,-99.2022499050834,"SEGURIDAD","PERSONA AGRESIVA","Femenino"
"30907",45973,0.991111111111111,"PASEOS DE CHAVARRIA",20.0549259733926,-98.8756283962354,"SEGURIDAD","PERSONA AGRESIVA","Masculino"
"30401",45677,0.167789351851852,"CENTRO TULA DE ALLENDE",20.0617990814209,-99.1559018473373,"SEGURIDAD","OTRAS ALARMAS DE EMERGENCIAS ACTIVADAS","Masculino"
"30904",45864,0.1153125,"MORELOS 6TA MZ",20.7651330667614,-99.6317892908452,"SEGURIDAD","PERSONA SOSPECHOSA","Femenino"
"30904",45919,0.125590277777778,"EL PALMAR",20.1304916249295,-98.6116468686094,"SEGURIDAD","PERSONA SOSPECHOSA","Femenino"
"30306",45736,0.26037037037037,"SAN MARCOS",19.9461377441247,-99.3286049118621,"SEGURIDAD","VEHÍCULO EN HUIDA","Sin Especificar"
"31101",45970,0.0562847222222222,"LOS ALAMOS",19.8051052398958,-99.3636786745418,"SEGURIDAD","ALTERACIÓN DEL ORDEN PÚBLICO POR PERSONA ALCOHOLIZADA","Sin Especificar"
"30309",45962,0.873125,"CENTRO PACHUCA DE SOTO",20.1491978528913,-98.7786593526961,"SEGURIDAD","ACCIDENTE DE TRÁNSITO SIN LESIONADOS","Masculino"
"10311",45985,0.864756944444445,"PRIVADA CHIANTI",20.0693804641789,-98.8375446848994,"MEDICO","DOLOR ABDOMINAL / URGENCIA ABDOMINAL","Femenino"
"20110",45881,0.456493055555556,"MARBELLA PRIVADA ALCARAZ",19.6684412017064,-98.8956540109269,"PROTECCIÓN CIVIL","GASES TÓXICOS","Sin Especificar"
"30907",45750,0.883599537037037,"SAN BARTOLO",20.0813311051126,-98.6363604193234,"SEGURIDAD","PERSONA AGRESIVA","Masculino"
"30310",45870,0.523668981481482,"EL PALMAR",20.2007912818465,-98.8615964013134,"SEGURIDAD","OTRAS FALTAS AL REGLAMENTO DE TRÁNSITO","Sin Especificar"
"30305",45765,0.856944444444445,"EL CALVARIO",20.1587581817921,-99.1700578987196,"SEGURIDAD","VEHÍCULO A EXCESO DE VELOCIDAD","Femenino"
"31001",45683,0.822037037037037,"CARBONERAS",19.9892123980504,-98.6235954636216,"SEGURIDAD","ALLANAMIENTO DE MORADA","Sin Especificar"
"31102",45863,0.777256944444445,"VALLE DE SAN JAVIER",20.1006940857282,-98.7303730863766,"SEGURIDAD","ALTERACIÓN DEL ORDEN PÚBLICO POR PERSONA DROGADA","Sin Especificar"
"50301",45873,0.90181712962963,"LAZARO CARDENAS",19.9791025978632,-99.0288071884409,"ASISTENCIA","APOYO A LA CIUDADANÍA","Masculino"
"40106",45715,0.584710648148148,"CENTRO PACHUCA DE SOTO",20.236661767662,-98.830554139328,"SERVICIOS PÚBLICOS","CABLES COLGANDO","Masculino"
"20311",45784,0.5640625,"CRUZ DE OMITLAN",20.0744194201666,-98.6968045090696,"PROTECCIÓN CIVIL","OTROS INCENDIOS","Masculino"
"30611",45812,0.727002314814815,"PASEOS DE CHAVARRIA",19.9573865631999,-98.5502274516771,"SEGURIDAD","NOTIFICACIÓN DE CIBER INCIDENTE","Femenino"
"10103",45865,0.765335648148148,"CENTRO SUR",20.2431829537501,-98.8497876448027,"MEDICO","ACCIDENTE DE MOTOCICLETA CON LESIONADOS","Femenino"
"50105",45772,0.137789351851852,"FRACC SAUCILLO",20.133100055893,-98.785075894954,"ASISTENCIA","RUIDO EXCESIVO","Sin Especificar"
"50105",45854,0.999826388888889,"EL TABLON",20.0458943550861,-99.0958693205607,"ASISTENCIA","RUIDO EXCESIVO","Femenino"
"31101",45976,0.998784722222222,"MONTE ALEGRE",20.0793051231072,-99.0568705647145,"SEGURIDAD","ALTERACIÓN DEL ORDEN PÚBLICO POR PERSONA ALCOHOLIZADA","Femenino"
"30204",45960,0.877337962962963,"SINGUILUCAN CENTRO",19.989007958252,-98.5209584334069,"SEGURIDAD","PORTACIÓN DE ARMAS O CARTUCHOS","Sin Especificar"
"30504",45852,0.9171875,"EL PEDREGAL",19.7974014602938,-98.9981772983169,"SEGURIDAD","OTROS ACTOS RELACIONADOS CON LA FAMILIA","Femenino"
"30401",45909,0.948402777777778,"ATOTONILCO EL GRANDE CENTRO",20.306012281361,-98.5730382088969,"SEGURIDAD","OTRAS ALARMAS DE EMERGENCIAS ACTIVADAS","Femenino"
"10316",45926,0.508090277777778,"FRACC HUIXMI",20.1243466978967,-98.7694578072521,"MEDICO","OTROS INCIDENTES MÉDICOS CLINICOS","Femenino"
"20203",45772,0.921712962962963,"SIN COLONIA",20.3236303669215,-98.6760656689741,"PROTECCIÓN CIVIL","ENJAMBRE DE ABEJAS","Sin Especificar"
"50105",45704,0.0523263888888889,"MORELOS 1A SECCION",20.3047141082065,-98.6594904640496,"ASISTENCIA","RUIDO EXCESIVO","Femenino"
"30903",45719,0.860115740740741,"PUERTO DE LA ESTANCIA",20.6942536745636,-99.2839714348193,"SEGURIDAD","VIOLENCIA CONTRA LA MUJER","Femenino"
"10308",46021,0.309097222222222,"CENTRO PACHUCA DE SOTO",20.1794035406419,-98.8579217683299,"MEDICO","PERSONA INCONSCIENTE / URGENCIA NEUROLÓGICA","Masculino"
"50303",45919,0.88431712962963,"SAN JOSE TEPENENE (TEPENENE)",20.2712243567257,-99.0004564958407,"ASISTENCIA","MALTRATO DE ANIMALES","Femenino"
"31002",45961,0.582233796296296,"SAN PEDRO NOPANCALCO",20.1005685482772,-98.7810570974286,"SEGURIDAD","AMENAZA","Masculino"
"30309",45743,0.564305555555556,"CENTRO PACHUCA DE SOTO",19.9972340830413,-98.5701874179212,"SEGURIDAD","ACCIDENTE DE TRÁNSITO SIN LESIONADOS","Masculino"
"30404",45986,0.903275462962963,"ZONA PLATEADA",20.0341296953467,-98.7395559237617,"SEGURIDAD","DAÑO A PROPIEDAD AJENA","Femenino"
"30401",45912,0.245081018518519,"ZONA PLATEADA",20.0957198525194,-98.6155722683214,"SEGURIDAD","OTRAS ALARMAS DE EMERGENCIAS ACTIVADAS","Sin Especificar"
"31102",45708,0.656412037037037,"DOCTORES",19.8621191845597,-98.5559584067923,"SEGURIDAD","ALTERACIÓN DEL ORDEN PÚBLICO POR PERSONA DROGADA","Sin Especificar"
"50301",45666,0.786099537037037,"PIRACANTOS",20.0721585972028,-98.603228723013,"ASISTENCIA","APOYO A LA CIUDADANÍA","Masculino"
"10303",45834,0.493425925925926,"SAN ANTONIO EL DESMONTE",20.060636511822,-98.8409750372621,"MEDICO","URGENCIA EN PACIENTE EMBARAZADA","Sin Especificar"
"30502",45728,0.381215277777778,"PEDREGAL DE LOS ANGELES",20.2421989861578,-98.6882862023523,"SEGURIDAD","VIOLENCIA DE PAREJA","Femenino"
"50301",45943,0.264166666666667,"TLACPAC",19.8330129696266,-98.2624477865804,"ASISTENCIA","APOYO A LA CIUDADANÍA","Masculino"
"31101",46006,0.828981481481481,"HACIENDA MARGARITA",20.1064757885345,-98.7557504587432,"SEGURIDAD","ALTERACIÓN DEL ORDEN PÚBLICO POR PERSONA ALCOHOLIZADA","Masculino"
"30103",45868,0.859027777777778,"CENTRO PACHUCA DE SOTO",20.0918714138635,-98.735844219595,"SEGURIDAD","PERSONA TIRADA EN VÍA PÚBLICA","Sin Especificar"
"30308",45722,0.442951388888889,"SIN COLONIA",19.9783699499876,-99.3123401908257,"SEGURIDAD","VEHÍCULO DESCOMPUESTO","Masculino"
"30401",45668,0.128368055555556,"CALNALI CENTRO",20.8517819915879,-98.4671613722365,"SEGURIDAD","OTRAS ALARMAS DE EMERGENCIAS ACTIVADAS","Masculino"
"30907",45766,0.566643518518519,"CENTRO 1 ER. CUADRO",20.1371897781953,-98.284677265327,"SEGURIDAD","PERSONA AGRESIVA","Femenino"
"30414",45728,0.844351851851852,"20 DE NOVIEMBRE",20.3937034012624,-99.0070174942496,"SEGURIDAD","ROBO A CASA HABITACIÓN SIN VIOLENCIA","Masculino"
"30309",45919,0.874756944444444,"SAN PEDRO TLACHICHILCO",20.0769256371225,-98.1859499812158,"SEGURIDAD","ACCIDENTE DE TRÁNSITO SIN LESIONADOS","Femenino"
"30446",45923,0.902800925925926,"SANTIAGO TLALTEPOXCO",19.8765008642089,-99.0425389339323,"SEGURIDAD","OTROS ACTOS RELACIONADOS CON EL PATRIMONIO","Femenino"
"30602",45868,0.310891203703704,"SANTIAGO TLAPACOYA CENTRO",20.0613634365808,-98.900298850304,"SEGURIDAD","PERSONA NO LOCALIZADA","Femenino"
"31103",45993,0.684548611111111,"JAVIER ROJO GOMEZ 1A SECC",20.1566826720735,-98.8130467683185,"SEGURIDAD","CONDUCTOR EBRIO","Femenino"
"30307",45809,0.646712962962963,"EL CARMEN",19.8595643393667,-99.0462146091095,"SEGURIDAD","VEHÍCULO SOSPECHOSO","Masculino"
"30401",45753,0.369606481481481,"SAN ANTONIO EL DESMONTE",20.1538680978008,-98.6621921205686,"SEGURIDAD","OTRAS ALARMAS DE EMERGENCIAS ACTIVADAS","Sin Especificar"
"30904",45980,0.976180555555556,"PASEOS DE CHAVARRIA",20.2475722402308,-98.7030750188961,"SEGURIDAD","PERSONA SOSPECHOSA","Masculino"
"20404",45942,0.909722222222222,"PERIODISTA",20.0705913305291,-98.7578002561584,"PROTECCIÓN CIVIL","OTROS RESCATES","Masculino"
"30406",45895,0.631979166666667,"CAMPO DE GOLF",20.0225899506126,-98.6805270845243,"SEGURIDAD","EXTORSIÓN","Masculino"
"10107",45999,0.801354166666667,"EL TEJOCOTAL",20.1705362256303,-98.016052499245,"MEDICO","ACCIDENTE MÚLTIPLE CON LESIONADOS","Masculino"
"30101",45830,0.0125115740740741,"PARQUE DE POBLAMIENTO",20.2082284121026,-98.6710547177408,"SEGURIDAD","VEHÍCULO ABANDONADO","Masculino"
"30103",45972,0.483900462962963,"SIN COLONIA",20.0090363449491,-99.0004154483416,"SEGURIDAD","PERSONA TIRADA EN VÍA PÚBLICA","Femenino"
"31112",45675,0.832731481481482,"CRISOL",20.1971789763914,-98.8867988384861,"SEGURIDAD","RIÑA / PELEA CLANDESTINA","Masculino"
"40104",45757,0.496412037037037,"CESPEDES REFORMA",20.2186909776453,-98.7481315459532,"SERVICIOS PÚBLICOS","FALLAS DE SEMÁFORO","Femenino"
"10104",45971,0.269444444444444,"ZAPOTLAN DE JUAREZ",19.863069865393,-98.8890900398845,"MEDICO","ACCIDENTE DE VEHÍCULO AUTOMOTOR CON LESIONADOS","Femenino"
"30101",45750,0.347719907407407,"NUEVA FRANCISCO I MADERO",20.2187020859503,-98.5931816115065,"SEGURIDAD","VEHÍCULO ABANDONADO","Masculino"
"30446",45971,0.343599537037037,"LOS SABINOS",20.1693365415272,-98.3228807689209,"SEGURIDAD","OTROS ACTOS RELACIONADOS CON EL PATRIMONIO","Masculino"
"10317",45908,0.645752314814815,"LOS HEROES TIZAYUCA",20.0091604434989,-98.8913364727613,"MEDICO","FALLECIDO DE CAUSA NATURAL","Sin Especificar"
"30307",45731,0.280289351851852,"IXMIQUILPAN CENTRO",20.5169967929094,-99.2181558589234,"SEGURIDAD","VEHÍCULO SOSPECHOSO","Masculino"
"20203",45889,0.692233796296296,"TAXISTAS",20.0887947979327,-98.7192255608351,"PROTECCIÓN CIVIL","ENJAMBRE DE ABEJAS","Masculino"
"30502",45793,0.906666666666667,"PROGRESO SEGUNDA SECCION",20.0159438569758,-99.3416971574457,"SEGURIDAD","VIOLENCIA DE PAREJA","Femenino"
"50301",45666,0.188935185185185,"SIN COLONIA",20.1062859502336,-98.9183320451466,"ASISTENCIA","APOYO A LA CIUDADANÍA","Masculino"
"30310",45870,0.463680555555556,"CESPEDES REFORMA",20.0325730267265,-98.6238287853153,"SEGURIDAD","OTRAS FALTAS AL REGLAMENTO DE TRÁNSITO","Masculino"
"50105",45948,0.0254282407407407,"JARDINES DEL SUR 5 TA. SECCION",20.1054909905111,-98.4339405580794,"ASISTENCIA","RUIDO EXCESIVO","Masculino"
"31104",45992,0.760416666666667,"CONSTITUCION",20.1610894546608,-98.8716259095348,"SEGURIDAD","CONSUMO DE ALCOHOL EN VÍA PÚBLICA","Masculino"
"20311",45658,0.0326157407407407,"LA CONCHITA",19.7401401972658,-98.4839963491047,"PROTECCIÓN CIVIL","OTROS INCENDIOS","Masculino"
"30903",45943,0.210092592592593,"EX-HACIENDA DE CHAVARRIA",19.9357107400721,-98.5521620859233,"SEGURIDAD","VIOLENCIA CONTRA LA MUJER","Masculino"
"30204",45857,0.0713078703703704,"SIN COLONIA",19.7993965758784,-98.8140411331539,"SEGURIDAD","PORTACIÓN DE ARMAS O CARTUCHOS","Masculino"
"30309",45677,0.466967592592593,"REAL DEL VALLE",20.143218334554,-98.6821119034044,"SEGURIDAD","ACCIDENTE DE TRÁNSITO SIN LESIONADOS","Sin Especificar"
"10103",45839,0.710300925925926,"DE TLAMINULPA (EL SALITRE)",20.0785447930008,-99.1374261134282,"MEDICO","ACCIDENTE DE MOTOCICLETA CON LESIONADOS","Femenino"
"20311",45833,0.661099537037037,"PARQUE DE POBLAMIENTO",20.0975042061101,-98.726637535519,"PROTECCIÓN CIVIL","OTROS INCENDIOS","Sin Especificar"
"30904",45896,0.654722222222222,"FORJADORES DE PACHUCA",20.0610468197468,-98.6208039627937,"SEGURIDAD","PERSONA SOSPECHOSA","Femenino"
"30414",45754,0.581018518518519,"SAN ANTONIO ZARAGOZA",20.1033554735355,-98.9318164189805,"SEGURIDAD","ROBO A CASA HABITACIÓN SIN VIOLENCIA","Sin Especificar"
"20311",46018,0.562337962962963,"LA PROVIDENCIA SIGLO XXI",20.0364031255609,-98.681884742458,"PROTECCIÓN CIVIL","OTROS INCENDIOS","Sin Especificar"
"30307",46012,0.121736111111111,"VICENTE GUERRERO",20.1277708581453,-98.2290596553201,"SEGURIDAD","VEHÍCULO SOSPECHOSO","Femenino"
"31104",45724,0.984351851851852,"AZOYATLA DE OCAMPO",19.9055601000609,-98.5574061329781,"SEGURIDAD","CONSUMO DE ALCOHOL EN VÍA PÚBLICA","Sin Especificar"
"50102",45760,0.232997685185185,"TEPOXTEQUITO SANTA MONICA",21.1945980538418,-98.4226719287401,"ASISTENCIA","TENTATIVA DE ROBO","Masculino"
"31112",45744,0.951365740740741,"SAN FERNANDO",19.9381042638485,-98.7021080673954,"SEGURIDAD","RIÑA / PELEA CLANDESTINA","Femenino"
"50301",45898,0.539861111111111,"LA AMISTAD",20.1015066782812,-99.4014044347918,"ASISTENCIA","APOYO A LA CIUDADANÍA","Masculino"
"30502",45828,0.840960648148148,"LA PROVIDENCIA SIGLO XXI",20.1360485873832,-98.7337991896434,"SEGURIDAD","VIOLENCIA DE PAREJA","Femenino"
"30307",45967,0.479664351851852,"JARDINES DEL SUR 1 RA. SECCION",20.1346502255528,-98.3192558677191,"SEGURIDAD","VEHÍCULO SOSPECHOSO","Masculino"
"31101",45750,0.881273148148148,"TAXISTAS",20.0051599670239,-98.7127352463986,"SEGURIDAD","ALTERACIÓN DEL ORDEN PÚBLICO POR PERSONA ALCOHOLIZADA","Femenino"
"50301",45722,0.773483796296296,"PRIVADAS SANTA MATILDE",19.9554875096835,-98.9692818917658,"ASISTENCIA","APOYO A LA CIUDADANÍA","Femenino"
"31112",45857,0.0588425925925926,"INFONAVIT SAN MARCOS",20.1255914267835,-99.4727913831592,"SEGURIDAD","RIÑA / PELEA CLANDESTINA","Femenino"
"30103",45907,0.452071759259259,"SAN PEDRO NOPANCALCO",20.1056118947151,-98.7261547053738,"SEGURIDAD","PERSONA TIRADA EN VÍA PÚBLICA","Masculino"
"30904",45911,0.798483796296296,"VILLAS DE PACHUCA",19.9618841413639,-98.8270509720054,"SEGURIDAD","PERSONA SOSPECHOSA","Masculino"
"10116",45703,0.168611111111111,"ROJO GOMEZ",19.8555152174896,-98.9811500745425,"MEDICO","ATROPELLAMIENTO","Femenino"
"30401",45828,0.342696759259259,"CENTRO PACHUCA DE SOTO",20.1219967480327,-98.7812734892417,"SEGURIDAD","OTRAS ALARMAS DE EMERGENCIAS ACTIVADAS","Sin Especificar"
"30309",45939,0.802615740740741,"SIN COLONIA",19.7792410346947,-98.4994883128163,"SEGURIDAD","ACCIDENTE DE TRÁNSITO SIN LESIONADOS","Masculino"
"30101",45771,0.354259259259259,"SANTA JULIA",20.2487015578437,-98.80540108309,"SEGURIDAD","VEHÍCULO ABANDONADO","Sin Especificar"
"30907",45928,0.748078703703704,"CUIXTITLA",19.8655097823249,-98.9115773175443,"SEGURIDAD","PERSONA AGRESIVA","Sin Especificar"
"30305",46006,0.844398148148148,"SAN FRANCISCO HUATENGO",20.0843410384045,-98.3790014099671,"SEGURIDAD","VEHÍCULO A EXCESO DE VELOCIDAD","Masculino"
"10104",45821,0.810844907407408,"CUIXTITLA",20.0314607770466,-99.0791112025351,"MEDICO","ACCIDENTE DE VEHÍCULO AUTOMOTOR CON LESIONADOS","Masculino"
"20104",45889,0.855706018518519,"EL CARMEN",20.1416039402513,-99.3321655948463,"PROTECCIÓN CIVIL","ANIMALES SUELTOS","Femenino"
"50301",45807,0.516898148148148,"SANTA MARIA AMAJAC",20.1655912640938,-98.9270705075665,"ASISTENCIA","APOYO A LA CIUDADANÍA","Sin Especificar"
"50105",45991,0.908877314814815,"MINERAL DEL MONTE CENTRO",20.1859397470874,-98.4911785331524,"ASISTENCIA","RUIDO EXCESIVO","Masculino"
"30606",45811,0.526990740740741,"SIN COLONIA",19.7083249607403,-98.5203830440864,"SEGURIDAD","PERSONA DETENIDA","Femenino"
"31101",45966,0.939143518518519,"HACIENDAS DE TIZAYUCA",19.8131088037381,-98.8470093106167,"SEGURIDAD","ALTERACIÓN DEL ORDEN PÚBLICO POR PERSONA ALCOHOLIZADA","Masculino"
"30904",45742,0.0448611111111111,"PRIVADAS SANTA MATILDE",19.9845746077606,-98.9337318665303,"SEGURIDAD","PERSONA SOSPECHOSA","Femenino"
"31112",45942,0.109027777777778,"JALPA",19.933996320646,-99.3416474724727,"SEGURIDAD","RIÑA / PELEA CLANDESTINA","Masculino"
"50105",45879,0.185960648148148,"EL MINERAL I",19.9350625125221,-98.8486321908122,"ASISTENCIA","RUIDO EXCESIVO","Femenino"
"20108",45683,0.520011574074074,"TEPALZINGO",20.0765537163156,-98.2469483524725,"PROTECCIÓN CIVIL","FUGAS Y DERRAMES DE SUSTANCIAS QUÍMICAS","Sin Especificar"
"30902",45892,0.631319444444444,"FERROCARRILERA",20.1341233278621,-98.2205075424166,"SEGURIDAD","ACCIDENTE DE TRÁNSITO CON MUERTOS","Femenino"
"30503",45797,0.619756944444445,"NUEVA SANTA MARIA",20.083585378655,-99.2572164550445,"SEGURIDAD","VIOLENCIA FAMILIAR","Masculino"
"20311",45698,0.799305555555556,"EL DURAZNO",20.3008752019816,-99.0001632482504,"PROTECCIÓN CIVIL","OTROS INCENDIOS","Femenino"
"30401",45710,0.157766203703704,"CENTRO CARDONAL",20.5841191637367,-99.1306606809267,"SEGURIDAD","OTRAS ALARMAS DE EMERGENCIAS ACTIVADAS","Masculino"
"50102",45880,0.86994212962963,"CENTRO PACHUCA DE SOTO",20.1925254002695,-98.8542098664717,"ASISTENCIA","TENTATIVA DE ROBO","Masculino"
"30904",45721,0.403136574074074,"SAN PEDRO NOPANCALCO",20.1168391508203,-98.731881638018,"SEGURIDAD","PERSONA SOSPECHOSA","Sin Especificar"
"10308",45836,0.416435185185185,"ZONA PLATEADA",20.0612598864738,-98.744585532744,"MEDICO","PERSONA INCONSCIENTE / URGENCIA NEUROLÓGICA","Sin Especificar"
"30401",45685,0.519050925925926,"VALLE DEL MAYAB",20.156251276083,-98.6420657845667,"SEGURIDAD","OTRAS ALARMAS DE EMERGENCIAS ACTIVADAS","Sin Especificar"
"30401",45768,0.0607638888888889,"VENTA PRIETA",20.0862234702121,-98.8935788584487,"SEGURIDAD","OTRAS ALARMAS DE EMERGENCIAS ACTIVADAS","Sin Especificar"
"20311",45985,0.873263888888889,"VIVEROS DE LA LOMA",19.9527104429139,-98.5483293336868,"PROTECCIÓN CIVIL","OTROS INCENDIOS","Masculino"
"30446",45755,0.438171296296296,"NACOZARI",19.77904759759,-98.8340746118894,"SEGURIDAD","OTROS ACTOS RELACIONADOS CON EL PATRIMONIO","Femenino"
"10310",45718,0.704664351851852,"CIUDAD NATURA",19.7189503564247,-98.7798634977943,"MEDICO","URGENCIA POR ENFERMEDAD GENERAL","Femenino"
"10208",46013,0.828032407407407,"VALLE DE TIZAYUCA",20.1343107054062,-98.8941622756808,"MEDICO","LESIONADO POR ARMA BLANCA","Femenino"
"10104",45892,0.749409722222222,"EL PALMAR",20.1211002955055,-98.6046862244317,"MEDICO","ACCIDENTE DE VEHÍCULO AUTOMOTOR CON LESIONADOS","Masculino"
"30446",45754,0.589386574074074,"SEGUNDAS LAJAS",20.0527936494772,-98.5422335565152,"SEGURIDAD","OTROS ACTOS RELACIONADOS CON EL PATRIMONIO","Masculino"
"30204",45843,0.935034722222222,"AMPLIACION FELIPE ANGELES",19.9694635585367,-98.8845557369316,"SEGURIDAD","PORTACIÓN DE ARMAS O CARTUCHOS","Femenino"
"50301",45907,0.175428240740741,"EL SEMINARIO",21.1183586648602,-98.5002945853086,"ASISTENCIA","APOYO A LA CIUDADANÍA","Femenino"
"30414",45933,0.792881944444444,"EL TABLON",20.1196960273977,-99.3173027839211,"SEGURIDAD","ROBO A CASA HABITACIÓN SIN VIOLENCIA","Femenino"
"30401",45838,0.219108796296296,"PERIODISTA",20.0926563521499,-98.726520379786,"SEGURIDAD","OTRAS ALARMAS DE EMERGENCIAS ACTIVADAS","Femenino"
"10220",45899,0.209375,"JALPA",19.9255737125114,-99.4774542536636,"MEDICO","OTROS INCIDENTES MÉDICOS TRAUMÁTICOS","Sin Especificar"
"31002",45662,0.522858796296296,"ISSSTE",20.011058200949,-99.0573875077718,"SEGURIDAD","AMENAZA","Sin Especificar"
"30422",45837,0.210474537037037,"NOXTONGO SEGUNDA SECCION",19.9371618359423,-99.3021895057039,"SEGURIDAD","ROBO A TRANSEÚNTE SIN VIOLENCIA","Masculino"
"30502",45903,0.966875,"MORELOS 1A SECCION",20.1368524538441,-98.9106459330377,"SEGURIDAD","VIOLENCIA DE PAREJA","Masculino"
"30101",45803,0.561377314814815,"PIRACANTOS",20.070586898615,-98.8671851676428,"SEGURIDAD","VEHÍCULO ABANDONADO","Masculino"
"30503",45914,0.493831018518518,"PASEOS DE CHAVARRIA",19.9859519279596,-98.8930871145758,"SEGURIDAD","VIOLENCIA FAMILIAR","Sin Especificar"
"30310",45694,0.577881944444444,"REVOLUCION",19.973763197221,-98.788843723887,"SEGURIDAD","OTRAS FALTAS AL REGLAMENTO DE TRÁNSITO","Sin Especificar"
"30401",45884,0.722430555555556,"VALLE VERDE",21.0345524514309,-98.4980347271697,"SEGURIDAD","OTRAS ALARMAS DE EMERGENCIAS ACTIVADAS","Femenino"
"50102",45802,0.0531481481481481,"CENTRO DE SANTA ANA HUEYTLALPAN",20.140483090143,-98.3665129446368,"ASISTENCIA","TENTATIVA DE ROBO","Sin Especificar"
"30411",46011,0.771956018518519,"FRACCIONAMIENTO LOS CEDROS",20.1140232318462,-98.5717536957431,"SEGURIDAD","ROBO DE AUTOPARTES O ACCESORIOS","Femenino"
"30307",45893,0.479884259259259,"ACAYUCA",20.0377316805089,-98.9704262537633,"SEGURIDAD","VEHÍCULO SOSPECHOSO","Femenino"
"10310",45938,0.317222222222222,"EL ENCINAL",19.8963457686883,-98.3986969818751,"MEDICO","URGENCIA POR ENFERMEDAD GENERAL","Masculino"
"30310",46015,0.409143518518519,"JUAN C. DORIA",19.9344220631268,-98.7378156683367,"SEGURIDAD","OTRAS FALTAS AL REGLAMENTO DE TRÁNSITO","Masculino"
"20311",46014,0.893923611111111,"JAGUEY DE TELLEZ (ESTACION TELLEZ)",19.8777488120737,-98.9141482008481,"PROTECCIÓN CIVIL","OTROS INCENDIOS","Masculino"
"50102",45839,0.914872685185185,"EL SAUCILLO",20.1508926392268,-98.6720756580055,"ASISTENCIA","TENTATIVA DE ROBO","Femenino"
"30904",45965,0.981550925925926,"LOS TUZOS",20.0669401723334,-98.7954706167509,"SEGURIDAD","PERSONA SOSPECHOSA","Masculino"
"31102",45878,0.742951388888889,"CENTRO PACHUCA DE SOTO",20.1253403270818,-98.8285331811842,"SEGURIDAD","ALTERACIÓN DEL ORDEN PÚBLICO POR PERSONA DROGADA","Femenino"
"30401",45991,0.336736111111111,"CENTRO CHAPULHUACAN",21.0112052498566,-98.873830303562,"SEGURIDAD","OTRAS ALARMAS DE EMERGENCIAS ACTIVADAS","Femenino"
"10310",45958,0.365231481481482,"DON ANTONIO",19.9835458373064,-98.9971886758004,"MEDICO","URGENCIA POR ENFERMEDAD GENERAL","Masculino"
"30401",45795,0.208240740740741,"HUEJUTLA DE REYES CENTRO",21.1521564154966,-98.1320187488762,"SEGURIDAD","OTRAS ALARMAS DE EMERGENCIAS ACTIVADAS","Masculino"
"40107",45872,0.0154166666666667,"VILLAS DE ATITALAQUIA",19.9908484483283,-99.0729869947712,"SERVICIOS PÚBLICOS","CORTO CIRCUITO","Masculino"
"30903",45762,0.763240740740741,"CHILILIAPA",20.7123077135111,-98.791819000655,"SEGURIDAD","VIOLENCIA CONTRA LA MUJER","Sin Especificar"
"10310",46003,0.489803240740741,"PASEOS DE CHAVARRIA",19.9869126860346,-98.8430071106445,"MEDICO","URGENCIA POR ENFERMEDAD GENERAL","Masculino"
"31102",45747,0.692013888888889,"SANTA JULIA",20.1140611033183,-98.7949501186977,"SEGURIDAD","ALTERACIÓN DEL ORDEN PÚBLICO POR PERSONA DROGADA","Sin Especificar"
"10103",45676,0.803344907407407,"PIRACANTOS",20.2623188843668,-98.7359289964602,"MEDICO","ACCIDENTE DE MOTOCICLETA CON LESIONADOS","Sin Especificar"
"30306",45716,0.893657407407407,"SANTA MARIA LA CALERA",20.219223143068,-98.7815247629004,"SEGURIDAD","VEHÍCULO EN HUIDA","Masculino"
"30430",45926,0.927349537037037,"INSURGENTES",20.0725655283737,-98.413535929826,"SEGURIDAD","ROBO DE VEHÍCULO PARTICULAR SIN VIOLENCIA","Masculino"
"30310",45961,0.547372685185185,"REAL DE MEDINAS",19.9287102204739,-98.8035813292437,"SEGURIDAD","OTRAS FALTAS AL REGLAMENTO DE TRÁNSITO","Masculino"
"30401",45846,0.185787037037037,"ATEMPA",19.7699069192805,-99.0340695282325,"SEGURIDAD","OTRAS ALARMAS DE EMERGENCIAS ACTIVADAS","Femenino"
"10308",45988,0.451898148148148,"TLANALAPA CENTRO",19.6823980483571,-98.5327440570957,"MEDICO","PERSONA INCONSCIENTE / URGENCIA NEUROLÓGICA","Femenino"
"30307",45838,0.737731481481482,"EX HACIENDA EXQUITLAN",20.1991676789111,-98.4328693817535,"SEGURIDAD","VEHÍCULO SOSPECHOSO","Femenino"
"10207",45903,0.694143518518519,"LA FLORESTA",20.2075413272288,-98.9206460885652,"MEDICO","HEMORRAGIA","Masculino"
"20103",45817,0.859166666666667,"EMILIANO ZAPATA",19.9353074520433,-99.0739786705108,"PROTECCIÓN CIVIL","ANIMAL PELIGROSO","Masculino"
"30406",45975,0.511643518518519,"CENTRO PACHUCA DE SOTO",20.1549265607089,-98.7783499812638,"SEGURIDAD","EXTORSIÓN","Femenino"
"30446",46014,0.65037037037037,"TULIPANES",20.067044903112,-98.7705601000659,"SEGURIDAD","OTROS ACTOS RELACIONADOS CON EL PATRIMONIO","Femenino"
"10305",45681,0.44724537037037,"TEPETITLAN CENTRO",20.3484435805443,-99.2921886642411,"MEDICO","DIFICULTAD RESPIRATORIA / URGENCIA RESPIRATORIA","Femenino"
"10204",45922,0.735810185185185,"SIN COLONIA",20.1021101384409,-98.3345172423935,"MEDICO","CAÍDA","Masculino"
"20108",45794,0.354259259259259,"HUICALCO",19.7523485472871,-99.0293586896735,"PROTECCIÓN CIVIL","FUGAS Y DERRAMES DE SUSTANCIAS QUÍMICAS","Masculino"
"20203",45878,0.369247685185185,"SAN ANTONIO EL DESMONTE",20.1844518617011,-98.9092532031308,"PROTECCIÓN CIVIL","ENJAMBRE DE ABEJAS","Sin Especificar"
"50102",45814,0.986180555555556,"EL PEDREGAL",19.8831208064067,-99.0113381055434,"ASISTENCIA","TENTATIVA DE ROBO","Masculino"
"50301",45905,0.631944444444444,"CONEJOS",19.8241650138531,-99.2007682897084,"ASISTENCIA","APOYO A LA CIUDADANÍA","Masculino"
"20403",45834,0.315659722222222,"EL HERRADERO",20.0421825764172,-98.809453200776,"PROTECCIÓN CIVIL","RESCATE ANIMAL","Femenino"
"30903",45739,0.842604166666667,"EL PARAISO",20.1254284862242,-98.5719225037352,"SEGURIDAD","VIOLENCIA CONTRA LA MUJER","Femenino"
"50107",45760,0.805115740740741,"LOS LAGOS",19.943498459653,-99.477610201081,"ASISTENCIA","ABUSO DE CONFIANZA","Femenino"
"30446",45673,0.463946759259259,"CENTRO 1 ER. CUADRO",20.0490278457864,-98.369730745886,"SEGURIDAD","OTROS ACTOS RELACIONADOS CON EL PATRIMONIO","Masculino"
"30504",45920,0.405474537037037,"REAL MADEIRA",19.9691518821667,-98.8188831973212,"SEGURIDAD","OTROS ACTOS RELACIONADOS CON LA FAMILIA","Femenino"
"30204",45694,0.893356481481482,"SAN IDELFONSO",20.1322208031247,-99.3128512983076,"SEGURIDAD","PORTACIÓN DE ARMAS O CARTUCHOS","Masculino"
"40107",45990,0.230277777777778,"VALLE DE SAN JAVIER",20.0456455751303,-98.8146283678276,"SERVICIOS PÚBLICOS","CORTO CIRCUITO","Femenino"
"30420",45963,0.429305555555556,"REAL MADEIRA",20.2068961709501,-99.068399119719,"SEGURIDAD","ROBO A NEGOCIO SIN VIOLENCIA","Masculino"
"30310",45903,0.472384259259259,"ZONA PLATEADA",20.0337713039484,-98.7158887188242,"SEGURIDAD","OTRAS FALTAS AL REGLAMENTO DE TRÁNSITO","Sin Especificar"
"30309",45980,0.732233796296296,"CENTRO PACHUCA DE SOTO",20.2522423753614,-98.655823604641,"SEGURIDAD","ACCIDENTE DE TRÁNSITO SIN LESIONADOS","Femenino"
"10204",45929,0.803287037037037,"SEGUNDA MANZANA CHICAVASCO (EL POZO)",20.1280420601425,-99.0343102236853,"MEDICO","CAÍDA","Femenino"
"30401",45872,0.150717592592593,"ACAXOCHITLAN CENTRO",20.157716004115,-98.2310342728737,"SEGURIDAD","OTRAS ALARMAS DE EMERGENCIAS ACTIVADAS","Femenino"
"31114",45899,0.885208333333333,"SAN CAYETANO EL BORDO",20.0681518248916,-98.8376781485483,"SEGURIDAD","OTROS TIPOS DE ALTERACIÓN AL ORDEN PÚBLICO","Masculino"
"30305",45982,0.375810185185185,"ZONA PLATEADA",20.168956722805,-98.8097100828318,"SEGURIDAD","VEHÍCULO A EXCESO DE VELOCIDAD","Masculino"
"10220",45945,0.925648148148148,"SESENTA Y DOS",20.0393460242296,-99.2724358418428,"MEDICO","OTROS INCIDENTES MÉDICOS TRAUMÁTICOS","Femenino"
"30503",45794,0.00296296296296296,"CENTRO SAN JUAN TEPA",20.1469280714553,-99.0669552992387,"SEGURIDAD","VIOLENCIA FAMILIAR","Femenino"
"10317",45974,0.0285648148148148,"EL COLORADO",20.1876468787657,-98.8883012113532,"MEDICO","FALLECIDO DE CAUSA NATURAL","Masculino"
"50301",45950,0.589131944444445,"INFONAVIT SANTA JULIA",20.0549408861867,-98.8246080754443,"ASISTENCIA","APOYO A LA CIUDADANÍA","Masculino"
"30907",45960,0.852326388888889,"SAN BARTOLO",20.1251264712776,-98.7630508650096,"SEGURIDAD","PERSONA AGRESIVA","Masculino"
"10310",45918,0.516342592592593,"TEPETLAYUCA",19.9255601855725,-98.4106967839146,"MEDICO","URGENCIA POR ENFERMEDAD GENERAL","Femenino"
"30401",46004,0.190289351851852,"NIÑOS HEROES",20.2569063541651,-98.7752886517397,"SEGURIDAD","OTRAS ALARMAS DE EMERGENCIAS ACTIVADAS","Femenino"
"10103",45897,0.324618055555556,"SIN COLONIA",21.1218921358034,-98.5837484062963,"MEDICO","ACCIDENTE DE MOTOCICLETA CON LESIONADOS","Masculino"
"30905",45889,0.598854166666667,"SIN COLONIA",20.0362439335579,-98.234652525307,"SEGURIDAD","AMENAZA DE SUICIDIO","Masculino"
"30302",45969,0.158321759259259,"CUAUHTEMOC",20.2065114349201,-99.3651693744307,"SEGURIDAD","ARRANCONES O CARRERAS DE VEHÍCULOS","Masculino"
"10104",45718,0.691631944444444,"HUAJOMULCO",20.2250392619289,-98.3783417072864,"MEDICO","ACCIDENTE DE VEHÍCULO AUTOMOTOR CON LESIONADOS","Sin Especificar"
"30202",45894,0.921458333333333,"EL CERRITO",20.9651802154738,-99.3920460544846,"SEGURIDAD","DETONACIÓN DE ARMA DE FUEGO","Masculino"
"10203",45863,0.840844907407408,"ATITALAQUIA CENTRO",20.1467165993001,-99.4714312800484,"MEDICO","ASFIXIA","Sin Especificar"
"30302",45686,0.973530092592593,"CUARTA MANZANA CHICAVASCO (LA LADERA CHICAVASCO)",20.4209625777457,-99.0666993482652,"SEGURIDAD","ARRANCONES O CARRERAS DE VEHÍCULOS","Sin Especificar"
"30503",45907,0.847858796296296,"PARQUE DE POBLAMIENTO",20.1602017969999,-98.7245447965481,"SEGURIDAD","VIOLENCIA FAMILIAR","Femenino"
"30505",45900,0.375868055555556,"SANTIAGO ACAYUTLAN",20.2626715882353,-99.0987193253134,"SEGURIDAD","MALTRATO INFANTIL","Femenino"
"31113",45994,0.789733796296296,"SIN COLONIA",20.2366762675408,-98.8622614914766,"SEGURIDAD","PERSONA EXHIBICIONISTA","Sin Especificar"
"30907",45929,0.87068287037037,"DAJIEDHI",20.4232705090617,-98.9155426016072,"SEGURIDAD","PERSONA AGRESIVA","Femenino"
"30903",45715,0.827662037037037,"JAVIER ROJO GOMEZ 2 DA. SECCION",19.9718011457149,-98.5353822809655,"SEGURIDAD","VIOLENCIA CONTRA LA MUJER","Masculino"
"30907",45998,0.669108796296296,"NOXTONGO PRIMERA SECCION",19.9478246964285,-99.2052169483482,"SEGURIDAD","PERSONA AGRESIVA","Masculino"
"30446",45840,0.828553240740741,"CENTRO NORTE",20.3829200211677,-98.9494385819833,"SEGURIDAD","OTROS ACTOS RELACIONADOS CON EL PATRIMONIO","Masculino"
"50301",45835,0.67244212962963,"SAN ANTONIO EL DESMONTE",20.0165326349647,-98.6990200285618,"ASISTENCIA","APOYO A LA CIUDADANÍA","Masculino"
"10103",45838,0.71619212962963,"SIN COLONIA",19.7144596258462,-99.5403286016715,"MEDICO","ACCIDENTE DE MOTOCICLETA CON LESIONADOS","Femenino"
"50104",45829,0.676793981481481,"TULIPANES",20.1433958125746,-98.7854493586212,"ASISTENCIA","FRAUDE","Femenino"
"30305",45934,0.912384259259259,"CENTRO TEZONTEPEC DE ALDAMA",20.2040685286293,-99.3466662720814,"SEGURIDAD","VEHÍCULO A EXCESO DE VELOCIDAD","Masculino"
"20108",45723,0.529479166666667,"CIPRESES",20.1059219176281,-98.7902988745771,"PROTECCIÓN CIVIL","FUGAS Y DERRAMES DE SUSTANCIAS QUÍMICAS","Sin Especificar"
"30307",45860,0.840868055555556,"CAMPESTRE VILLAS DEL ALAMO",20.1108967632376,-98.8097465479286,"SEGURIDAD","VEHÍCULO SOSPECHOSO","Masculino"
"30502",45732,0.195381944444444,"AMPLIACION DEL PALMAR",20.0577421880876,-98.6384521254837,"SEGURIDAD","VIOLENCIA DE PAREJA","Masculino"
"30307",45799,0.667476851851852,"BARRIO ALTO PRIMERA SECCION",20.1119405731565,-99.3074785830229,"SEGURIDAD","VEHÍCULO SOSPECHOSO","Masculino"
"31102",45800,0.469421296296296,"FRACCIONAMIENTO LOS CEDROS",20.05055533801,-98.8740494357249,"SEGURIDAD","ALTERACIÓN DEL ORDEN PÚBLICO POR PERSONA DROGADA","Femenino"
"30904",45976,0.583657407407408,"TULANCINGO CENTRO",20.0483946337008,-98.4366423082594,"SEGURIDAD","PERSONA SOSPECHOSA","Femenino"
"20304",45950,0.40974537037037,"SAN BARTOLO",20.0501240902787,-98.5538862816586,"PROTECCIÓN CIVIL","INCENDIO DE COMERCIO","Femenino"
"10308",45798,0.790694444444444,"EL CARMEN",19.8594102036923,-98.9331794345979,"MEDICO","PERSONA INCONSCIENTE / URGENCIA NEUROLÓGICA","Femenino"
"30907",45752,0.389201388888889,"JORGE BERGANZA",20.1163098939117,-98.4092446683516,"SEGURIDAD","PERSONA AGRESIVA","Masculino"
"30310",45760,0.704305555555556,"EL SALITRE",20.1641139387984,-99.2847422980674,"SEGURIDAD","OTRAS FALTAS AL REGLAMENTO DE TRÁNSITO","Masculino"
"31112",45705,0.584560185185185,"BARRIO CASA GRANDE",20.1336817981394,-99.0116609270186,"SEGURIDAD","RIÑA / PELEA CLANDESTINA","Sin Especificar"
"30904",45908,0.0431018518518519,"NAPATECO",20.0613552102767,-98.418166516428,"SEGURIDAD","PERSONA SOSPECHOSA","Masculino"
"40107",45785,0.498854166666667,"TLAHUELILPAN CENTRO",20.2447402652473,-99.225069480311,"SERVICIOS PÚBLICOS","CORTO CIRCUITO","Femenino"
"40107",45721,0.893900462962963,"EL TABLON",20.098132154713,-99.2205465441034,"SERVICIOS PÚBLICOS","CORTO CIRCUITO","Masculino"
"50301",45960,0.50431712962963,"CENTRO NORTE",20.4301111722291,-99.0277811332112,"ASISTENCIA","APOYO A LA CIUDADANÍA","Sin Especificar"
"30503",45747,0.542662037037037,"11 DE ABRIL",20.7347319932907,-98.7282597352205,"SEGURIDAD","VIOLENCIA FAMILIAR","Masculino"
"30430",45956,0.321701388888889,"P.R.I. CHACON",20.0190687829438,-98.554663602388,"SEGURIDAD","ROBO DE VEHÍCULO PARTICULAR SIN VIOLENCIA","Masculino"
"30907",45877,0.805798611111111,"CARLOS ROVIROSA",20.302373859017,-98.8685817625684,"SEGURIDAD","PERSONA AGRESIVA","Masculino"
"20311",45738,0.830243055555556,"ADOLFO LOPEZ MATEOS 2DA SECCION",19.9366134003772,-98.7943413269954,"PROTECCIÓN CIVIL","OTROS INCENDIOS","Masculino"
"50105",45695,0.240243055555556,"FRACC SAUCILLO",20.0392180952256,-98.6708379118968,"ASISTENCIA","RUIDO EXCESIVO","Masculino"
"20201",45774,0.898194444444445,"SIN COLONIA",20.2055865265614,-98.7497892466425,"PROTECCIÓN CIVIL","CONTAMINACIÓN DE SUELO, AIRE Y AGUA","Femenino"
"30904",45688,0.0182175925925926,"CENTRO SUR",20.3914621535585,-99.0356149478459,"SEGURIDAD","PERSONA SOSPECHOSA","Masculino"
"30448",45904,0.978530092592593,"LA AMISTAD",19.9390844302641,-99.262683419091,"SEGURIDAD","ROBO DE COMBUSTIBLE","Masculino"
"30601",45785,0.34599537037037,"FARAONA",20.155419214964,-98.7010957096073,"SEGURIDAD","MENOR EXTRAVIADO","Masculino"
"50301",45790,0.281006944444444,"MANEY",20.4557825207481,-99.7514211297584,"ASISTENCIA","APOYO A LA CIUDADANÍA","Femenino"
"20311",45678,0.651053240740741,"TIANGUISTENGO (LA ROMERA)",19.9797942198518,-99.2923054651041,"PROTECCIÓN CIVIL","OTROS INCENDIOS","Femenino"
"50301",45802,0.500891203703704,"TLAXINACALPAN",19.8104826732734,-99.3484323937205,"ASISTENCIA","APOYO A LA CIUDADANÍA","Masculino"
"30905",45838,0.415150462962963,"LA PALMA",20.2684017079335,-99.3284310948828,"SEGURIDAD","AMENAZA DE SUICIDIO","Femenino"
"10312",45719,0.491099537037037,"LOMAS DEL ALAMO",19.9697432579008,-98.8738272641177,"MEDICO","DESCOMPENSACIÓN DE LA DIABETES/DESHIDRATACIÓN","Femenino"
"31101",45891,0.819305555555556,"LOS HEROES TIZAYUCA",19.88699587455,-98.9485025622822,"SEGURIDAD","ALTERACIÓN DEL ORDEN PÚBLICO POR PERSONA ALCOHOLIZADA","Femenino"
"30204",45744,0.856724537037037,"NAPATECO",20.0229449337596,-98.1828620314041,"SEGURIDAD","PORTACIÓN DE ARMAS O CARTUCHOS","Masculino"
"30401",45993,0.583125,"SIN COLONIA",19.9930105664255,-99.4771828729941,"SEGURIDAD","OTRAS ALARMAS DE EMERGENCIAS ACTIVADAS","Masculino"
"30310",45854,0.471909722222222,"CAMPESTRE VILLAS DEL ALAMO",19.8324883065797,-98.7952755275627,"SEGURIDAD","OTRAS FALTAS AL REGLAMENTO DE TRÁNSITO","Masculino"
"31112",45756,0.558043981481481,"PASEOS DE CHAVARRIA",19.9549404856398,-98.6460256623519,"SEGURIDAD","RIÑA / PELEA CLANDESTINA","Femenino"
"30907",45919,0.585300925925926,"SANTA CLARA",20.1924207339618,-98.4711371444233,"SEGURIDAD","PERSONA AGRESIVA","Sin Especificar"
"31112",45896,0.0386226851851852,"SAN ANTONIO",20.0098343954209,-98.6430107396369,"SEGURIDAD","RIÑA / PELEA CLANDESTINA","Masculino"
"30310",45716,0.872881944444445,"NUEVA FRANCISCO I MADERO",20.0654001161752,-98.7518045198247,"SEGURIDAD","OTRAS FALTAS AL REGLAMENTO DE TRÁNSITO","Sin Especificar"
"20404",45823,0.796226851851852,"GENERAL FELIPE ANGELES",20.0102072682785,-99.0314538173497,"PROTECCIÓN CIVIL","OTROS RESCATES","Sin Especificar"
"30502",45806,0.370787037037037,"NUEVO TIZAYUCA",19.8174691586282,-99.0622399862363,"SEGURIDAD","VIOLENCIA DE PAREJA","Masculino"
"30401",45911,0.819849537037037,"EL CARMEN",20.0811143643298,-99.4139852749857,"SEGURIDAD","OTRAS ALARMAS DE EMERGENCIAS ACTIVADAS","Femenino"
"10317",45809,0.0464583333333333,"SANTA CLARA",19.5166581122105,-98.4949187868651,"MEDICO","FALLECIDO DE CAUSA NATURAL","Sin Especificar"
"30907",45775,0.542731481481481,"AMPLIACION SANTA JULIA 3RA SEECION",20.1906477506297,-98.8560512562296,"SEGURIDAD","PERSONA AGRESIVA","Masculino"
"10308",45695,0.704525462962963,"FELIPE ANGELES",19.966929393166,-98.5021311760437,"MEDICO","PERSONA INCONSCIENTE / URGENCIA NEUROLÓGICA","Femenino"
"20311",45668,0.536597222222222,"LOS MANANTIALES",20.0141178049243,-99.324795842078,"PROTECCIÓN CIVIL","OTROS INCENDIOS","Femenino"
"50203",45671,0.774780092592593,"SANTA BARBARA",19.8455795342997,-98.542112923842,"ASISTENCIA","VEHÍCULO RECUPERADO","Sin Especificar"
"31102",45706,0.791863425925926,"EX-HACIENDA DE COSCOTITLAN",20.3190065877131,-98.8408864711321,"SEGURIDAD","ALTERACIÓN DEL ORDEN PÚBLICO POR PERSONA DROGADA","Sin Especificar"
"20311",45801,0.0656365740740741,"XOLOSTITLA DE MORELOS (XOLOSTITLA)",19.757760234837,-98.5376418138887,"PROTECCIÓN CIVIL","OTROS INCENDIOS","Femenino"
"30502",45895,0.896284722222222,"CENTRO DE TLAXCOAPAN",20.322812998503,-99.0801926931974,"SEGURIDAD","VIOLENCIA DE PAREJA","Sin Especificar"
"30310",45695,0.394722222222222,"ISSSTE",20.0830963766838,-98.8480197836424,"SEGURIDAD","OTRAS FALTAS AL REGLAMENTO DE TRÁNSITO","Sin Especificar"
"10204",45986,0.323229166666667,"VILLAS DE PACHUCA",20.091155319918,-98.8137546775456,"MEDICO","CAÍDA","Femenino"
"30504",45938,0.0833912037037037,"SAN LUIS II",20.0946416693329,-98.7992356156603,"SEGURIDAD","OTROS ACTOS RELACIONADOS CON LA FAMILIA","Masculino"
"10204",45784,0.930601851851852,"VILLAS DEL ALAMO",20.0502927517568,-98.7198884801207,"MEDICO","CAÍDA","Femenino"
"10204",45910,0.528599537037037,"11 DE JULIO 1RA SECCION",20.1233637141655,-98.8005416183565,"MEDICO","CAÍDA","Sin Especificar"
"30401",45980,0.069537037037037,"HIDALGO CENTRO",20.4388434671904,-99.6319393351004,"SEGURIDAD","OTRAS ALARMAS DE EMERGENCIAS ACTIVADAS","Masculino"
"20203",45898,0.579606481481481,"AMPLIACION DEL PALMAR",20.0610849121333,-98.9000729340573,"PROTECCIÓN CIVIL","ENJAMBRE DE ABEJAS","Sin Especificar"
"50303",45961,0.473287037037037,"MORELOS 1A SECCION",20.1239169290513,-98.7312243055645,"ASISTENCIA","MALTRATO DE ANIMALES","Femenino"
"50301",45700,0.87875,"CENTRO PACHUCA DE SOTO",20.2179741130183,-98.7358345584093,"ASISTENCIA","APOYO A LA CIUDADANÍA","Masculino"
"20108",45820,0.738634259259259,"PASEOS DE CHAVARRIA",19.8419630464095,-98.6400080706384,"PROTECCIÓN CIVIL","FUGAS Y DERRAMES DE SUSTANCIAS QUÍMICAS","Masculino"
"30502",45964,0.84494212962963,"MILITAR",19.961482845637,-98.8239943909266,"SEGURIDAD","VIOLENCIA DE PAREJA","Femenino"
"30401",45868,0.602314814814815,"LA PALMA",20.1079608064811,-98.7766849534537,"SEGURIDAD","OTRAS ALARMAS DE EMERGENCIAS ACTIVADAS","Sin Especificar"
"30401",45915,0.270891203703704,"TLAHUELILPAN CENTRO",20.1121425267003,-99.2494421677158,"SEGURIDAD","OTRAS ALARMAS DE EMERGENCIAS ACTIVADAS","Sin Especificar"
"30448",45731,0.368125,"SAN JUAN ACHICHILCO",20.2129815590331,-99.3313612810105,"SEGURIDAD","ROBO DE COMBUSTIBLE","Sin Especificar"
"20404",45688,0.458773148148148,"NUEVA FRANCISCO I MADERO",20.1753668467735,-98.8878422125946,"PROTECCIÓN CIVIL","OTROS RESCATES","Femenino"
"31001",45978,0.505555555555556,"PASEOS DE CHAVARRIA",20.0513884750915,-98.8751053802996,"SEGURIDAD","ALLANAMIENTO DE MORADA","Femenino"
"30101",45816,0.0297222222222222,"SANTA MARIA LA CALERA",19.9662226579265,-98.6886583385469,"SEGURIDAD","VEHÍCULO ABANDONADO","Masculino"
"40107",45829,0.831168981481482,"LA PROVIDENCIA SIGLO XXI",20.0594163292026,-98.6288622430232,"SERVICIOS PÚBLICOS","CORTO CIRCUITO","Masculino"
"10107",45677,0.301516203703704,"EL DEXTHI SAN JUANICO",20.4421593462171,-99.0784939083222,"MEDICO","ACCIDENTE MÚLTIPLE CON LESIONADOS","Masculino"
"10310",45693,0.679548611111111,"REAL DEL VALLE",20.1024356702278,-98.8321073729161,"MEDICO","URGENCIA POR ENFERMEDAD GENERAL","Femenino"
"20110",45970,0.732002314814815,"EL SAUCILLO",20.0383524697627,-98.624906183812,"PROTECCIÓN CIVIL","GASES TÓXICOS","Femenino"
"40102",45844,0.598969907407407,"AHUEHUETITLA",19.977818106494,-98.4609536215821,"SERVICIOS PÚBLICOS","CAÍDA DE POSTE","Masculino"
"10220",45787,0.215659722222222,"CENTRO APAN",19.6217533919361,-98.6631627964892,"MEDICO","OTROS INCIDENTES MÉDICOS TRAUMÁTICOS","Femenino"
"30907",46006,0.389803240740741,"RANCHO LA COLONIA",20.2067089602206,-98.6816121376232,"SEGURIDAD","PERSONA AGRESIVA","Femenino"
"30401",45802,0.89474537037037,"YAHUALICA CENTRO",21.1220593109772,-98.3042093867446,"SEGURIDAD","OTRAS ALARMAS DE EMERGENCIAS ACTIVADAS","Masculino"
"30446",45860,0.915,"SIN COLONIA",20.46779719653,-99.4778305048571,"SEGURIDAD","OTROS ACTOS RELACIONADOS CON EL PATRIMONIO","Masculino"
"10307",45667,0.712118055555556,"HUITZILA",19.8084168243931,-99.1588100504686,"MEDICO","CONVULSIONES","Femenino"
"10207",45859,0.838229166666667,"EL PARAISO",20.2495870637026,-98.8149362607679,"MEDICO","HEMORRAGIA","Femenino"
"10104",45842,0.78181712962963,"ANDALUCIA RESIDENCIAL",19.9254348560314,-98.8819909487038,"MEDICO","ACCIDENTE DE VEHÍCULO AUTOMOTOR CON LESIONADOS","Masculino"
"40106",45755,0.33369212962963,"PASEO DE LAS REYNAS",20.0333878019746,-98.6403882348218,"SERVICIOS PÚBLICOS","CABLES COLGANDO","Masculino"
"10103",45722,0.668634259259259,"AQUILES SERDAN",20.1741263680674,-98.6602831619518,"MEDICO","ACCIDENTE DE MOTOCICLETA CON LESIONADOS","Masculino"
"10308",45894,0.605046296296296,"NACOZARI",19.8183636705303,-98.8444468491093,"MEDICO","PERSONA INCONSCIENTE / URGENCIA NEUROLÓGICA","Sin Especificar"
"30907",45777,0.718854166666667,"INFONAVIT SANTA JULIA",20.1460667799233,-98.9564099806058,"SEGURIDAD","PERSONA AGRESIVA","Femenino"
"30503",45703,0.264259259259259,"PASEOS DE LA PLATA",20.1833597074105,-98.7978679283132,"SEGURIDAD","VIOLENCIA FAMILIAR","Sin Especificar"
"30103",46016,0.807719907407407,"SANTA ANA",20.0843366483355,-98.4695702757015,"SEGURIDAD","PERSONA TIRADA EN VÍA PÚBLICA","Sin Especificar"
"30907",45738,0.803923611111111,"SAN PEDRO NOPANCALCO",20.0460827825182,-98.8909556503862,"SEGURIDAD","PERSONA AGRESIVA","Femenino"
"10103",45846,0.914074074074074,"ABUNDIO MARTINEZ",20.0272056188136,-98.9125562825237,"MEDICO","ACCIDENTE DE MOTOCICLETA CON LESIONADOS","Sin Especificar"
"30202",45732,0.0271412037037037,"LA PROVIDENCIA SIGLO XXI",20.0475669938531,-98.6733109851539,"SEGURIDAD","DETONACIÓN DE ARMA DE FUEGO","Femenino"
"30401",45936,0.0618287037037037,"ATOTONILCO EL GRANDE CENTRO",20.3334156377339,-98.6784316949402,"SEGURIDAD","OTRAS ALARMAS DE EMERGENCIAS ACTIVADAS","Masculino"
"31101",45673,0.049537037037037,"EL BONDHO",20.3654639817934,-99.2507197063296,"SEGURIDAD","ALTERACIÓN DEL ORDEN PÚBLICO POR PERSONA ALCOHOLIZADA","Sin Especificar"
"30430",45830,0.5534375,"MINERAL DEL ORO",19.9336169998636,-98.7165208094024,"SEGURIDAD","ROBO DE VEHÍCULO PARTICULAR SIN VIOLENCIA","Masculino"
"30310",46003,0.803356481481481,"LA CAMPANA",20.2990251762916,-99.7140533028532,"SEGURIDAD","OTRAS FALTAS AL REGLAMENTO DE TRÁNSITO","Femenino"
"31010",45755,0.835844907407408,"ZONA PLATEADA",20.1534104931839,-98.8210947906459,"SEGURIDAD","TALA ILEGAL","Masculino"
"50301",45746,0.462337962962963,"SAN CRISTOBAL",19.9471438630724,-98.9183668610581,"ASISTENCIA","APOYO A LA CIUDADANÍA","Femenino"
"30202",45879,0.105416666666667,"LA VEGA",20.0342222491146,-99.0799731661427,"SEGURIDAD","DETONACIÓN DE ARMA DE FUEGO","Masculino"
"10220",45962,0.819571759259259,"CENTRO TEZONTEPEC DE ALDAMA",20.0772617186975,-99.2708454335335,"MEDICO","OTROS INCIDENTES MÉDICOS TRAUMÁTICOS","Sin Especificar"
"30310",45773,0.960555555555556,"SAN CAYETANO EL BORDO",20.0894699154078,-98.7869297326357,"SEGURIDAD","OTRAS FALTAS AL REGLAMENTO DE TRÁNSITO","Sin Especificar"
"30903",45795,0.015,"SAN CAYETANO EL BORDO",20.0013035238744,-98.823855549882,"SEGURIDAD","VIOLENCIA CONTRA LA MUJER","Masculino"
"30502",45672,0.0104398148148148,"LOMA BONITA (LA LOMA)",20.0712388163039,-98.8043441085408,"SEGURIDAD","VIOLENCIA DE PAREJA","Femenino"
"10103",45977,0.718530092592593,"AMAQUE",19.9501482055429,-98.628189470851,"MEDICO","ACCIDENTE DE MOTOCICLETA CON LESIONADOS","Femenino"
"30504",45845,0.778900462962963,"BARRIO ALTO PRIMERA SECCION",19.9922819543888,-99.3363381621266,"SEGURIDAD","OTROS ACTOS RELACIONADOS CON LA FAMILIA","Femenino"
"30907",45741,0.55380787037037,"AQUILES SERDAN",20.1777617084784,-98.6713964341237,"SEGURIDAD","PERSONA AGRESIVA","Masculino"
"20303",45963,0.148946759259259,"MILPILLAS",20.5739990337434,-98.8036645488427,"PROTECCIÓN CIVIL","INCENDIO DE VEHÍCULO","Sin Especificar"
"30430",45814,0.728530092592593,"SIN COLONIA",20.0833897566654,-98.2144729894798,"SEGURIDAD","ROBO DE VEHÍCULO PARTICULAR SIN VIOLENCIA","Sin Especificar"
"20108",45936,0.46556712962963,"CENTRO",20.2648355291583,-99.3009451136206,"PROTECCIÓN CIVIL","FUGAS Y DERRAMES DE SUSTANCIAS QUÍMICAS","Masculino"
"30503",45871,0.430277777777778,"DOXEY",20.1854313379775,-99.4035621241148,"SEGURIDAD","VIOLENCIA FAMILIAR","Sin Especificar"
"30907",45697,0.576273148148148,"JARDINES DEL SUR FOVISSSTE",19.9166351583185,-98.3489102717607,"SEGURIDAD","PERSONA AGRESIVA","Femenino"
"10107",45892,0.530474537037037,"ACAYUCA",20.0597902521859,-98.7956868622712,"MEDICO","ACCIDENTE MÚLTIPLE CON LESIONADOS","Masculino"
"30904",45740,0.977962962962963,"DEL VALLE",20.1400672796974,-98.7503159494341,"SEGURIDAD","PERSONA SOSPECHOSA","Masculino"
"31113",45862,0.819016203703704,"SAN ANTONIO EL DESMONTE",19.9458668328633,-98.732151491082,"SEGURIDAD","PERSONA EXHIBICIONISTA","Femenino"
"30503",45687,0.883125,"EL TEZONTLE",20.0776125266983,-98.7230332959803,"SEGURIDAD","VIOLENCIA FAMILIAR","Femenino"
"10204",45935,0.663773148148148,"CENTRO PACHUCA DE SOTO",20.0501788347603,-98.8675365749893,"MEDICO","CAÍDA","Masculino"
"31103",45682,0.231631944444444,"PRIVADAS SANTA MATILDE",19.8912513353856,-98.7653909728795,"SEGURIDAD","CONDUCTOR EBRIO","Masculino"
"40107",45911,0.436273148148148,"1RO. DE MAYO",21.0906033987059,-98.3189310978226,"SERVICIOS PÚBLICOS","CORTO CIRCUITO","Femenino"
"30401",45781,0.353738425925926,"NOPALA CENTRO",20.1921215687051,-99.7282756939019,"SEGURIDAD","OTRAS ALARMAS DE EMERGENCIAS ACTIVADAS","Femenino"
"20201",45833,0.780219907407407,"RINCONADA DE LOS ANGELES",20.0205029378151,-98.8138953822793,"PROTECCIÓN CIVIL","CONTAMINACIÓN DE SUELO, AIRE Y AGUA","Sin Especificar"
"30308",45745,0.934074074074074,"TEPOJACO",19.9525973147537,-98.8930460924136,"SEGURIDAD","VEHÍCULO DESCOMPUESTO","Masculino"
"50105",45662,0.144259259259259,"SAN FELIPE ORIZATLAN CENTRO",21.0873187838576,-98.7203690492563,"ASISTENCIA","RUIDO EXCESIVO","Sin Especificar"
"10104",45872,0.0336689814814815,"SIN COLONIA",19.8181062082913,-99.5148696509008,"MEDICO","ACCIDENTE DE VEHÍCULO AUTOMOTOR CON LESIONADOS","Masculino"
"10103",45774,0.180810185185185,"JALPA",20.1017998271413,-99.3014386934723,"MEDICO","ACCIDENTE DE MOTOCICLETA CON LESIONADOS","Masculino"
"30401",45980,0.0617476851851852,"CUAUTEPEC DE HINOJOSA CENTRO",19.9077367969105,-98.2136579084583,"SEGURIDAD","OTRAS ALARMAS DE EMERGENCIAS ACTIVADAS","Masculino"
"30401",45747,0.0261921296296296,"EX-HACIENDA DE COSCOTITLAN",20.0104834360964,-98.7015610145068,"SEGURIDAD","OTRAS ALARMAS DE EMERGENCIAS ACTIVADAS","Sin Especificar"
"20208",45918,0.395590277777778,"CARBONERAS",19.8604099525048,-98.7557541651071,"PROTECCIÓN CIVIL","PLAGAS","Femenino"
"30404",45676,0.561921296296296,"SANTIAGO IXTLAHUACA",20.4102492803677,-99.3230990349133,"SEGURIDAD","DAÑO A PROPIEDAD AJENA","Masculino"
"50105",45771,0.981851851851852,"UNIDAD MINERA SECCION 200",20.1713334691436,-98.3320347823091,"ASISTENCIA","RUIDO EXCESIVO","Masculino"
"30306",45997,0.342615740740741,"VILLAS DE PACHUCA",19.9678383788814,-98.764112186069,"SEGURIDAD","VEHÍCULO EN HUIDA","Sin Especificar"
"30503",45725,0.548715277777778,"U. H. 18 DE MARZO",20.0128080732256,-99.1772636113605,"SEGURIDAD","VIOLENCIA FAMILIAR","Masculino"
"30306",45878,0.614849537037037,"SAN ANTONIO EL DESMONTE",19.9812192845301,-98.8516500118051,"SEGURIDAD","VEHÍCULO EN HUIDA","Sin Especificar"
"30601",45906,0.408449074074074,"NUEVA MORELOS",20.1168334379887,-98.4293192154488,"SEGURIDAD","MENOR EXTRAVIADO","Masculino"
"20103",45839,0.767847222222222,"AMPLIACION EL SAUCILLO",20.0259732169235,-98.6846832723732,"PROTECCIÓN CIVIL","ANIMAL PELIGROSO","Femenino"
"20108",45701,0.834398148148148,"CENTRO SUR",20.1551843926781,-99.088901118939,"PROTECCIÓN CIVIL","FUGAS Y DERRAMES DE SUSTANCIAS QUÍMICAS","Femenino"
"20303",45719,0.769849537037037,"SAN CAYETANO EL BORDO",20.1456790516562,-98.5411788890617,"PROTECCIÓN CIVIL","INCENDIO DE VEHÍCULO","Sin Especificar"
"30446",45686,0.717997685185185,"LAS PALMITAS",19.9777755052224,-98.7977032082248,"SEGURIDAD","OTROS ACTOS RELACIONADOS CON EL PATRIMONIO","Sin Especificar"
"30309",45717,0.733043981481482,"SAN RAFAEL",19.9381388967996,-98.4112189224397,"SEGURIDAD","ACCIDENTE DE TRÁNSITO SIN LESIONADOS","Femenino"
"31105",45809,0.634479166666667,"TULIPANES",19.999853649041,-98.8909015295124,"SEGURIDAD","CONSUMO DE DROGAS EN VÍA PÚBLICA","Masculino"
"31001",46011,0.121701388888889,"SAN ANTONIO",20.4791645107133,-99.245555651864,"SEGURIDAD","ALLANAMIENTO DE MORADA","Sin Especificar"
"30446",45706,0.693136574074074,"RINCONES DE LA HACIENDA 2A. SECCION",20.2489040941296,-98.4039882480339,"SEGURIDAD","OTROS ACTOS RELACIONADOS CON EL PATRIMONIO","Femenino"
"50303",45731,0.803321759259259,"VENTA QUEMADA (TLALTEGCO)",20.1090047558868,-98.148697914287,"ASISTENCIA","MALTRATO DE ANIMALES","Masculino"
"30904",45977,0.0146643518518519,"CACALA",20.469236677973,-98.6953257070994,"SEGURIDAD","PERSONA SOSPECHOSA","Sin Especificar"
"10103",45783,0.575486111111111,"PASEOS DE CHAVARRIA",20.1078818745052,-98.9687063373239,"MEDICO","ACCIDENTE DE MOTOCICLETA CON LESIONADOS","Masculino"
"30904",45939,0.906226851851852,"LA PROVIDENCIA SIGLO XXI",19.9297246318305,-98.689609997979,"SEGURIDAD","PERSONA SOSPECHOSA","Sin Especificar"
"30503",45706,0.818333333333333,"LA PROVIDENCIA SIGLO XXI",20.0626076027999,-98.7145114494951,"SEGURIDAD","VIOLENCIA FAMILIAR","Femenino"
"10204",45893,0.537523148148148,"OMITLAN DE JUAREZ CENTRO",20.16115813268,-98.7312775021138,"MEDICO","CAÍDA","Masculino"
"31102",45766,0.974606481481481,"PRADERAS DE VIRREYES",20.0546882381469,-98.6944764041582,"SEGURIDAD","ALTERACIÓN DEL ORDEN PÚBLICO POR PERSONA DROGADA","Masculino"
"30401",45731,0.0772337962962963,"CENTRO PACHUCA DE SOTO",20.3108469020105,-98.680714588496,"SEGURIDAD","OTRAS ALARMAS DE EMERGENCIAS ACTIVADAS","Femenino"
"50105",45681,0.99875,"11 DE JULIO 3A SECCION",19.876991943252,-98.8931579427784,"ASISTENCIA","RUIDO EXCESIVO","Femenino"
"30907",45830,0.88150462962963,"AMPLIACION VICENTE GUERRERO",20.1885938014172,-98.3292511255452,"SEGURIDAD","PERSONA AGRESIVA","Femenino"
"10204",45682,0.59849537037037,"CENTRO APAN",19.4756682746818,-98.4124640136659,"MEDICO","CAÍDA","Sin Especificar"
"30907",46010,0.71869212962963,"LA PROVIDENCIA SIGLO XXI",20.0601412571094,-98.4426916114164,"SEGURIDAD","PERSONA AGRESIVA","Sin Especificar"
"50102",45798,0.771724537037037,"LAS FLORES",19.9325687365287,-98.8307565199323,"ASISTENCIA","TENTATIVA DE ROBO","Masculino"
"30309",45675,0.7996875,"PIRACANTOS",20.0812241076051,-98.9402905978437,"SEGURIDAD","ACCIDENTE DE TRÁNSITO SIN LESIONADOS","Masculino"
"30503",45934,0.968668981481482,"FUENTES DE TIZAYUCA",19.8708644534099,-98.9028757231177,"SEGURIDAD","VIOLENCIA FAMILIAR","Femenino"
"31002",45708,0.818344907407407,"ROJO GOMEZ",19.5479043045837,-99.107631398816,"SEGURIDAD","AMENAZA","Masculino"
"10104",46013,0.724270833333333,"SIN COLONIA",20.2420601078138,-98.7772173758249,"MEDICO","ACCIDENTE DE VEHÍCULO AUTOMOTOR CON LESIONADOS","Femenino"
"30309",45849,0.752847222222222,"PLUTARCO ELIAS CALLES",20.0508998192031,-98.917368739439,"SEGURIDAD","ACCIDENTE DE TRÁNSITO SIN LESIONADOS","Masculino"
"30307",45963,0.727210648148148,"LOMA BONITA (LA LOMA)",20.2345361781117,-98.889454721883,"SEGURIDAD","VEHÍCULO SOSPECHOSO","Masculino"
"30907",45809,0.667800925925926,"SAN JUAN",20.0630272752849,-99.3858988776664,"SEGURIDAD","PERSONA AGRESIVA","Masculino"
"30310",45893,0.590277777777778,"EL PARAISO",20.0250719308728,-98.726120338766,"SEGURIDAD","OTRAS FALTAS AL REGLAMENTO DE TRÁNSITO","Femenino"
"30401",45944,0.113576388888889,"JALTOCAN CENTRO",21.11325969218,-98.5018928019358,"SEGURIDAD","OTRAS ALARMAS DE EMERGENCIAS ACTIVADAS","Masculino"
"30907",45693,0.818622685185185,"CERRO DE LA CRUZ",20.2924387869977,-99.2665409587139,"SEGURIDAD","PERSONA AGRESIVA","Femenino"
"40106",45832,0.90068287037037,"ALFREDO V BONFIL",19.9383198491106,-98.6759416154411,"SERVICIOS PÚBLICOS","CABLES COLGANDO","Femenino"
"30503",45755,0.924282407407407,"VENUSTIANO CARRANZA",20.0423307721686,-98.8388364264484,"SEGURIDAD","VIOLENCIA FAMILIAR","Masculino"
"30310",45735,0.523842592592593,"VENTA PRIETA",20.2220725192545,-98.755367089073,"SEGURIDAD","OTRAS FALTAS AL REGLAMENTO DE TRÁNSITO","Femenino"
"30310",45974,0.657523148148148,"JUAN C. DORIA",20.1394589538373,-98.6872926990196,"SEGURIDAD","OTRAS FALTAS AL REGLAMENTO DE TRÁNSITO","Sin Especificar"
"20311",45667,0.85125,"SIN COLONIA",20.0850701104967,-99.2153830079754,"PROTECCIÓN CIVIL","OTROS INCENDIOS","Sin Especificar"
"30907",46014,0.412326388888889,"NOXTONGO PRIMERA SECCION",19.845930823958,-99.4668753041792,"SEGURIDAD","PERSONA AGRESIVA","Femenino"
"20311",45784,0.562511574074074,"EL BOCJA",20.3169978561324,-98.7394866898112,"PROTECCIÓN CIVIL","OTROS INCENDIOS","Femenino"
"30401",45937,0.573645833333333,"CALNALI CENTRO",20.9025379813473,-98.5312947322795,"SEGURIDAD","OTRAS ALARMAS DE EMERGENCIAS ACTIVADAS","Masculino"
"30907",45746,0.814895833333333,"11 DE JULIO 3A SECCION",19.9061044871908,-98.7908032518176,"SEGURIDAD","PERSONA AGRESIVA","Femenino"
"30502",45998,0.245324074074074,"TEPOJACO",19.8306437875832,-98.9584055101643,"SEGURIDAD","VIOLENCIA DE PAREJA","Masculino"
"30503",45700,0.67837962962963,"TEMANGO",21.2553014773625,-98.6432000015664,"SEGURIDAD","VIOLENCIA FAMILIAR","Femenino"
"30907",45748,0.889571759259259,"CRUZ DE LOS CIEGOS",20.0726861250246,-98.714628425301,"SEGURIDAD","PERSONA AGRESIVA","Femenino"
"30308",45869,0.0177314814814815,"SAN GUILLERMO LA REFORMA",20.1205939203368,-98.8247108877522,"SEGURIDAD","VEHÍCULO DESCOMPUESTO","Masculino"
"50301",45920,0.783599537037037,"VILLA MAGNA",20.0377559546997,-98.8763568427114,"ASISTENCIA","APOYO A LA CIUDADANÍA","Femenino"
"30401",45785,0.788923611111111,"LOMAS RESIDENCIAL PACHUCA",19.9147923526686,-98.6948252782475,"SEGURIDAD","OTRAS ALARMAS DE EMERGENCIAS ACTIVADAS","Masculino"
"30430",45937,0.911006944444444,"ATOTONILCO DE TULA CENTRO",20.133105891528,-99.2685123095372,"SEGURIDAD","ROBO DE VEHÍCULO PARTICULAR SIN VIOLENCIA","Femenino"
"10204",45804,0.317893518518519,"CARLOS SALINAS DE GORTARI",19.9935640830272,-98.3141634752034,"MEDICO","CAÍDA","Sin Especificar"
"31104",45935,0.669155092592593,"FELIPE ANGELES",20.1850878921367,-98.6644353050634,"SEGURIDAD","CONSUMO DE ALCOHOL EN VÍA PÚBLICA","Masculino"
"50301",45957,0.648263888888889,"XOCHIHUACAN",20.087665707908,-98.6910304001861,"ASISTENCIA","APOYO A LA CIUDADANÍA","Sin Especificar"
"31101",45985,0.860578703703704,"CENTRO TULA DE ALLENDE",20.0614770183508,-99.3071558222754,"SEGURIDAD","ALTERACIÓN DEL ORDEN PÚBLICO POR PERSONA ALCOHOLIZADA","Masculino"
"30908",45773,0.410358796296296,"PALO GORDO (EJIDO NOPALILLO)",20.2237589046386,-98.2689317377747,"SEGURIDAD","SUICIDIO","Masculino"
"31001",45928,0.908784722222222,"SAN MATEO SEGUNDA SECCION",19.9125613471734,-99.2732555328538,"SEGURIDAD","ALLANAMIENTO DE MORADA","Masculino"
"10204",45696,0.636747685185185,"FORJADORES DE PACHUCA",19.8197595174041,-98.8029967841024,"MEDICO","CAÍDA","Femenino"
"50105",45928,0.884849537037037,"PASEOS DE LA PLATA",20.1489656868022,-98.7724104420646,"ASISTENCIA","RUIDO EXCESIVO","Sin Especificar"
"20311",45917,0.571805555555556,"U. H. 18 DE MARZO",20.1028102638491,-99.3420577343821,"PROTECCIÓN CIVIL","OTROS INCENDIOS","Femenino"
"31104",45998,0.0247916666666667,"LOS SABINOS",20.0694864561446,-98.3051507796865,"SEGURIDAD","CONSUMO DE ALCOHOL EN VÍA PÚBLICA","Masculino"
"30502",45809,0.151701388888889,"REAL MADEIRA",20.1597809117436,-98.8335871914142,"SEGURIDAD","VIOLENCIA DE PAREJA","Femenino"
"10116",45870,0.409826388888889,"PACHUQUILLA",20.217982018337,-98.6517539629043,"MEDICO","ATROPELLAMIENTO","Sin Especificar"
"30401",45817,0.730520833333333,"LOMAS DEL CHACON",20.3368941737562,-98.788259851397,"SEGURIDAD","OTRAS ALARMAS DE EMERGENCIAS ACTIVADAS","Femenino"
"30305",45715,0.94962962962963,"SIN COLONIA",20.74059635287,-98.7596502642874,"SEGURIDAD","VEHÍCULO A EXCESO DE VELOCIDAD","Sin Especificar"
"30907",45986,0.7421875,"LA AMISTAD",20.0626231720868,-99.331669570888,"SEGURIDAD","PERSONA AGRESIVA","Femenino"
"30446",45785,0.410694444444444,"DOCTORES",20.0936085283098,-98.8283720478544,"SEGURIDAD","OTROS ACTOS RELACIONADOS CON EL PATRIMONIO","Femenino"
"31112",45680,0.0875578703703704,"ZONA PLATEADA",20.1187335960273,-98.8931228012102,"SEGURIDAD","RIÑA / PELEA CLANDESTINA","Masculino"
"10307",45725,0.827511574074074,"SAN NICOLAS EL CHICO",20.156996780395,-98.4266300822988,"MEDICO","CONVULSIONES","Masculino"
"30401",45943,0.228622685185185,"CENTRO PACHUCA DE SOTO",20.169119473266,-98.6792497843407,"SEGURIDAD","OTRAS ALARMAS DE EMERGENCIAS ACTIVADAS","Sin Especificar"
"30502",45987,0.797962962962963,"EX-HACIENDA DE COSCOTITLAN",20.2711689108748,-98.7771844833857,"SEGURIDAD","VIOLENCIA DE PAREJA","Masculino"
"30309",45972,0.372800925925926,"VILLAS DE PACHUCA",20.0447111880705,-98.7380698012335,"SEGURIDAD","ACCIDENTE DE TRÁNSITO SIN LESIONADOS","Sin Especificar"
"50105",45889,0.945740740740741,"ESTRELLA",20.1388468237526,-98.508922138216,"ASISTENCIA","RUIDO EXCESIVO","Femenino"
"50301",45957,0.849988425925926,"ARBOLEDAS DE SAN JAVIER",20.1027647417937,-98.902088479988,"ASISTENCIA","APOYO A LA CIUDADANÍA","Masculino"
"50301",45899,0.49818287037037,"DOCTORES",20.0761098792491,-98.9036683600447,"ASISTENCIA","APOYO A LA CIUDADANÍA","Femenino"
"20307",45731,0.765081018518519,"ENCARNACION",20.9590051725663,-99.1385011007528,"PROTECCIÓN CIVIL","INCENDIO FORESTAL","Masculino"
"30307",45752,0.126481481481481,"P.R.I. CHACON",20.0275251143396,-98.7210889651919,"SEGURIDAD","VEHÍCULO SOSPECHOSO","Femenino"
"31113",46013,0.562928240740741,"LOS TIGRES",20.0360690400065,-99.2546761339816,"SEGURIDAD","PERSONA EXHIBICIONISTA","Femenino"
"30904",45908,0.843032407407407,"C.T.M.",20.1696055840234,-98.7891878303945,"SEGURIDAD","PERSONA SOSPECHOSA","Masculino"
"50304",45740,0.763356481481481,"CUATRO PALOS",20.0195345923487,-98.4809691880747,"ASISTENCIA","PERSONA EN SITUACIÓN DE CALLE","Masculino"
"50301",45761,0.634409722222222,"CUAUTEPEC DE HINOJOSA CENTRO",20.0106363605539,-98.4455326472271,"ASISTENCIA","APOYO A LA CIUDADANÍA","Sin Especificar"
"30430",45850,0.870740740740741,"PARQUE DE POBLAMIENTO",20.1448859266549,-98.6906928213635,"SEGURIDAD","ROBO DE VEHÍCULO PARTICULAR SIN VIOLENCIA","Femenino"
"31101",45752,0.987013888888889,"LAZARO CARDENAS",19.8725999968895,-98.9967192790527,"SEGURIDAD","ALTERACIÓN DEL ORDEN PÚBLICO POR PERSONA ALCOHOLIZADA","Masculino"
"31102",45689,0.396516203703704,"SAN ANGEL",19.7907981986162,-98.9281180531452,"SEGURIDAD","ALTERACIÓN DEL ORDEN PÚBLICO POR PERSONA DROGADA","Masculino"
"30907",45926,0.376168981481482,"BARRIO DE SAN JUAN TIZAHUAPAN",20.13325486003,-98.5319004198904,"SEGURIDAD","PERSONA AGRESIVA","Femenino"
"10107",45767,0.744178240740741,"COSCOTITLAN",20.1742648092659,-98.7718591465021,"MEDICO","ACCIDENTE MÚLTIPLE CON LESIONADOS","Femenino"
"30504",45976,0.876354166666667,"FARAONA",20.1636872411495,-98.9100054881931,"SEGURIDAD","OTROS ACTOS RELACIONADOS CON LA FAMILIA","Masculino"
"31101",45764,0.100196759259259,"AMPLIACION SANTA JULIA 3RA SEECION",20.1555201975906,-98.9551750077559,"SEGURIDAD","ALTERACIÓN DEL ORDEN PÚBLICO POR PERSONA ALCOHOLIZADA","Sin Especificar"
"10103",45885,0.816157407407407,"NAPATECO",20.2186935293158,-98.3653664689871,"MEDICO","ACCIDENTE DE MOTOCICLETA CON LESIONADOS","Masculino"
"30907",45786,0.638310185185185,"EX-HACIENDA DE COSCOTITLAN",20.2803692966818,-98.7113815966808,"SEGURIDAD","PERSONA AGRESIVA","Sin Especificar"
"10104",46009,0.0860416666666667,"EX-HACIENDA DE COSCOTITLAN",20.1510554828188,-98.9223805182257,"MEDICO","ACCIDENTE DE VEHÍCULO AUTOMOTOR CON LESIONADOS","Femenino"
"30504",45943,0.93869212962963,"AMPLIACION ROJO GOMEZ",20.1899896945774,-98.2895011461462,"SEGURIDAD","OTROS ACTOS RELACIONADOS CON LA FAMILIA","Femenino"
"10211",45856,0.686516203703704,"TULA [PARQUE INDUSTRIAL]",19.9382697708774,-99.4014882457756,"MEDICO","QUEMADURAS","Masculino"
"30503",45662,0.049537037037037,"DENDHO",20.053631044773,-99.0963807855648,"SEGURIDAD","VIOLENCIA FAMILIAR","Sin Especificar"
"10307",45982,0.837199074074074,"EL CARDENAL",20.0806394909492,-99.2207483363102,"MEDICO","CONVULSIONES","Masculino"
"30430",45822,0.748043981481481,"AVIACION",20.301757574744,-98.9953708184249,"SEGURIDAD","ROBO DE VEHÍCULO PARTICULAR SIN VIOLENCIA","Sin Especificar"
"30103",45963,0.321597222222222,"AMPLIACION SANTA JULIA 3RA SEECION",19.9934724816923,-98.7465184035636,"SEGURIDAD","PERSONA TIRADA EN VÍA PÚBLICA","Femenino"
"30607",45849,0.716747685185185,"CAMPESTRE VILLAS DEL ALAMO",20.1231001306309,-98.642602349455,"SEGURIDAD","SUSTRACCIÓN DE MENORES","Femenino"
"30903",45813,0.398668981481482,"ATEMPA",19.7858337571236,-98.8539290826286,"SEGURIDAD","VIOLENCIA CONTRA LA MUJER","Femenino"
"30504",46001,0.913113425925926,"PARQUE HIDALGO",20.0934829222665,-98.7437663349445,"SEGURIDAD","OTROS ACTOS RELACIONADOS CON LA FAMILIA","Femenino"
"30309",45991,0.482881944444444,"SANTA MARIA LA CALERA",20.0218304617947,-98.6859528445476,"SEGURIDAD","ACCIDENTE DE TRÁNSITO SIN LESIONADOS","Masculino"
"31104",45927,0.878854166666667,"CENTRO PACHUCA DE SOTO",20.226912135119,-98.8433454100225,"SEGURIDAD","CONSUMO DE ALCOHOL EN VÍA PÚBLICA","Sin Especificar"
"20311",45886,0.638981481481482,"SAN ANTONIO EL DESMONTE",20.068160462685,-98.6963093178187,"PROTECCIÓN CIVIL","OTROS INCENDIOS","Masculino"
"30503",45988,0.031724537037037,"EMILIANO ZAPATA",19.9652781087722,-99.0495702624353,"SEGURIDAD","VIOLENCIA FAMILIAR","Femenino"
"30401",45882,0.203414351851852,"MOLANGO CENTRO",20.8939865156682,-98.7561074323994,"SEGURIDAD","OTRAS ALARMAS DE EMERGENCIAS ACTIVADAS","Masculino"
"30430",46015,0.862256944444445,"EL TEJOCOTAL",20.1442239665124,-98.0786545944795,"SEGURIDAD","ROBO DE VEHÍCULO PARTICULAR SIN VIOLENCIA","Femenino"
"30907",45909,0.889768518518519,"11 DE JULIO 3A SECCION",20.1137413256947,-98.8220569013502,"SEGURIDAD","PERSONA AGRESIVA","Sin Especificar"
"30907",45783,0.899907407407407,"DON ANTONIO",19.8185173799635,-98.9131207248716,"SEGURIDAD","PERSONA AGRESIVA","Masculino"
"10208",45775,0.0142708333333333,"VILLAS DE PACHUCA",20.097078805176,-98.8174825049986,"MEDICO","LESIONADO POR ARMA BLANCA","Masculino"
"10305",45712,0.338842592592593,"SAN MIGUEL VINDHO",19.8542599852445,-99.1952943359717,"MEDICO","DIFICULTAD RESPIRATORIA / URGENCIA RESPIRATORIA","Masculino"
"30406",45682,0.376412037037037,"FRACCIONAMIENTO VALLE DEL SOL",19.8150355275921,-98.9019697680621,"SEGURIDAD","EXTORSIÓN","Femenino"
"30401",45893,0.112951388888889,"PEMEX",20.1220019319679,-99.2102296826015,"SEGURIDAD","OTRAS ALARMAS DE EMERGENCIAS ACTIVADAS","Femenino"
"30401",45885,0.0620486111111111,"SAN JOSE ATLAN",20.2054688212577,-99.7643217240819,"SEGURIDAD","OTRAS ALARMAS DE EMERGENCIAS ACTIVADAS","Masculino"
"50105",45934,0.142071759259259,"NOPALA CENTRO",20.4198503286645,-99.6612626376012,"ASISTENCIA","RUIDO EXCESIVO","Femenino"
"30609",45937,0.530509259259259,"SANTA MARIA LA CALERA",19.9226137569854,-98.7172260853272,"SEGURIDAD","OTROS ACTOS RELACIONADOS CON LA LIBERTAD PERSONAL","Masculino"
"10104",45686,0.0315509259259259,"EL TEJOCOTAL",20.1424088875127,-98.0630854426768,"MEDICO","ACCIDENTE DE VEHÍCULO AUTOMOTOR CON LESIONADOS","Masculino"
"30502",46012,0.923854166666667,"DE FERROCARRILEROS",20.2237861436984,-99.1400967519383,"SEGURIDAD","VIOLENCIA DE PAREJA","Sin Especificar"
"50301",45705,0.00969907407407407,"MELCHOR OCAMPO (EL SALTO)",19.8832067496574,-99.3659926034584,"ASISTENCIA","APOYO A LA CIUDADANÍA","Masculino"
"30307",45709,0.901875,"LOS ANGELES",20.224081401824,-98.7069903117291,"SEGURIDAD","VEHÍCULO SOSPECHOSO","Femenino"
"30907",45992,0.784884259259259,"HACIENDAS DE TIZAYUCA",19.9755348601696,-98.9935892020076,"SEGURIDAD","PERSONA AGRESIVA","Femenino"
"30904",45769,0.242430555555556,"LOS SABINOS",19.9711586976562,-98.5778167642465,"SEGURIDAD","PERSONA SOSPECHOSA","Masculino"
"30414",45792,0.701342592592593,"BOSQUES DE NAPATECO",20.2506629075947,-98.3326348427465,"SEGURIDAD","ROBO A CASA HABITACIÓN SIN VIOLENCIA","Sin Especificar"
"30903",45764,0.98525462962963,"LA TOSCANA (BAJA)",19.8947540603896,-98.9891906982911,"SEGURIDAD","VIOLENCIA CONTRA LA MUJER","Femenino"
"30503",45732,0.819861111111111,"CUIXTITLA",19.7754213757032,-98.9139857429671,"SEGURIDAD","VIOLENCIA FAMILIAR","Femenino"
"31102",45868,0.558506944444445,"PASEOS DE CHAVARRIA",20.1365642054819,-98.695365803017,"SEGURIDAD","ALTERACIÓN DEL ORDEN PÚBLICO POR PERSONA DROGADA","Femenino"
"30308",45909,0.324375,"COLOSIO II",20.1342389072313,-98.8774785593839,"SEGURIDAD","VEHÍCULO DESCOMPUESTO","Masculino"
"30904",46020,0.550081018518518,"SAN GABRIEL AZTECA",20.0488043542625,-98.6177137956698,"SEGURIDAD","PERSONA SOSPECHOSA","Femenino"
"50301",45879,0.823287037037037,"EL BARRIDO",20.5317048231836,-99.1791829463761,"ASISTENCIA","APOYO A LA CIUDADANÍA","Sin Especificar"
"30503",45716,0.79431712962963,"SAN FRANCISCO",20.2387894876533,-98.7014953839132,"SEGURIDAD","VIOLENCIA FAMILIAR","Femenino"
"31105",45949,0.683020833333333,"SAN CLEMENTE",20.0403270800384,-98.8267285654375,"SEGURIDAD","CONSUMO DE DROGAS EN VÍA PÚBLICA","Masculino"
"20103",45765,0.820405092592593,"SIN COLONIA",20.1935171246081,-98.6587085801002,"PROTECCIÓN CIVIL","ANIMAL PELIGROSO","Femenino"
"30101",45866,0.451400462962963,"EL VENADO",20.1973765950336,-98.6664886944666,"SEGURIDAD","VEHÍCULO ABANDONADO","Sin Especificar"
"31101",45696,0.470729166666667,"JAVIER ROJO GOMEZ 1A SECC",20.064882034963,-98.7569271315585,"SEGURIDAD","ALTERACIÓN DEL ORDEN PÚBLICO POR PERSONA ALCOHOLIZADA","Sin Especificar"
"50301",45939,0.0580902777777778,"SAN CARLOS",20.1271321420798,-98.7764921619824,"ASISTENCIA","APOYO A LA CIUDADANÍA","Femenino"
"31104",45780,0.0218981481481481,"SIN COLONIA",20.1913833447222,-98.2776463983068,"SEGURIDAD","CONSUMO DE ALCOHOL EN VÍA PÚBLICA","Sin Especificar"
"50301",45982,0.575578703703704,"CESPEDES REFORMA",20.0593930809701,-98.9767066870563,"ASISTENCIA","APOYO A LA CIUDADANÍA","Masculino"
"30503",45693,0.412291666666667,"PILCUATLA",20.853837988823,-98.4527716208244,"SEGURIDAD","VIOLENCIA FAMILIAR","Masculino"
"30502",45934,0.757222222222222,"PRADERAS DE VIRREYES",19.9983176860916,-98.4625906985717,"SEGURIDAD","VIOLENCIA DE PAREJA","Masculino"
"30204",45839,0.706979166666667,"DON ANTONIO",19.9612326097461,-99.0098430729051,"SEGURIDAD","PORTACIÓN DE ARMAS O CARTUCHOS","Femenino"
"20311",45747,0.671342592592593,"LA CAÑADA",20.0177067793505,-98.5072386331891,"PROTECCIÓN CIVIL","OTROS INCENDIOS","Sin Especificar"
"30907",45984,0.742951388888889,"CENTRO PACHUCA DE SOTO",20.0677785172346,-98.7309726330235,"SEGURIDAD","PERSONA AGRESIVA","Masculino"
"50105",45864,0.0257175925925926,"LA PROVIDENCIA SIGLO XXI",20.1026552442303,-98.6904549059581,"ASISTENCIA","RUIDO EXCESIVO","Masculino"
"50301",45920,0.904074074074074,"ZONA PLATEADA",20.1259946990664,-98.6950915648011,"ASISTENCIA","APOYO A LA CIUDADANÍA","Sin Especificar"
"50301",45810,0.376469907407407,"CENTRO MINERO",20.2169164874278,-98.6753252299372,"ASISTENCIA","APOYO A LA CIUDADANÍA","Femenino"
"31105",45668,0.870902777777778,"PASEOS DE CHAVARRIA",20.1570636407902,-98.6632440458795,"SEGURIDAD","CONSUMO DE DROGAS EN VÍA PÚBLICA","Femenino"
"30448",45660,0.798136574074074,"EL ENCINAL",20.1269487367095,-98.3585214182662,"SEGURIDAD","ROBO DE COMBUSTIBLE","Femenino"
"30503",45767,0.88900462962963,"LA RAZA",20.1507409967543,-98.767069900587,"SEGURIDAD","VIOLENCIA FAMILIAR","Masculino"
"30904",45759,0.922800925925926,"CEUNI",19.9210616235407,-98.4844775092132,"SEGURIDAD","PERSONA SOSPECHOSA","Sin Especificar"
"30503",45774,0.337037037037037,"EL TEPHE",20.3270270036003,-99.2169885975322,"SEGURIDAD","VIOLENCIA FAMILIAR","Masculino"
"10307",45711,0.422974537037037,"VENTA PRIETA",20.0804833438753,-98.8262071339527,"MEDICO","CONVULSIONES","Masculino"
"31112",45695,0.41318287037037,"EL PEDREGAL",19.8378277199176,-99.0579887382474,"SEGURIDAD","RIÑA / PELEA CLANDESTINA","Masculino"
"30401",45768,0.960740740740741,"INDUSTRIAL LA PAZ",20.178220094849,-98.8461846947437,"SEGURIDAD","OTRAS ALARMAS DE EMERGENCIAS ACTIVADAS","Sin Especificar"
"30502",45822,0.899733796296296,"JUAN C. DORIA",20.1867129934463,-98.5347738296516,"SEGURIDAD","VIOLENCIA DE PAREJA","Masculino"
"50105",45931,0.008125,"PASEOS DE CHAVARRIA",20.0121060969868,-98.8329580368697,"ASISTENCIA","RUIDO EXCESIVO","Femenino"
"31112",45984,0.200289351851852,"LINDAVISTA",20.0722143100135,-98.2690418562149,"SEGURIDAD","RIÑA / PELEA CLANDESTINA","Sin Especificar"
"20107",45738,0.671006944444444,"TLANALAPA CENTRO",19.8991003748141,-98.6252611650276,"PROTECCIÓN CIVIL","EXPLOSIÓN","Masculino"
"60102",45896,0.634791666666667,"ZIMAPANTONGO",20.2406711670033,-99.4278089331664,"OTROS SERVICIOS","ANIMAL MUERTO","Masculino"
"31103",45976,0.147152777777778,"PLUTARCO ELIAS CALLES",20.2400111627717,-99.0214072800893,"SEGURIDAD","CONDUCTOR EBRIO","Masculino"
"30401",45823,0.543773148148148,"CENTRO PACHUCA DE SOTO",20.0473895867123,-98.6266355873018,"SEGURIDAD","OTRAS ALARMAS DE EMERGENCIAS ACTIVADAS","Sin Especificar"
"30503",45763,0.60525462962963,"DOCTORES",20.0662263548508,-98.7146023155868,"SEGURIDAD","VIOLENCIA FAMILIAR","Femenino"
"31103",45868,0.774398148148148,"EL BOXTHA",20.3164940930407,-99.053813590075,"SEGURIDAD","CONDUCTOR EBRIO","Masculino"
"30904",46022,0.527268518518519,"HACIENDA MARGARITA",19.9365377853602,-98.8315204603088,"SEGURIDAD","PERSONA SOSPECHOSA","Sin Especificar"
"30204",45674,0.798796296296296,"VITO",19.9279961225079,-99.053543246209,"SEGURIDAD","PORTACIÓN DE ARMAS O CARTUCHOS","Masculino"
"30302",45949,0.0430324074074074,"SAN BARTOLO",20.0738307902368,-98.7534750223978,"SEGURIDAD","ARRANCONES O CARRERAS DE VEHÍCULOS","Sin Especificar"
"50105",45953,0.875740740740741,"BONANZA",20.0544312608537,-98.6701903729705,"ASISTENCIA","RUIDO EXCESIVO","Masculino"
"10204",45872,0.612974537037037,"SIN COLONIA",20.4726233398284,-99.073411189103,"MEDICO","CAÍDA","Sin Especificar"
"30202",46016,0.0985648148148148,"RINCONES DE LA HACIENDA",20.0149704472136,-98.3947889649984,"SEGURIDAD","DETONACIÓN DE ARMA DE FUEGO","Masculino"
"30305",45702,0.545,"ROJO GOMEZ",20.0125531210021,-98.8124919109397,"SEGURIDAD","VEHÍCULO A EXCESO DE VELOCIDAD","Masculino"
"30310",45690,0.786666666666667,"SIN COLONIA",20.1203346207854,-98.8370845651753,"SEGURIDAD","OTRAS FALTAS AL REGLAMENTO DE TRÁNSITO","Sin Especificar"
"30904",45726,0.900706018518519,"OMITLAN DE JUAREZ CENTRO",20.0052360029478,-98.6143235085951,"SEGURIDAD","PERSONA SOSPECHOSA","Femenino"
"30503",45809,0.0600231481481481,"SANTA MARIA ASUNCION",20.0223019114947,-98.5006870515018,"SEGURIDAD","VIOLENCIA FAMILIAR","Masculino"
"30307",45942,0.835868055555556,"ZENTHE",20.1209046066621,-99.1009060677599,"SEGURIDAD","VEHÍCULO SOSPECHOSO","Masculino"
"30503",46003,0.79275462962963,"EL PEDREGAL",19.8413849860374,-99.0983399170112,"SEGURIDAD","VIOLENCIA FAMILIAR","Masculino"
"30310",45935,0.664780092592593,"EL SAUCILLO",20.1141347727176,-98.6283827991439,"SEGURIDAD","OTRAS FALTAS AL REGLAMENTO DE TRÁNSITO","Femenino"
"30904",45995,0.557453703703704,"VALLE DE SAN JAVIER",20.2140706310288,-98.7083265805333,"SEGURIDAD","PERSONA SOSPECHOSA","Sin Especificar"
"50301",46017,0.491006944444444,"PACHUQUILLA",19.9480920541589,-98.7206393340637,"ASISTENCIA","APOYO A LA CIUDADANÍA","Masculino"
"10207",45686,0.975636574074074,"LA AMISTAD",19.9366710994625,-99.320045518364,"MEDICO","HEMORRAGIA","Femenino"
"30904",45712,0.968865740740741,"FRACCIONAMIENTO MIGUEL HIDALGO",19.8772982860893,-99.1336268707142,"SEGURIDAD","PERSONA SOSPECHOSA","Femenino"
"30309",45822,0.548252314814815,"VENTA PRIETA",20.0184113406787,-98.71676257775,"SEGURIDAD","ACCIDENTE DE TRÁNSITO SIN LESIONADOS","Sin Especificar"
"30907",45865,0.707592592592593,"CRISOL",20.121899020978,-98.9119764984597,"SEGURIDAD","PERSONA AGRESIVA","Masculino"
"31112",45723,0.438553240740741,"LA CRUZ DE ZOCUITECO",20.9738817276458,-98.2571756634986,"SEGURIDAD","RIÑA / PELEA CLANDESTINA","Femenino"
"30907",45873,0.0327777777777778,"MORELOS 1A SECCION",20.0686498278801,-98.6905881389854,"SEGURIDAD","PERSONA AGRESIVA","Masculino"
"30307",45735,0.668229166666667,"EL SABINO",20.6988738754089,-99.4252708661041,"SEGURIDAD","VEHÍCULO SOSPECHOSO","Masculino"
"30502",45732,0.751006944444445,"HACIENDA MARGARITA",19.8045435629601,-98.7425596498211,"SEGURIDAD","VIOLENCIA DE PAREJA","Femenino"
"30401",45731,0.16619212962963,"HUEHUETLA CENTRO",20.5253467828133,-98.1772187253131,"SEGURIDAD","OTRAS ALARMAS DE EMERGENCIAS ACTIVADAS","Femenino"
"30309",45819,0.672604166666667,"REVOLUCION",20.1646368839512,-98.8037406698236,"SEGURIDAD","ACCIDENTE DE TRÁNSITO SIN LESIONADOS","Sin Especificar"
"30307",45822,0.0389467592592593,"ROJO GOMEZ",19.7937665518539,-98.5805153405533,"SEGURIDAD","VEHÍCULO SOSPECHOSO","Femenino"
"30306",45743,0.32025462962963,"MORELOS 1A SECCION",20.1325503937465,-98.7023833109236,"SEGURIDAD","VEHÍCULO EN HUIDA","Masculino"
"30202",45773,0.984236111111111,"EL REFUGIO (SALITRERA)",20.1794796016098,-99.2248366527576,"SEGURIDAD","DETONACIÓN DE ARMA DE FUEGO","Sin Especificar"
"10317",45857,0.0475,"SAN MIGUEL ACAMBAY",20.341048437281,-98.9487374406941,"MEDICO","FALLECIDO DE CAUSA NATURAL","Femenino"
"30904",45768,0.080162037037037,"TLATZINTLA",20.1242368602777,-98.3143762689422,"SEGURIDAD","PERSONA SOSPECHOSA","Sin Especificar"
"30502",45941,0.705590277777778,"2 DE AGOSTO",20.0931233804766,-98.2698466437371,"SEGURIDAD","VIOLENCIA DE PAREJA","Sin Especificar"
"30414",45998,0.356724537037037,"CHILILIAPA",20.7807784112939,-98.7263374030949,"SEGURIDAD","ROBO A CASA HABITACIÓN SIN VIOLENCIA","Masculino"
"50301",45742,0.295833333333333,"REVOLUCION",19.9665683972124,-98.5996719410808,"ASISTENCIA","APOYO A LA CIUDADANÍA","Femenino"
"31112",45878,0.66974537037037,"LA PROVIDENCIA SIGLO XXI",20.0806966882256,-98.758321824251,"SEGURIDAD","RIÑA / PELEA CLANDESTINA","Femenino"
"30504",46012,0.722164351851852,"EL ORO",20.3812084479223,-99.2512183472582,"SEGURIDAD","OTROS ACTOS RELACIONADOS CON LA FAMILIA","Sin Especificar"
"31102",45814,0.673854166666667,"LOMAS DE VISTA HERMOSA",20.0871242900905,-98.6558689469562,"SEGURIDAD","ALTERACIÓN DEL ORDEN PÚBLICO POR PERSONA DROGADA","Femenino"
"30310",45734,0.39837962962963,"BOULEVARES DE SAN FRANCISCO",20.2074888409103,-98.8454483482406,"SEGURIDAD","OTRAS FALTAS AL REGLAMENTO DE TRÁNSITO","Sin Especificar"
"30308",45885,0.517395833333333,"TLAMIMILOLPA",20.2045657789671,-98.1290006709472,"SEGURIDAD","VEHÍCULO DESCOMPUESTO","Sin Especificar"
"30907",45926,0.910358796296296,"IMPULSOR SECTOR PRIMARIO",20.1319103923512,-98.6980142822078,"SEGURIDAD","PERSONA AGRESIVA","Femenino"
"31112",45703,0.902349537037037,"CENTRO 1 ER. CUADRO",19.979942296393,-98.5723737373837,"SEGURIDAD","RIÑA / PELEA CLANDESTINA","Masculino"
"10307",45991,0.00331018518518519,"TEZOQUIPA",20.1877203481697,-99.4523514709851,"MEDICO","CONVULSIONES","Sin Especificar"
"30503",45804,0.924363425925926,"LA RAZA",20.2044779279786,-98.6903184004607,"SEGURIDAD","VIOLENCIA FAMILIAR","Femenino"
"30502",45870,0.818518518518519,"NANTZHA",20.1481880332227,-99.3216923894012,"SEGURIDAD","VIOLENCIA DE PAREJA","Sin Especificar"
"50301",45788,0.535821759259259,"TAXHUADA",20.3548450382764,-99.2148226527421,"ASISTENCIA","APOYO A LA CIUDADANÍA","Masculino"
"30907",46007,0.927280092592593,"PUERTO MEXICO",20.1782780959072,-99.1251382311757,"SEGURIDAD","PERSONA AGRESIVA","Masculino"
"10104",45687,0.7959375,"DEL VALLE",20.2196089942341,-98.963928949266,"MEDICO","ACCIDENTE DE VEHÍCULO AUTOMOTOR CON LESIONADOS","Masculino"
"31002",45968,0.63130787037037,"JALTEPEC",19.9773587640241,-98.5183689122161,"SEGURIDAD","AMENAZA","Femenino"
"30401",45883,0.291689814814815,"CESPEDES REFORMA",20.1238703487467,-98.711111699348,"SEGURIDAD","OTRAS ALARMAS DE EMERGENCIAS ACTIVADAS","Sin Especificar"
"30307",45739,0.71724537037037,"PERIODISTA",20.2593156765125,-98.7436508847481,"SEGURIDAD","VEHÍCULO SOSPECHOSO","Femenino"
"30310",45891,0.7134375,"CUIXTITLA",20.0131245533521,-99.1095925308951,"SEGURIDAD","OTRAS FALTAS AL REGLAMENTO DE TRÁNSITO","Masculino"
"30309",46007,0.338032407407407,"VENTA PRIETA",20.1522144846184,-98.6086041334927,"SEGURIDAD","ACCIDENTE DE TRÁNSITO SIN LESIONADOS","Masculino"
"30307",45822,0.559918981481481,"REAL DE LA PLATA",20.1180531518484,-98.7906855106813,"SEGURIDAD","VEHÍCULO SOSPECHOSO","Masculino"
"10103",45947,0.943506944444444,"LOS TIGRES",20.1055587467391,-99.3172080767632,"MEDICO","ACCIDENTE DE MOTOCICLETA CON LESIONADOS","Masculino"
"10307",45766,0.796805555555556,"CENTRO APAN",19.5918038675367,-98.4600550734865,"MEDICO","CONVULSIONES","Sin Especificar"
"30307",45677,0.74912037037037,"PIRACANTOS",20.0913488966149,-98.8670951234114,"SEGURIDAD","VEHÍCULO SOSPECHOSO","Femenino"
"30401",45778,0.0548148148148148,"FRANCISCO VILLA",19.8900681592722,-98.4607343688365,"SEGURIDAD","OTRAS ALARMAS DE EMERGENCIAS ACTIVADAS","Masculino"
"30907",45960,0.462650462962963,"CIUDAD DE LOS NIÑOS",20.1490146623919,-98.8886002832273,"SEGURIDAD","PERSONA AGRESIVA","Femenino"
"10104",45866,0.778402777777778,"SAN PEDRO NOPANCALCO",20.1977747249893,-98.7843752715936,"MEDICO","ACCIDENTE DE VEHÍCULO AUTOMOTOR CON LESIONADOS","Masculino"
"10103",45908,0.406631944444444,"DOS CERROS",20.348697551605,-99.2023374372313,"MEDICO","ACCIDENTE DE MOTOCICLETA CON LESIONADOS","Sin Especificar"
"30502",45715,0.0727777777777778,"LOS HEROES TIZAYUCA",19.933677890747,-99.0924954927334,"SEGURIDAD","VIOLENCIA DE PAREJA","Sin Especificar"
"10204",45892,0.0537615740740741,"VILLA MILAGROS",19.6716703372617,-98.9433508235042,"MEDICO","CAÍDA","Femenino"
"30307",45702,0.0475231481481481,"EL SALITRE",20.16409209849,-99.0490892792824,"SEGURIDAD","VEHÍCULO SOSPECHOSO","Femenino"
"30310",45891,0.797152777777778,"MAESTRANZA",20.2598985765391,-98.8258916705859,"SEGURIDAD","OTRAS FALTAS AL REGLAMENTO DE TRÁNSITO","Sin Especificar"
"30903",45728,0.531863425925926,"SAN NICOLAS CEBOLLETAS",20.1664886942562,-98.1183910402582,"SEGURIDAD","VIOLENCIA CONTRA LA MUJER","Femenino"
"30309",46006,0.622013888888889,"NACOZARI",19.9216885820047,-98.8979448221791,"SEGURIDAD","ACCIDENTE DE TRÁNSITO SIN LESIONADOS","Sin Especificar"
"10305",46012,0.0568402777777778,"EMILIANO ZAPATA",19.7951154524704,-98.9895868556269,"MEDICO","DIFICULTAD RESPIRATORIA / URGENCIA RESPIRATORIA","Femenino"
"30310",45783,0.79337962962963,"LAS PALMITAS",20.1609968308816,-98.8395591918545,"SEGURIDAD","OTRAS FALTAS AL REGLAMENTO DE TRÁNSITO","Sin Especificar"
"30904",45670,0.893726851851852,"DOCTORES",20.2083651100007,-98.8353364365063,"SEGURIDAD","PERSONA SOSPECHOSA","Sin Especificar"
"30904",45831,0.968472222222222,"20 DE NOVIEMBRE",20.1431570250839,-99.0393075413428,"SEGURIDAD","PERSONA SOSPECHOSA","Femenino"
"30907",45973,0.168298611111111,"CENTRO 1 ER. CUADRO",19.9935178386672,-98.3195182798899,"SEGURIDAD","PERSONA AGRESIVA","Masculino"
"50105",45749,0.992881944444445,"LA ESCONDIDA",20.1470241248819,-98.40183326792,"ASISTENCIA","RUIDO EXCESIVO","Femenino"
"50301",45876,0.0502199074074074,"TLALMINULPA",20.1847278711023,-99.275008121455,"ASISTENCIA","APOYO A LA CIUDADANÍA","Sin Especificar"
"30708",45900,0.351076388888889,"HACIENDA SAN LUNES",20.1321536217829,-98.6838744222606,"SEGURIDAD","OTROS ACTOS RELACIONADOS CON LA LIBERTAD Y LA SEGURIDAD SEXUAL","Femenino"
"50301",45870,0.453333333333333,"CUAUTEPEC DE HINOJOSA CENTRO",20.1803364710048,-98.323688355788,"ASISTENCIA","APOYO A LA CIUDADANÍA","Sin Especificar"
"20404",45926,0.6059375,"EPAZOYUCAN CENTRO",19.870747165493,-98.5026719916588,"PROTECCIÓN CIVIL","OTROS RESCATES","Masculino"
"31113",45808,0.544166666666667,"GUADALUPE 1RA SECCION",20.2909381003982,-98.4588676883063,"SEGURIDAD","PERSONA EXHIBICIONISTA","Femenino"
"30102",46003,0.711261574074074,"LOS TUZOS",19.9378424696483,-98.8168829341646,"SEGURIDAD","OBJETO SOSPECHOSO O PELIGROSO","Masculino"
"31105",45760,0.71244212962963,"SAN CAYETANO EL BORDO",20.0957365954285,-98.5487474950569,"SEGURIDAD","CONSUMO DE DROGAS EN VÍA PÚBLICA","Femenino"
"30401",45962,0.979583333333333,"NIÑOS HEROES",20.0902796752981,-99.0153121591205,"SEGURIDAD","OTRAS ALARMAS DE EMERGENCIAS ACTIVADAS","Masculino"
"50301",45982,0.786284722222222,"SIN COLONIA",20.1682019525547,-98.7574169047,"ASISTENCIA","APOYO A LA CIUDADANÍA","Masculino"
"30903",45816,0.605104166666667,"PASEOS DE LA PRADERA",19.9549587577167,-99.4313740847288,"SEGURIDAD","VIOLENCIA CONTRA LA MUJER","Masculino"
"30401",45790,0.240196759259259,"COSCOTITLAN",20.2028940188063,-98.6539056858114,"SEGURIDAD","OTRAS ALARMAS DE EMERGENCIAS ACTIVADAS","Femenino"
"30904",45899,0.0660416666666667,"HUALULA (SAN JUAN HUALULA)",20.9203107519265,-98.8544351542008,"SEGURIDAD","PERSONA SOSPECHOSA","Masculino"
"31102",45916,0.835810185185185,"CARBONERAS",20.0312778424569,-98.6962382529229,"SEGURIDAD","ALTERACIÓN DEL ORDEN PÚBLICO POR PERSONA DROGADA","Femenino"
"30401",45949,0.00962962962962963,"EL CALVARIO",20.2816078061202,-99.6434225059732,"SEGURIDAD","OTRAS ALARMAS DE EMERGENCIAS ACTIVADAS","Femenino"
"10307",45795,0.975439814814815,"HACIENDAS DE TIZAYUCA",19.7172441171751,-99.0466726822913,"MEDICO","CONVULSIONES","Masculino"
"20108",45758,0.620474537037037,"COLONIAL",20.1496709183496,-98.7722901311097,"PROTECCIÓN CIVIL","FUGAS Y DERRAMES DE SUSTANCIAS QUÍMICAS","Femenino"
"20311",46018,0.556678240740741,"ARBOLEDAS DE SAN JAVIER 2DA SECCION",19.9357535766798,-98.7201715800323,"PROTECCIÓN CIVIL","OTROS INCENDIOS","Masculino"
"50301",45863,0.810324074074074,"SIN COLONIA",20.0586754802233,-98.9130274821861,"ASISTENCIA","APOYO A LA CIUDADANÍA","Femenino"
"30502",45982,0.558472222222222,"PIRACANTOS",20.1379290335116,-98.8997155312211,"SEGURIDAD","VIOLENCIA DE PAREJA","Masculino"
"50301",45722,0.968854166666667,"VALLE VERDE",20.3687202931727,-98.4653801182162,"ASISTENCIA","APOYO A LA CIUDADANÍA","Masculino"
"30430",45769,0.507384259259259,"GRUTAS DE TOLANTONGO",20.6643928634459,-99.0077803942571,"SEGURIDAD","ROBO DE VEHÍCULO PARTICULAR SIN VIOLENCIA","Masculino"
"50102",45925,0.219166666666667,"INDEPENDENCIA",20.1407285817845,-98.5551613207644,"ASISTENCIA","TENTATIVA DE ROBO","Masculino"
"30907",45683,0.0223842592592593,"LA NUEVA ESPERANZA",20.124534068811,-98.6167923749805,"SEGURIDAD","PERSONA AGRESIVA","Masculino"
"31101",45934,0.864351851851852,"SIN COLONIA",21.015616564491,-98.4027798855141,"SEGURIDAD","ALTERACIÓN DEL ORDEN PÚBLICO POR PERSONA ALCOHOLIZADA","Masculino"
"10301",45841,0.185532407407407,"LAZARO CARDENAS",20.0449036112771,-98.794310426536,"MEDICO","TRABAJO DE PARTO","Masculino"
"31104",45780,0.091087962962963,"ACAYUCA",20.0330878264245,-98.9112912015824,"SEGURIDAD","CONSUMO DE ALCOHOL EN VÍA PÚBLICA","Femenino"
"30309",45830,0.865833333333333,"EL PEDREGAL DE SAN JOSE",20.0943475624069,-98.3956925955561,"SEGURIDAD","ACCIDENTE DE TRÁNSITO SIN LESIONADOS","Masculino"
"30401",45807,0.980381944444445,"FELIPE ANGELES",20.1822565096017,-98.7321919969681,"SEGURIDAD","OTRAS ALARMAS DE EMERGENCIAS ACTIVADAS","Sin Especificar"
"30401",45980,0.848969907407407,"SANTIAGO DE ANAYA CENTRO",20.396781192541,-98.9079293334861,"SEGURIDAD","OTRAS ALARMAS DE EMERGENCIAS ACTIVADAS","Masculino"
"30422",45705,0.633391203703704,"ROJO GOMEZ",20.0854716686379,-98.9648372686429,"SEGURIDAD","ROBO A TRANSEÚNTE SIN VIOLENCIA","Masculino"
"10220",45982,0.204328703703704,"TULIPANES",20.0951618805042,-98.8797438628405,"MEDICO","OTROS INCIDENTES MÉDICOS TRAUMÁTICOS","Femenino"
"10107",46018,0.320960648148148,"CONSTITUCION",20.1133140167858,-98.6126841061734,"MEDICO","ACCIDENTE MÚLTIPLE CON LESIONADOS","Masculino"
"31010",45825,0.578564814814815,"NUEVO SAN JUAN",20.1704936275267,-98.2143361513252,"SEGURIDAD","TALA ILEGAL","Sin Especificar"
"30302",45801,0.812581018518519,"BENITO JUAREZ",19.7575129502877,-98.7996675362558,"SEGURIDAD","ARRANCONES O CARRERAS DE VEHÍCULOS","Masculino"
"30401",45920,0.460266203703704,"SAN JOSE CALTENGO",20.1273261234989,-98.3017068088774,"SEGURIDAD","OTRAS ALARMAS DE EMERGENCIAS ACTIVADAS","Femenino"
"30502",45730,0.305451388888889,"SAN JOSE CALTENGO",20.0053168178201,-98.3464494123693,"SEGURIDAD","VIOLENCIA DE PAREJA","Sin Especificar"
"30503",45965,0.774652777777778,"EL CARMEN",20.1254486034267,-99.1738380057204,"SEGURIDAD","VIOLENCIA FAMILIAR","Femenino"
"30308",45870,0.505740740740741,"SANTA CRUZ",19.8013811146132,-98.7869328248545,"SEGURIDAD","VEHÍCULO DESCOMPUESTO","Sin Especificar"
"20311",45747,0.910960648148148,"SANTIAGO TLAPACOYA CENTRO",20.2807850467592,-98.7666265281269,"PROTECCIÓN CIVIL","OTROS INCENDIOS","Sin Especificar"
"50301",45852,0.424988425925926,"EMILIANO ZAPATA",19.9794567506222,-98.9946103506005,"ASISTENCIA","APOYO A LA CIUDADANÍA","Sin Especificar"
"30703",45694,0.975266203703704,"PASEOS DE CHAVARRIA",20.0339904719838,-98.688348416772,"SEGURIDAD","ATAQUES AL PUDOR","Femenino"
"50301",45874,0.584861111111111,"20 DE NOVIEMBRE",19.8013359688429,-98.5429137019161,"ASISTENCIA","APOYO A LA CIUDADANÍA","Sin Especificar"
"31001",45817,0.613587962962963,"PASEOS DE LA PLATA",20.0476256746355,-98.8319921592522,"SEGURIDAD","ALLANAMIENTO DE MORADA","Masculino"
"30307",45869,0.90087962962963,"FRAILES",19.7681213004554,-98.5335653709146,"SEGURIDAD","VEHÍCULO SOSPECHOSO","Sin Especificar"
"31001",46022,0.993634259259259,"ISSSTE",19.918411071288,-98.8219307111934,"SEGURIDAD","ALLANAMIENTO DE MORADA","Femenino"
"31102",45947,0.762002314814815,"CENTRO PACHUCA DE SOTO",20.0756396118891,-98.5671631452879,"SEGURIDAD","ALTERACIÓN DEL ORDEN PÚBLICO POR PERSONA DROGADA","Masculino"
"10103",46013,0.848773148148148,"CONEJOS TERCERA SECCION",20.0472184489401,-99.0618132589532,"MEDICO","ACCIDENTE DE MOTOCICLETA CON LESIONADOS","Masculino"
"40110",45867,0.753865740740741,"EX-HACIENDA DE COSCOTITLAN",19.9006515502051,-98.7271548970802,"SERVICIOS PÚBLICOS","VIALIDAD EN MAL ESTADO","Masculino"
"31001",46021,0.0839236111111111,"FRANCISCO I MADERO",20.0794653958298,-98.3923839698676,"SEGURIDAD","ALLANAMIENTO DE MORADA","Femenino"
"30202",45977,0.0590162037037037,"ZOTOLTEPEC",20.4989847509674,-98.9180209250588,"SEGURIDAD","DETONACIÓN DE ARMA DE FUEGO","Masculino"
"50305",45715,0.0366550925925926,"FRACCIONAMIENTO LA CRUZ",20.0563056880409,-98.716629018823,"ASISTENCIA","SOLICITUD DE RONDÍN","Sin Especificar"
"30907",45839,0.949710648148148,"BOCAMIÑO",20.3896357331544,-99.2022758967525,"SEGURIDAD","PERSONA AGRESIVA","Masculino"
"30446",45937,0.75306712962963,"LA ESPERANZA",20.1797284435652,-98.4061659634396,"SEGURIDAD","OTROS ACTOS RELACIONADOS CON EL PATRIMONIO","Sin Especificar"
"20311",46022,0.623252314814815,"SANTIAGO TEZONTLALE",20.0178642439648,-99.1961140448074,"PROTECCIÓN CIVIL","OTROS INCENDIOS","Femenino"
"20210",45831,0.452199074074074,"REAL DEL VALLE",20.3189282832781,-98.7882221258995,"PROTECCIÓN CIVIL","ÁRBOL CAÍDO O POR CAER","Masculino"
"31105",45710,0.508969907407407,"CENTRO PACHUCA DE SOTO",20.2149646291901,-98.6354758784656,"SEGURIDAD","CONSUMO DE DROGAS EN VÍA PÚBLICA","Sin Especificar"
"30204",45969,0.683506944444445,"CUAUHTEMOC",20.121616940773,-99.4342696477973,"SEGURIDAD","PORTACIÓN DE ARMAS O CARTUCHOS","Sin Especificar"
"10202",46005,0.50619212962963,"PASEOS DE CHAVARRIA",20.0114520061735,-98.7194148370799,"MEDICO","AMPUTACIÓN","Femenino"
"30305",45854,0.655902777777778,"PACHUQUILLA",20.2087126305986,-98.6450850463201,"SEGURIDAD","VEHÍCULO A EXCESO DE VELOCIDAD","Sin Especificar"
"30611",45821,0.693912037037037,"LA LLAVE",20.75337915629,-99.2127696238987,"SEGURIDAD","NOTIFICACIÓN DE CIBER INCIDENTE","Femenino"
"31101",45783,0.860821759259259,"VENTA PRIETA",20.1746117653258,-98.7268757437027,"SEGURIDAD","ALTERACIÓN DEL ORDEN PÚBLICO POR PERSONA ALCOHOLIZADA","Sin Especificar"
"31112",45984,0.0751736111111111,"SAN IDELFONSO",20.1197884459525,-99.3023982800841,"SEGURIDAD","RIÑA / PELEA CLANDESTINA","Sin Especificar"
"50102",45867,0.946793981481481,"SAN NICOLAS EL CHICO",20.0693533795559,-98.3672026804003,"ASISTENCIA","TENTATIVA DE ROBO","Sin Especificar"
"31104",45740,0.84818287037037,"SANTA MARIA MATILDE",20.0419133029418,-98.7629317810495,"SEGURIDAD","CONSUMO DE ALCOHOL EN VÍA PÚBLICA","Femenino"
"30306",45938,0.787199074074074,"EX-HACIENDA DE COSCOTITLAN",19.9340316777354,-98.8061269315732,"SEGURIDAD","VEHÍCULO EN HUIDA","Masculino"
"10308",45755,0.623402777777778,"SAN PEDRO NOPANCALCO",20.1574228645273,-98.7030505211682,"MEDICO","PERSONA INCONSCIENTE / URGENCIA NEUROLÓGICA","Femenino"
"10220",45762,0.897986111111111,"DON ANTONIO",19.883265080824,-98.9870114462004,"MEDICO","OTROS INCIDENTES MÉDICOS TRAUMÁTICOS","Masculino"
"30504",45756,0.393090277777778,"PASEOS DE LA PRADERA",19.7463607432898,-99.2588279107812,"SEGURIDAD","OTROS ACTOS RELACIONADOS CON LA FAMILIA","Femenino"
"31112",45703,0.217627314814815,"EX-HACIENDA DE COSCOTITLAN",20.0581159968643,-98.5611230704216,"SEGURIDAD","RIÑA / PELEA CLANDESTINA","Sin Especificar"
"10310",45665,0.145138888888889,"11 DE JULIO 3A SECCION",19.9628598690414,-98.6166282332287,"MEDICO","URGENCIA POR ENFERMEDAD GENERAL","Sin Especificar"
"30503",45960,0.0997569444444444,"EL MANDHO",20.4238868509881,-99.2332210962682,"SEGURIDAD","VIOLENCIA FAMILIAR","Sin Especificar"
"10305",45902,0.999074074074074,"SANTO TOMAS",19.8693135851569,-98.4640622494515,"MEDICO","DIFICULTAD RESPIRATORIA / URGENCIA RESPIRATORIA","Sin Especificar"
"20311",45782,0.911030092592593,"HUAPALCALCO",20.1475692554015,-98.4011771492601,"PROTECCIÓN CIVIL","OTROS INCENDIOS","Masculino"
"30205",46016,0.0133796296296296,"LINDAVISTA",20.1979994222296,-98.3756353759862,"SEGURIDAD","DETONACIÓN DE COHETES O FUEGOS ARTIFICIALES","Masculino"
"30904",46009,0.439641203703704,"BOSQUES DE SANTIAGO",20.1254402805174,-98.538697005168,"SEGURIDAD","PERSONA SOSPECHOSA","Femenino"
"20404",45972,0.553680555555556,"CENTRO PACHUCA DE SOTO",20.1789363514311,-98.733926486755,"PROTECCIÓN CIVIL","OTROS RESCATES","Masculino"
"50203",45777,0.0543634259259259,"PLAZA VIEJA",19.7102057193624,-98.6449391981037,"ASISTENCIA","VEHÍCULO RECUPERADO","Femenino"
"20404",45937,0.883530092592593,"REAL DEL VALLE",20.185970565624,-98.6499680248386,"PROTECCIÓN CIVIL","OTROS RESCATES","Masculino"
"30904",45727,0.451053240740741,"EX-HACIENDA DE COSCOTITLAN",20.1646281020124,-98.5807797094171,"SEGURIDAD","PERSONA SOSPECHOSA","Femenino"
"30904",45975,0.801736111111111,"EL MANZANO",20.0922712298293,-98.5310790971492,"SEGURIDAD","PERSONA SOSPECHOSA","Masculino"
"50301",45997,0.709849537037037,"PASEOS DE LA PLATA",19.9667522619078,-98.901502397635,"ASISTENCIA","APOYO A LA CIUDADANÍA","Masculino"
"30907",45986,0.326655092592593,"XOCHIHUACAN",19.8658183496537,-98.7330926471748,"SEGURIDAD","PERSONA AGRESIVA","Masculino"
"30907",45814,0.565555555555556,"TIZAYUCA CENTRO",19.9944454305711,-99.0537214766526,"SEGURIDAD","PERSONA AGRESIVA","Femenino"
"50301",45921,0.609224537037037,"SIN COLONIA",21.1187589447897,-98.4993587799337,"ASISTENCIA","APOYO A LA CIUDADANÍA","Masculino"
"10220",45704,0.679722222222222,"CENTRO PACHUCA DE SOTO",20.0546219993631,-98.8416479796591,"MEDICO","OTROS INCIDENTES MÉDICOS TRAUMÁTICOS","Masculino"
"50301",45792,0.862418981481482,"SIN COLONIA",20.1960609020858,-98.5001879177477,"ASISTENCIA","APOYO A LA CIUDADANÍA","Sin Especificar"
"30448",45937,0.872511574074074,"LA GLORIA",20.1714912636186,-98.4839850329724,"SEGURIDAD","ROBO DE COMBUSTIBLE","Masculino"
"31101",45727,0.8925,"20 DE NOVIEMBRE",20.0015133638736,-98.6598182569835,"SEGURIDAD","ALTERACIÓN DEL ORDEN PÚBLICO POR PERSONA ALCOHOLIZADA","Sin Especificar"
"30205",46016,0.508287037037037,"PLUTARCO ELIAS CALLES",20.1124618866007,-98.7545020309654,"SEGURIDAD","DETONACIÓN DE COHETES O FUEGOS ARTIFICIALES","Sin Especificar"
"50105",46019,0.0435416666666667,"SAN ANTONIO BUENOS AIRES",20.1769716914927,-98.6302219411742,"ASISTENCIA","RUIDO EXCESIVO","Femenino"
"30904",45674,0.206851851851852,"VICENTE GUERRERO",20.068671205953,-98.3239805740505,"SEGURIDAD","PERSONA SOSPECHOSA","Femenino"
"50102",45707,0.211539351851852,"CENTRO TULA DE ALLENDE",20.1513347021257,-99.4314972540069,"ASISTENCIA","TENTATIVA DE ROBO","Masculino"
"30503",45769,0.634479166666667,"PASEOS DE LA PRADERA",19.9108588892793,-99.3081082665065,"SEGURIDAD","VIOLENCIA FAMILIAR","Sin Especificar"
"30430",45843,0.611944444444445,"VENTA PRIETA",19.9532939384636,-98.7310338302997,"SEGURIDAD","ROBO DE VEHÍCULO PARTICULAR SIN VIOLENCIA","Masculino"
"30310",45728,0.650196759259259,"FRACCIONAMIENTO LOS CEDROS",20.0464624942476,-98.9070865737414,"SEGURIDAD","OTRAS FALTAS AL REGLAMENTO DE TRÁNSITO","Femenino"
"31113",45908,0.515127314814815,"PRIVADAS DEL SOL",19.8833663861204,-98.8419525650873,"SEGURIDAD","PERSONA EXHIBICIONISTA","Femenino"
"10103",45793,0.693090277777778,"EL CERRITO",20.1813064844981,-99.0217524982374,"MEDICO","ACCIDENTE DE MOTOCICLETA CON LESIONADOS","Femenino"
"30308",45726,0.0690740740740741,"AUTOPISTA ARCO NORTE",20.0460104364884,-99.4192464103107,"SEGURIDAD","VEHÍCULO DESCOMPUESTO","Masculino"
"30401",46012,0.665381944444444,"SAN ANTONIO EL DESMONTE",19.9892558730871,-98.893956161778,"SEGURIDAD","OTRAS ALARMAS DE EMERGENCIAS ACTIVADAS","Sin Especificar"
"30307",45867,0.9653125,"SAN SEBASTIAN",19.6196990069878,-98.559586800792,"SEGURIDAD","VEHÍCULO SOSPECHOSO","Masculino"
"50105",45850,0.0706944444444444,"DINA",19.9034787545752,-98.569172673878,"ASISTENCIA","RUIDO EXCESIVO","Sin Especificar"
"30907",45806,0.531979166666667,"BANUS",20.1158501188904,-98.7983746901197,"SEGURIDAD","PERSONA AGRESIVA","Masculino"
"30907",45892,0.353703703703704,"TEOCALCO",20.1157871430372,-99.1823292214773,"SEGURIDAD","PERSONA AGRESIVA","Masculino"
"10312",45794,0.507581018518518,"EL ARBOLITO",20.272258098466,-98.6461710870153,"MEDICO","DESCOMPENSACIÓN DE LA DIABETES/DESHIDRATACIÓN","Femenino"
"50303",45830,0.687731481481482,"SANTA MARIA MATILDE",19.9995450707987,-98.865068674691,"ASISTENCIA","MALTRATO DE ANIMALES","Femenino"
"30204",45977,0.957349537037037,"UNIDAD NICOLAS BRAVO",20.1847001131795,-98.3311415301808,"SEGURIDAD","PORTACIÓN DE ARMAS O CARTUCHOS","Masculino"
"10305",45844,0.458784722222222,"CERRITO COLORADO",20.2207649676856,-99.1839924637922,"MEDICO","DIFICULTAD RESPIRATORIA / URGENCIA RESPIRATORIA","Femenino"
"30401",45904,0.831828703703704,"IROLO",19.682236281185,-98.4802417204556,"SEGURIDAD","OTRAS ALARMAS DE EMERGENCIAS ACTIVADAS","Masculino"
"40104",45804,0.340034722222222,"CAÑADA CHICA AVIACION",20.2793682980426,-98.9349592842082,"SERVICIOS PÚBLICOS","FALLAS DE SEMÁFORO","Femenino"
"10103",45703,0.169664351851852,"HACIENDAS DE TIZAYUCA",19.832409330512,-98.9923885166377,"MEDICO","ACCIDENTE DE MOTOCICLETA CON LESIONADOS","Masculino"
"30307",45761,0.491770833333333,"HACIENDA MARGARITA",20.089523423935,-98.6734114821874,"SEGURIDAD","VEHÍCULO SOSPECHOSO","Masculino"
"20311",45958,0.622627314814815,"TIANGUISTENGO (LA ROMERA)",19.7592496635039,-99.2686944380297,"PROTECCIÓN CIVIL","OTROS INCENDIOS","Sin Especificar"
"30703",45831,0.395381944444444,"HACIENDAS DE TIZAYUCA",19.9021866103085,-99.1059449000318,"SEGURIDAD","ATAQUES AL PUDOR","Masculino"
"10103",45970,0.525740740740741,"PASEOS DE CHAVARRIA",19.8778924837113,-98.6665006908045,"MEDICO","ACCIDENTE DE MOTOCICLETA CON LESIONADOS","Sin Especificar"
"31112",45915,0.931030092592593,"RESIDENCIAL SAN JOSE",19.8925996688539,-98.413329255888,"SEGURIDAD","RIÑA / PELEA CLANDESTINA","Sin Especificar"
"30309",45891,0.930196759259259,"AUTOPISTA ARCO NORTE",20.1301120934198,-99.4045422993709,"SEGURIDAD","ACCIDENTE DE TRÁNSITO SIN LESIONADOS","Masculino"
"31104",45688,0.987534722222222,"RAMOS ARIZPE",20.2019805607186,-98.7789749705912,"SEGURIDAD","CONSUMO DE ALCOHOL EN VÍA PÚBLICA","Sin Especificar"
"31112",45739,0.957893518518519,"LOS CHAVARRIA",20.2740979330595,-98.9968861905841,"SEGURIDAD","RIÑA / PELEA CLANDESTINA","Masculino"
"50301",45903,0.0646990740740741,"AUTOPISTA ARCO NORTE",20.0295382486556,-98.8312510295205,"ASISTENCIA","APOYO A LA CIUDADANÍA","Femenino"
"30502",45962,0.832337962962963,"ZACACUAUTLA",20.0259946758836,-98.2955621632166,"SEGURIDAD","VIOLENCIA DE PAREJA","Sin Especificar"
"30420",45991,0.305115740740741,"SANTA MARIA MATILDE",20.1424021865364,-98.8495911205013,"SEGURIDAD","ROBO A NEGOCIO SIN VIOLENCIA","Masculino"
"30504",45917,0.521481481481482,"ARBOLEDAS DE SANTA ELENA",20.1994091530475,-98.6418066019468,"SEGURIDAD","OTROS ACTOS RELACIONADOS CON LA FAMILIA","Femenino"
"50301",45982,0.6825,"LA FLORESTA",20.3561121416582,-98.9764374534491,"ASISTENCIA","APOYO A LA CIUDADANÍA","Masculino"
"10204",45868,0.507083333333333,"CENTRO PACHUCA DE SOTO",20.3009411956009,-98.8360137090494,"MEDICO","CAÍDA","Masculino"
"31101",45668,0.964780092592593,"TEPOJACO",19.7730854582537,-98.7910141540268,"SEGURIDAD","ALTERACIÓN DEL ORDEN PÚBLICO POR PERSONA ALCOHOLIZADA","Masculino"
"10103",45871,0.90662037037037,"SANTIAGO TEPEPA",20.1885920597878,-98.2323903641432,"MEDICO","ACCIDENTE DE MOTOCICLETA CON LESIONADOS","Masculino"
"30430",45843,0.556967592592593,"LA INDUSTRIAL",20.1637237899736,-98.3929195346632,"SEGURIDAD","ROBO DE VEHÍCULO PARTICULAR SIN VIOLENCIA","Femenino"
"10104",45953,0.2834375,"ATITALAQUIA CENTRO",20.1311404833199,-99.3329022516346,"MEDICO","ACCIDENTE DE VEHÍCULO AUTOMOTOR CON LESIONADOS","Masculino"
"10311",45862,0.0514583333333333,"SIN COLONIA",19.7697322576776,-99.5758376621385,"MEDICO","DOLOR ABDOMINAL / URGENCIA ABDOMINAL","Masculino"
"30310",45968,0.784456018518519,"EX-HACIENDA DE COSCOTITLAN",20.2185602654691,-98.940053439615,"SEGURIDAD","OTRAS FALTAS AL REGLAMENTO DE TRÁNSITO","Sin Especificar"
"30309",45751,0.725405092592593,"EX-HACIENDA DE PITAHAYAS",20.0005156793888,-98.6558644712643,"SEGURIDAD","ACCIDENTE DE TRÁNSITO SIN LESIONADOS","Femenino"
"30101",45761,0.457453703703704,"LOS GEMELOS",20.1050013933719,-98.6794426558565,"SEGURIDAD","VEHÍCULO ABANDONADO","Sin Especificar"
"30907",45981,0.52369212962963,"HACIENDAS DE TIZAYUCA",19.8980236309024,-98.9070100149813,"SEGURIDAD","PERSONA AGRESIVA","Femenino"
"50303",45912,0.466956018518519,"ESTRELLA",20.2018367316653,-98.3825843944949,"ASISTENCIA","MALTRATO DE ANIMALES","Sin Especificar"
"50301",45931,0.421469907407407,"CENTRO NORTE",20.1905933856052,-99.0165850142624,"ASISTENCIA","APOYO A LA CIUDADANÍA","Masculino"
"30502",45802,0.463541666666667,"LA TRINIDAD",19.987649479475,-98.2287518309482,"SEGURIDAD","VIOLENCIA DE PAREJA","Masculino"
"30420",45910,0.0344907407407407,"CUAUHTEMOC",20.1165228133412,-99.1925082524947,"SEGURIDAD","ROBO A NEGOCIO SIN VIOLENCIA","Femenino"
"30305",45807,0.616759259259259,"SIN COLONIA",20.0773413655988,-98.8355250062095,"SEGURIDAD","VEHÍCULO A EXCESO DE VELOCIDAD","Masculino"
"31002",45863,0.676099537037037,"CENTRO PACHUCA DE SOTO",20.0007106260195,-98.7291623426831,"SEGURIDAD","AMENAZA","Sin Especificar"
"30907",45921,0.028912037037037,"SAN MATEO 1RA",19.9210450728679,-99.2626914336212,"SEGURIDAD","PERSONA AGRESIVA","Femenino"
"10220",45781,0.472164351851852,"28 DE MAYO (SANTA ROSA)",20.1919496095936,-98.3286476607691,"MEDICO","OTROS INCIDENTES MÉDICOS TRAUMÁTICOS","Sin Especificar"
"10204",45889,0.450729166666667,"EL PALMAR",20.0814012407429,-98.9398344502281,"MEDICO","CAÍDA","Femenino"
"50301",45857,0.883680555555556,"SIN COLONIA",20.1379364343931,-98.2511066807384,"ASISTENCIA","APOYO A LA CIUDADANÍA","Masculino"
"20311",46018,0.949016203703704,"ISSSTE",20.1169528959012,-98.7749204575202,"PROTECCIÓN CIVIL","OTROS INCENDIOS","Masculino"
"50301",45832,0.548888888888889,"SANTA MARIA AMEALCO",20.2018789409703,-99.7081807073809,"ASISTENCIA","APOYO A LA CIUDADANÍA","Sin Especificar"
"30503",45878,0.789305555555556,"EL PEDREGAL",19.958302124985,-99.1514812254934,"SEGURIDAD","VIOLENCIA FAMILIAR","Sin Especificar"
"20311",45678,0.705231481481481,"U. H. 18 DE MARZO",19.9012384734704,-99.2056482022349,"PROTECCIÓN CIVIL","OTROS INCENDIOS","Masculino"
"20111",45965,0.657685185185185,"CENTRO APAN",19.6223767474096,-98.4212866651657,"PROTECCIÓN CIVIL","OLORES FÉTIDOS","Masculino"
"30309",45758,0.380104166666667,"COLOSIO II",20.1994184607847,-98.8121132979681,"SEGURIDAD","ACCIDENTE DE TRÁNSITO SIN LESIONADOS","Sin Especificar"
"30430",45673,0.602002314814815,"SANTA MARIA MATILDE",19.973674452644,-98.7230093785618,"SEGURIDAD","ROBO DE VEHÍCULO PARTICULAR SIN VIOLENCIA","Masculino"
"30904",45876,0.968402777777778,"PLUTARCO ELIAS CALLES",20.2244302860683,-98.6331709580734,"SEGURIDAD","PERSONA SOSPECHOSA","Femenino"
"10104",46012,0.138773148148148,"SIN COLONIA",20.3260297089274,-99.120388491164,"MEDICO","ACCIDENTE DE VEHÍCULO AUTOMOTOR CON LESIONADOS","Masculino"
"30611",45883,0.781238425925926,"PRADERAS DE VIRREYES",20.1095860635662,-98.697473084465,"SEGURIDAD","NOTIFICACIÓN DE CIBER INCIDENTE","Masculino"
"30307",45742,0.293483796296296,"EL LLANO (1A SECCION)",19.9702884441334,-99.4079674651985,"SEGURIDAD","VEHÍCULO SOSPECHOSO","Sin Especificar"
"50305",45928,0.487800925925926,"AMPLIACION DEL PALMAR",20.1965701472525,-98.8621654161677,"ASISTENCIA","SOLICITUD DE RONDÍN","Sin Especificar"
"30401",45841,0.133726851851852,"MOLANGO CENTRO",20.6894822203515,-98.7305037818897,"SEGURIDAD","OTRAS ALARMAS DE EMERGENCIAS ACTIVADAS","Masculino"
"50105",45867,0.0915740740740741,"PASEOS DE CHAVARRIA",20.0502336545586,-98.7639815477562,"ASISTENCIA","RUIDO EXCESIVO","Sin Especificar"
"10308",45764,0.557476851851852,"FELIPE ANGELES",19.854346731624,-98.1553930528082,"MEDICO","PERSONA INCONSCIENTE / URGENCIA NEUROLÓGICA","Masculino"
"30401",45959,0.201643518518519,"SIN COLONIA",20.6473455297234,-98.7286130609426,"SEGURIDAD","OTRAS ALARMAS DE EMERGENCIAS ACTIVADAS","Masculino"
"30446",45708,0.683078703703704,"PRIVADAS BOSQUES DEL VENADO",20.1975290161725,-98.5901714079165,"SEGURIDAD","OTROS ACTOS RELACIONADOS CON EL PATRIMONIO","Femenino"
"20311",45763,0.521203703703704,"SAN DIONISIO",20.1128549430006,-98.4688997897746,"PROTECCIÓN CIVIL","OTROS INCENDIOS","Sin Especificar"
"30102",45813,0.276331018518519,"EL SUSTO",20.0732438303676,-98.4791588161486,"SEGURIDAD","OBJETO SOSPECHOSO O PELIGROSO","Masculino"
"30502",45857,0.180671296296296,"LOS HEROES TIZAYUCA",19.9163263183138,-98.9737379625096,"SEGURIDAD","VIOLENCIA DE PAREJA","Masculino"
"20108",45858,0.627719907407407,"LA PROVIDENCIA SIGLO XXI",20.1041624171867,-98.7652541437373,"PROTECCIÓN CIVIL","FUGAS Y DERRAMES DE SUSTANCIAS QUÍMICAS","Masculino"
"30907",45759,0.788252314814815,"SIN COLONIA",20.6407551270453,-99.2189763943214,"SEGURIDAD","PERSONA AGRESIVA","Masculino"
"30503",45755,0.251331018518519,"LOMA BONITA",19.9428134007247,-99.0140547888553,"SEGURIDAD","VIOLENCIA FAMILIAR","Femenino"
"30504",45993,0.509930555555556,"ALAMO",21.1785641495593,-99.1545865579774,"SEGURIDAD","OTROS ACTOS RELACIONADOS CON LA FAMILIA","Masculino"
"30401",45815,0.818506944444444,"CALABAZAS",20.1433384885624,-98.6320638223983,"SEGURIDAD","OTRAS ALARMAS DE EMERGENCIAS ACTIVADAS","Masculino"
"30904",45894,0.938101851851852,"MELCHOR OCAMPO (EL SALTO)",19.9295173885827,-99.245367841863,"SEGURIDAD","PERSONA SOSPECHOSA","Femenino"
"20311",45744,0.643703703703704,"PLUTARCO ELIAS CALLES",20.3977375048387,-98.7346532229343,"PROTECCIÓN CIVIL","OTROS INCENDIOS","Masculino"
"50302",45942,0.527372685185185,"EL PALMAR",20.0852912022732,-98.67803201136,"ASISTENCIA","PERSONA LOCALIZADA","Masculino"
"30904",45938,0.055775462962963,"AUTOPISTA ARCO NORTE",19.9865991714105,-98.8618345575299,"SEGURIDAD","PERSONA SOSPECHOSA","Masculino"
"30309",45784,0.971979166666667,"PASEOS DE CHAVARRIA",19.9768661481312,-98.6195094634111,"SEGURIDAD","ACCIDENTE DE TRÁNSITO SIN LESIONADOS","Femenino"
"31003",45682,0.349247685185185,"LA JOYA",20.1209375464604,-98.4190371718478,"SEGURIDAD","DAÑO A BIENES PÚBLICOS, INSTITUCIONES, MONUMENTOS, ENTRE OTROS","Masculino"
"30503",45762,0.555173611111111,"PARQUE URBANO SAN ANTONIO EL DESMONTE",20.0537813861302,-98.7409310009999,"SEGURIDAD","VIOLENCIA FAMILIAR","Femenino"
"30204",45816,0.194814814814815,"PRIVADA LOS PINOS",19.9827069513703,-98.7341831602774,"SEGURIDAD","PORTACIÓN DE ARMAS O CARTUCHOS","Masculino"
"10204",45837,0.424976851851852,"TINAJAS",19.9575498063365,-99.2239840057401,"MEDICO","CAÍDA","Masculino"
"10316",45783,0.852476851851852,"LA LOMA",20.1607515419531,-98.8114554508896,"MEDICO","OTROS INCIDENTES MÉDICOS CLINICOS","Masculino"
"50301",46002,0.507523148148148,"ZONA INDUSTRIAL",19.8916263157037,-98.4027245884821,"ASISTENCIA","APOYO A LA CIUDADANÍA","Femenino"
"50305",45958,0.099212962962963,"ESTRELLA",20.1195308577306,-98.4626666089586,"ASISTENCIA","SOLICITUD DE RONDÍN","Femenino"
"30904",45889,0.802997685185185,"REAL DE MINAS",20.0302839138072,-98.6192648006631,"SEGURIDAD","PERSONA SOSPECHOSA","Femenino"
"20311",45758,0.807337962962963,"HACIENDA MARGARITA",20.022612198839,-98.7856467497166,"PROTECCIÓN CIVIL","OTROS INCENDIOS","Femenino"
"30503",45731,0.979780092592593,"LOMA BONITA",20.0335276676967,-98.3618929789756,"SEGURIDAD","VIOLENCIA FAMILIAR","Femenino"
"10316",45867,0.0201157407407407,"SIN COLONIA",20.2369372813012,-98.9884059227954,"MEDICO","OTROS INCIDENTES MÉDICOS CLINICOS","Sin Especificar"
"30401",45680,0.0281712962962963,"ZACUALTIPAN CENTRO",20.7051853919457,-98.6912977348035,"SEGURIDAD","OTRAS ALARMAS DE EMERGENCIAS ACTIVADAS","Masculino"
"10315",45955,0.577037037037037,"SAN ALFONSO",19.9625703487423,-98.7132963677358,"MEDICO","INTOXICACIÓN / SOBREDOSIS / ENVENENAMIENTO POR SUSTANCIAS","Masculino"
"30404",45994,0.493900462962963,"MONTE ALEGRE",19.7951654930556,-99.3023170057576,"SEGURIDAD","DAÑO A PROPIEDAD AJENA","Masculino"
"20203",45913,0.592465277777778,"ENCINILLOS",20.2451145358479,-98.5428502943995,"PROTECCIÓN CIVIL","ENJAMBRE DE ABEJAS","Femenino"
"10308",45874,0.608344907407407,"SAN ANTONIO",20.2261079534895,-99.1607763877236,"MEDICO","PERSONA INCONSCIENTE / URGENCIA NEUROLÓGICA","Masculino"
"20106",45708,0.726099537037037,"REAL DE MINAS",20.2936428461203,-98.7881545630215,"PROTECCIÓN CIVIL","ENCHARCAMIENTO/ DESBORDAMIENTO DE RÍO","Sin Especificar"
"31112",45940,0.679375,"SAN JAVIER",20.4298478077,-99.2543017478744,"SEGURIDAD","RIÑA / PELEA CLANDESTINA","Sin Especificar"
"30904",45955,0.12130787037037,"PRADERAS DE VIRREYES",20.0547033455762,-98.665841555919,"SEGURIDAD","PERSONA SOSPECHOSA","Femenino"
"30205",45658,0.0683333333333333,"REAL DE MEDINAS",20.2104434590843,-98.6799390548534,"SEGURIDAD","DETONACIÓN DE COHETES O FUEGOS ARTIFICIALES","Sin Especificar"
"31102",45876,0.458020833333333,"GUADALUPE 1RA SECCION",19.9903909793617,-98.2863852218886,"SEGURIDAD","ALTERACIÓN DEL ORDEN PÚBLICO POR PERSONA DROGADA","Femenino"
"10301",45748,0.246365740740741,"EL MEJAY",20.4400102237844,-99.1885665766732,"MEDICO","TRABAJO DE PARTO","Femenino"
"31101",45946,0.0326967592592593,"CENTRO TULA DE ALLENDE",20.3263505895943,-99.3124948594291,"SEGURIDAD","ALTERACIÓN DEL ORDEN PÚBLICO POR PERSONA ALCOHOLIZADA","Sin Especificar"
"30401",45776,0.62068287037037,"SIN COLONIA",19.8549941879122,-98.674532628313,"SEGURIDAD","OTRAS ALARMAS DE EMERGENCIAS ACTIVADAS","Masculino"
"30502",45695,0.00319444444444444,"ACAYUCA",19.9480641538184,-98.812269555314,"SEGURIDAD","VIOLENCIA DE PAREJA","Masculino"
"30907",45936,0.370902777777778,"LOMAS DE PROGRESO",20.0628324162146,-98.2363988360339,"SEGURIDAD","PERSONA AGRESIVA","Sin Especificar"
"30103",45695,0.710694444444445,"SIN COLONIA",20.0638622381125,-99.2660272796105,"SEGURIDAD","PERSONA TIRADA EN VÍA PÚBLICA","Sin Especificar"
"50105",45750,0.97099537037037,"TULIPANES",20.2499470974134,-98.7434491340378,"ASISTENCIA","RUIDO EXCESIVO","Masculino"
"30503",45758,0.713993055555556,"RESIDENCIAL FLORENCIA TIZAYUCA",19.959468827988,-98.9599633169187,"SEGURIDAD","VIOLENCIA FAMILIAR","Masculino"
"30401",45758,0.208923611111111,"PERIODISTA",20.1835771600086,-98.6962597092698,"SEGURIDAD","OTRAS ALARMAS DE EMERGENCIAS ACTIVADAS","Sin Especificar"
"30908",45708,0.631261574074074,"RINCONES DE LA HACIENDA 3A. SECCION",20.1509983891707,-98.3905775440435,"SEGURIDAD","SUICIDIO","Femenino"
"30502",45928,0.969641203703704,"HOGARES UNION PASEOS DEL PEDREGAL",19.7978365675434,-98.957222612998,"SEGURIDAD","VIOLENCIA DE PAREJA","Masculino"
"10219",46002,0.716747685185185,"SANTIAGO TEPEPA",20.0940626304498,-98.1045373099558,"MEDICO","FALLECIDO DE CAUSA TRAUMÁTICA","Masculino"
"30307",45683,0.964351851851852,"SAN LORENZO",20.0469453920188,-99.2222369970359,"SEGURIDAD","VEHÍCULO SOSPECHOSO","Femenino"
"30309",45808,0.582523148148148,"CENTRO PACHUCA DE SOTO",20.1676561429273,-98.8403612001002,"SEGURIDAD","ACCIDENTE DE TRÁNSITO SIN LESIONADOS","Femenino"
"30308",45845,0.607314814814815,"LA ESTANCIA",20.3586630363975,-98.6405863285551,"SEGURIDAD","VEHÍCULO DESCOMPUESTO","Sin Especificar"
"30907",45936,0.825439814814815,"CESPEDES REFORMA",20.1540406537963,-98.7425329149581,"SEGURIDAD","PERSONA AGRESIVA","Masculino"
"30430",45712,0.133402777777778,"TEZOQUIPA",20.1812581779379,-99.0896833848152,"SEGURIDAD","ROBO DE VEHÍCULO PARTICULAR SIN VIOLENCIA","Femenino"
"30904",45983,0.868993055555556,"ADOLFO LOPEZ MATEOS",19.7289852792703,-98.8929823083938,"SEGURIDAD","PERSONA SOSPECHOSA","Sin Especificar"
"30310",45854,0.606932870370371,"CENTRO PACHUCA DE SOTO",20.0825770998484,-98.7887667075514,"SEGURIDAD","OTRAS FALTAS AL REGLAMENTO DE TRÁNSITO","Sin Especificar"
"30446",45872,0.517164351851852,"PASEOS DE LA PRADERA",19.9475047121021,-99.3728436887606,"SEGURIDAD","OTROS ACTOS RELACIONADOS CON EL PATRIMONIO","Femenino"
"10310",45900,0.357650462962963,"VILLA DE LA PAZ",20.6307000393776,-99.1713105781194,"MEDICO","URGENCIA POR ENFERMEDAD GENERAL","Masculino"
"10307",45820,0.5584375,"CENTRO",20.3055755906058,-99.1217931322006,"MEDICO","CONVULSIONES","Sin Especificar"
"31101",45915,0.485625,"CONSTITUCION",20.1468719676855,-98.8375269559137,"SEGURIDAD","ALTERACIÓN DEL ORDEN PÚBLICO POR PERSONA ALCOHOLIZADA","Masculino"
"50303",45791,0.667372685185185,"HACIENDAS DE TIZAYUCA",19.8500614879557,-98.9676423401127,"ASISTENCIA","MALTRATO DE ANIMALES","Sin Especificar"
"30502",45853,0.557986111111111,"EL ARENAL",20.6964145363094,-98.6380572129898,"SEGURIDAD","VIOLENCIA DE PAREJA","Masculino"
"30401",45857,0.0656134259259259,"PERIODISTA",20.1050061524436,-98.7131338244767,"SEGURIDAD","OTRAS ALARMAS DE EMERGENCIAS ACTIVADAS","Sin Especificar"
"20311",45752,0.746134259259259,"20 DE NOVIEMBRE",20.0220921646747,-98.5912522387532,"PROTECCIÓN CIVIL","OTROS INCENDIOS","Femenino"
"31112",45675,0.575277777777778,"LA RAZA",20.1161935662545,-98.832408594831,"SEGURIDAD","RIÑA / PELEA CLANDESTINA","Sin Especificar"
"10303",45772,0.364872685185185,"SANTA MARIA NATIVITAS",19.9308012774512,-98.250250296387,"MEDICO","URGENCIA EN PACIENTE EMBARAZADA","Femenino"
"50301",45851,0.912025462962963,"HUASCA DE OCAMPO CENTRO",20.2443016415345,-98.5000904106211,"ASISTENCIA","APOYO A LA CIUDADANÍA","Femenino"
"30309",45704,0.96744212962963,"LAS PLAZAS",19.8401518950186,-98.9171597966517,"SEGURIDAD","ACCIDENTE DE TRÁNSITO SIN LESIONADOS","Sin Especificar"
"30401",45950,0.190034722222222,"SIN COLONIA",20.6566761020942,-98.5976756704495,"SEGURIDAD","OTRAS ALARMAS DE EMERGENCIAS ACTIVADAS","Masculino"
"30446",45871,0.107083333333333,"PARQUE DE POBLAMIENTO SOLIDARIDAD",21.1866548084693,-98.4761768805559,"SEGURIDAD","OTROS ACTOS RELACIONADOS CON EL PATRIMONIO","Masculino"
"30907",45929,0.0254513888888889,"EL SAUCILLO",20.0442212578344,-98.8741325444293,"SEGURIDAD","PERSONA AGRESIVA","Masculino"
"31001",45749,0.111099537037037,"SAN JOSE BOXAY",20.1350551641477,-99.0504871630279,"SEGURIDAD","ALLANAMIENTO DE MORADA","Femenino"
"30310",45671,0.423622685185185,"REVOLUCION",20.0365000865444,-98.7571548423245,"SEGURIDAD","OTRAS FALTAS AL REGLAMENTO DE TRÁNSITO","Sin Especificar"
"10305",45899,0.00547453703703704,"LA TOSCANA (MEDIA)",19.9606731796896,-99.2381064828786,"MEDICO","DIFICULTAD RESPIRATORIA / URGENCIA RESPIRATORIA","Sin Especificar"
"30907",45759,0.619247685185185,"LOS ALMENDROS",19.8632694679329,-99.0868558632483,"SEGURIDAD","PERSONA AGRESIVA","Femenino"
"31101",45697,0.984027777777778,"MARIANO OTERO",20.2506039375904,-98.6645794749883,"SEGURIDAD","ALTERACIÓN DEL ORDEN PÚBLICO POR PERSONA ALCOHOLIZADA","Femenino"
"30904",45784,0.0497569444444444,"DE TLAMINULPA (EL SALITRE)",20.1312855816067,-99.3120402889471,"SEGURIDAD","PERSONA SOSPECHOSA","Masculino"
"30401",46005,0.767418981481482,"CENTRO CHAPULHUACAN",21.2076364535436,-98.960368086177,"SEGURIDAD","OTRAS ALARMAS DE EMERGENCIAS ACTIVADAS","Femenino"
"50301",45728,0.67755787037037,"TULIPANES",20.103257164282,-98.6910578888272,"ASISTENCIA","APOYO A LA CIUDADANÍA","Femenino"
"30430",45707,0.455949074074074,"CENTRO",20.1514463357805,-99.1053728894063,"SEGURIDAD","ROBO DE VEHÍCULO PARTICULAR SIN VIOLENCIA","Femenino"
"10307",45876,0.449826388888889,"MORELOS 1A SECCION",20.1291485639103,-98.5664882913213,"MEDICO","CONVULSIONES","Femenino"
"50301",45749,0.541793981481481,"CAMPO DE GOLF",19.9905065837869,-98.7945300551672,"ASISTENCIA","APOYO A LA CIUDADANÍA","Sin Especificar"
"31105",45731,0.729131944444445,"NOXTONGO PRIMERA SECCION",19.9880711392122,-99.7334589072221,"SEGURIDAD","CONSUMO DE DROGAS EN VÍA PÚBLICA","Masculino"
"10206",45661,0.577766203703704,"CAÑADA CHICA AVIACION",20.4051350568749,-98.9526229346094,"MEDICO","FRACTURADO/TRAUMATISMO DE EXTREMIDADES","Masculino"
"30309",45809,0.486377314814815,"EL PUERTO DE SAN PEDRO",20.1875610843122,-98.8057081186572,"SEGURIDAD","ACCIDENTE DE TRÁNSITO SIN LESIONADOS","Masculino"
"30503",45711,0.982916666666667,"PASEOS DE CHAVARRIA",20.0822986879428,-98.7776315795619,"SEGURIDAD","VIOLENCIA FAMILIAR","Masculino"
"30504",45850,0.949189814814815,"EL PEDREGAL",20.13217716426,-98.8191441287924,"SEGURIDAD","OTROS ACTOS RELACIONADOS CON LA FAMILIA","Femenino"
"10207",45888,0.117037037037037,"RICARDO FLORES MAGON",19.958495044266,-98.7177232388483,"MEDICO","HEMORRAGIA","Femenino"
"30907",46005,0.66099537037037,"LOS HEROES TIZAYUCA",19.859506442553,-98.851449644579,"SEGURIDAD","PERSONA AGRESIVA","Femenino"
"30310",45972,0.814976851851852,"VALLE DORADO",20.0142444626433,-98.9095079967227,"SEGURIDAD","OTRAS FALTAS AL REGLAMENTO DE TRÁNSITO","Sin Especificar"
"20403",45846,0.515219907407407,"RAUL LOZANO",19.7821708302083,-98.3407313727177,"PROTECCIÓN CIVIL","RESCATE ANIMAL","Sin Especificar"
"31101",45760,0.933402777777778,"SAN PEDRO NOPANCALCO",20.2072582603377,-98.734276429378,"SEGURIDAD","ALTERACIÓN DEL ORDEN PÚBLICO POR PERSONA ALCOHOLIZADA","Sin Especificar"
"10308",45806,0.653483796296296,"OBRERA",19.963790269269,-98.7081525224935,"MEDICO","PERSONA INCONSCIENTE / URGENCIA NEUROLÓGICA","Femenino"
"30202",45766,0.9525,"JALTEPEC",19.8781901905667,-98.4521787398404,"SEGURIDAD","DETONACIÓN DE ARMA DE FUEGO","Femenino"
"31001",45995,0.538206018518518,"PASEOS DEL PEDREGAL",19.8511204552514,-99.0367744458978,"SEGURIDAD","ALLANAMIENTO DE MORADA","Femenino"
"30611",45684,0.373831018518519,"SAN PEDRO NOPANCALCO",19.9974606840066,-98.6185576115016,"SEGURIDAD","NOTIFICACIÓN DE CIBER INCIDENTE","Femenino"
"30310",45902,0.770046296296296,"PLAZA LAS TORRES",19.9222707556259,-98.6986080996137,"SEGURIDAD","OTRAS FALTAS AL REGLAMENTO DE TRÁNSITO","Femenino"
"30907",45900,0.652337962962963,"PASEOS DE LA PRADERA",19.8538596428374,-99.1419978543742,"SEGURIDAD","PERSONA AGRESIVA","Femenino"
"30101",45917,0.517349537037037,"AMPLIACION SUR PARAISO",19.8999345644459,-98.2908287980992,"SEGURIDAD","VEHÍCULO ABANDONADO","Femenino"
"30446",45939,0.311377314814815,"EL VENADO",20.067697712323,-98.7865548721422,"SEGURIDAD","OTROS ACTOS RELACIONADOS CON EL PATRIMONIO","Masculino"
"50301",45726,0.918726851851852,"REAL MADEIRA",19.9063588733775,-98.7204106782472,"ASISTENCIA","APOYO A LA CIUDADANÍA","Masculino"
"10104",45998,0.120659722222222,"ZONA PLATEADA",19.9801591165141,-98.7331351100825,"MEDICO","ACCIDENTE DE VEHÍCULO AUTOMOTOR CON LESIONADOS","Masculino"
"50105",45984,0.0628125,"PASEOS DE LA PLATA",20.1376952081051,-98.8292934361847,"ASISTENCIA","RUIDO EXCESIVO","Sin Especificar"
"20210",45816,0.497696759259259,"TULTENGO",20.082723745398,-99.2768969518432,"PROTECCIÓN CIVIL","ÁRBOL CAÍDO O POR CAER","Femenino"
"20203",45771,0.589699074074074,"PASEOS DE LA PLATA",19.7970851917033,-98.8705247355094,"PROTECCIÓN CIVIL","ENJAMBRE DE ABEJAS","Sin Especificar"
"30904",45722,0.0758680555555555,"EL PEDREGAL",19.7656604707737,-99.0067766449139,"SEGURIDAD","PERSONA SOSPECHOSA","Masculino"
"30309",45883,0.838564814814815,"LA MORENA 3A SECC",20.0761249906821,-98.2527606343224,"SEGURIDAD","ACCIDENTE DE TRÁNSITO SIN LESIONADOS","Femenino"
"10308",45966,0.749270833333333,"EL PEDREGAL",19.9109887840219,-99.3616037340862,"MEDICO","PERSONA INCONSCIENTE / URGENCIA NEUROLÓGICA","Masculino"
"10204",45841,0.632002314814815,"SAN PEDRO TLACHICHILCO",20.2421348904695,-98.358904190666,"MEDICO","CAÍDA","Masculino"
"30309",45731,0.0317013888888889,"SAN CRISTOBAL",20.0575983261397,-98.6651379996482,"SEGURIDAD","ACCIDENTE DE TRÁNSITO SIN LESIONADOS","Masculino"
"31104",45815,0.654131944444445,"LA ESPAÑITA",20.1091295621847,-98.7526694119802,"SEGURIDAD","CONSUMO DE ALCOHOL EN VÍA PÚBLICA","Femenino"
"30907",46020,0.659675925925926,"SANTA IRENE",21.1402203905291,-98.3575977363892,"SEGURIDAD","PERSONA AGRESIVA","Sin Especificar"
"10104",45948,0.417604166666667,"EL HUIXMI",19.996298303604,-98.872402561687,"MEDICO","ACCIDENTE DE VEHÍCULO AUTOMOTOR CON LESIONADOS","Femenino"
"50301",45905,0.279259259259259,"JONACAPA",20.511276306609,-99.5334958047891,"ASISTENCIA","APOYO A LA CIUDADANÍA","Femenino"
"31112",45924,0.510081018518519,"SAN MIGUEL VINDHO",20.0390841934209,-99.2286453046625,"SEGURIDAD","RIÑA / PELEA CLANDESTINA","Femenino"
"30307",45789,0.171238425925926,"TEHUETLAN",21.129872992213,-98.4514691866457,"SEGURIDAD","VEHÍCULO SOSPECHOSO","Sin Especificar"
"30308",46019,0.765925925925926,"SANTA ANA DEL MONTE",20.112966790946,-98.4473012300811,"SEGURIDAD","VEHÍCULO DESCOMPUESTO","Masculino"
"20311",45949,0.890196759259259,"SAN ANTONIO",20.5289596691586,-99.0454922103538,"PROTECCIÓN CIVIL","OTROS INCENDIOS","Femenino"
"30503",45681,0.720949074074074,"LA PROVIDENCIA SIGLO XXI",19.992362164295,-98.7264199557415,"SEGURIDAD","VIOLENCIA FAMILIAR","Femenino"
"30101",45727,0.353402777777778,"SANTA MARIA MATILDE",20.1208039211353,-98.7183825678904,"SEGURIDAD","VEHÍCULO ABANDONADO","Sin Especificar"
"30907",45955,0.85400462962963,"SANTA MARIA MATILDE",20.0355598885234,-98.629768646677,"SEGURIDAD","PERSONA AGRESIVA","Femenino"
"31001",45745,0.952997685185185,"TULIPANES",20.1374919040994,-98.8919896934104,"SEGURIDAD","ALLANAMIENTO DE MORADA","Masculino"
"30401",45993,0.563148148148148,"CENTRO TLAHUILTEPA",20.9015393440986,-99.0399341571414,"SEGURIDAD","OTRAS ALARMAS DE EMERGENCIAS ACTIVADAS","Masculino"
"30430",45710,0.146979166666667,"MIGUEL HIDALGO",19.8321735109909,-98.6685021545127,"SEGURIDAD","ROBO DE VEHÍCULO PARTICULAR SIN VIOLENCIA","Sin Especificar"
"30903",45996,0.67349537037037,"SAN FERNANDO",19.981948065461,-98.8049824856368,"SEGURIDAD","VIOLENCIA CONTRA LA MUJER","Sin Especificar"
"31101",45826,0.687789351851852,"EX- HACIENDA DE GUADALUPE",19.7474108714989,-98.423607411783,"SEGURIDAD","ALTERACIÓN DEL ORDEN PÚBLICO POR PERSONA ALCOHOLIZADA","Masculino"
"10104",45983,0.983229166666667,"LA VEGA",20.5809720946912,-99.2354618949122,"MEDICO","ACCIDENTE DE VEHÍCULO AUTOMOTOR CON LESIONADOS","Sin Especificar"
"31101",45712,0.248402777777778,"TLAXINACALPAN",19.839460155623,-99.3569369977505,"SEGURIDAD","ALTERACIÓN DEL ORDEN PÚBLICO POR PERSONA ALCOHOLIZADA","Femenino"
"20311",45958,0.553738425925926,"GENERAL FELIPE ANGELES",19.9830738104395,-98.8490378005347,"PROTECCIÓN CIVIL","OTROS INCENDIOS","Femenino"
"30307",45697,0.00422453703703704,"ATENGO",19.9297879020801,-99.541735907814,"SEGURIDAD","VEHÍCULO SOSPECHOSO","Masculino"
"31102",45686,0.758078703703704,"JUAN C. DORIA",20.1049234947827,-98.8490246837616,"SEGURIDAD","ALTERACIÓN DEL ORDEN PÚBLICO POR PERSONA DROGADA","Sin Especificar"
"30504",45886,0.476319444444444,"LOMAS DE VISTA HERMOSA",20.1575906111608,-98.7738179214838,"SEGURIDAD","OTROS ACTOS RELACIONADOS CON LA FAMILIA","Femenino"
"30702",45851,0.647800925925926,"EL CALVARIO",20.24837644337,-99.2249385901352,"SEGURIDAD","ACOSO U HOSTIGAMIENTO SEXUAL","Masculino"
"30903",45694,0.055,"JUAN C. DORIA",20.2456300517641,-98.7708327009656,"SEGURIDAD","VIOLENCIA CONTRA LA MUJER","Masculino"
"30401",45990,0.0445833333333333,"EL FITHZI",20.5180691957431,-99.1484398610595,"SEGURIDAD","OTRAS ALARMAS DE EMERGENCIAS ACTIVADAS","Femenino"
"30102",45715,0.569178240740741,"PRIVADAS SANTA MATILDE",19.9196479846456,-98.8619114569883,"SEGURIDAD","OBJETO SOSPECHOSO O PELIGROSO","Sin Especificar"
"30907",45863,0.822997685185185,"INDUSTRIAL LA PAZ",19.9052506650206,-98.7495278556336,"SEGURIDAD","PERSONA AGRESIVA","Sin Especificar"
"30908",45897,0.565659722222222,"SANTA MARIA QUELITES",19.8688389387602,-99.4264700008672,"SEGURIDAD","SUICIDIO","Masculino"
"30401",46009,0.0279282407407407,"ARBOLEDAS DE SAN JAVIER",20.1109549818963,-98.8609764723129,"SEGURIDAD","OTRAS ALARMAS DE EMERGENCIAS ACTIVADAS","Femenino"
"20404",45772,0.475011574074074,"EL TEZONTLE",20.2183579105786,-98.790863332002,"PROTECCIÓN CIVIL","OTROS RESCATES","Sin Especificar"
"50301",46021,0.79099537037037,"SIN COLONIA",19.8090657729543,-98.4929068751463,"ASISTENCIA","APOYO A LA CIUDADANÍA","Masculino"
"30307",45783,0.343101851851852,"ZAPOTLAN DE ALLENDE",20.0358312472755,-98.2824559986369,"SEGURIDAD","VEHÍCULO SOSPECHOSO","Masculino"
"30401",45964,0.235034722222222,"ZONA INDUSTRIAL",19.7154657650809,-98.9380896022821,"SEGURIDAD","OTRAS ALARMAS DE EMERGENCIAS ACTIVADAS","Masculino"
"30307",45787,0.691331018518519,"PIRACANTOS",20.2093201810798,-98.7734694887386,"SEGURIDAD","VEHÍCULO SOSPECHOSO","Femenino"
"50301",46000,0.592650462962963,"PLAN DE AYALA",20.0414565346055,-98.4930489193172,"ASISTENCIA","APOYO A LA CIUDADANÍA","Sin Especificar"
"31112",45767,0.859224537037037,"LA RAZA",20.1606019952457,-98.6564730063548,"SEGURIDAD","RIÑA / PELEA CLANDESTINA","Femenino"
"50301",45731,0.754780092592593,"CENTRO PACHUCA DE SOTO",20.0783796983014,-98.7608338055791,"ASISTENCIA","APOYO A LA CIUDADANÍA","Sin Especificar"
"30611",45982,0.501516203703704,"EL PALMAR",19.9486071280948,-98.8344453806595,"SEGURIDAD","NOTIFICACIÓN DE CIBER INCIDENTE","Sin Especificar"
"10204",45889,0.45162037037037,"SIN COLONIA",20.3687282877282,-99.1649622022467,"MEDICO","CAÍDA","Masculino"
"20311",45746,0.474108796296296,"EL AGUILA",20.1117109781951,-99.2174138444113,"PROTECCIÓN CIVIL","OTROS INCENDIOS","Masculino"
"31114",45979,0.67568287037037,"SAN BARTOLO",19.9515032533577,-98.6667719908855,"SEGURIDAD","OTROS TIPOS DE ALTERACIÓN AL ORDEN PÚBLICO","Femenino"
"30504",45942,0.986493055555556,"SAN MATEO 1RA",19.8210880118655,-99.2989669905404,"SEGURIDAD","OTROS ACTOS RELACIONADOS CON LA FAMILIA","Masculino"
"30503",45752,0.398576388888889,"MONTE ESMERALDA",19.8941399246211,-99.4778507859221,"SEGURIDAD","VIOLENCIA FAMILIAR","Masculino"
"10103",45697,0.636481481481481,"PUEBLO NUEVO",20.4051629056118,-99.1539177793477,"MEDICO","ACCIDENTE DE MOTOCICLETA CON LESIONADOS","Masculino"
"30504",46004,0.905324074074074,"CENTRO PACHUCA DE SOTO",20.1425583881445,-98.7034323116955,"SEGURIDAD","OTROS ACTOS RELACIONADOS CON LA FAMILIA","Sin Especificar"
"30202",45740,0.0484722222222222,"TELTIPAN DE JUAREZ",20.1708057480142,-99.2242064725417,"SEGURIDAD","DETONACIÓN DE ARMA DE FUEGO","Sin Especificar"
"10103",45956,0.568773148148148,"TERREROS",19.9968314881905,-98.8708687748236,"MEDICO","ACCIDENTE DE MOTOCICLETA CON LESIONADOS","Femenino"
"30310",45751,0.340497685185185,"ADOLFO LOPEZ MATEOS",19.9796189737016,-98.8300894240397,"SEGURIDAD","OTRAS FALTAS AL REGLAMENTO DE TRÁNSITO","Masculino"
"30503",45758,0.0624189814814815,"PAXTEPEC",20.0636829382385,-98.4281682740295,"SEGURIDAD","VIOLENCIA FAMILIAR","Femenino"
"10103",45765,0.423275462962963,"TIANGUISTENGO (LA ROMERA)",19.996772456272,-99.4556931628337,"MEDICO","ACCIDENTE DE MOTOCICLETA CON LESIONADOS","Masculino"
"10103",45793,0.653819444444445,"SAN ALEJO",20.0692987138138,-98.1343700207138,"MEDICO","ACCIDENTE DE MOTOCICLETA CON LESIONADOS","Masculino"
"31103",45998,0.443518518518519,"EL PEDREGAL",19.9684083172559,-99.3642769121684,"SEGURIDAD","CONDUCTOR EBRIO","Sin Especificar"
"30446",46012,0.570393518518519,"CENTRO APAN",19.8548615827592,-98.4411472815671,"SEGURIDAD","OTROS ACTOS RELACIONADOS CON EL PATRIMONIO","Masculino"
"30907",45760,0.407824074074074,"BOSQUES DE SANTIAGO",20.0645833783544,-98.4298247839738,"SEGURIDAD","PERSONA AGRESIVA","Masculino"
"30502",45915,0.701539351851852,"SANTIAGO DE TULANTEPEC CENTRO",19.95249368051,-98.3207328498865,"SEGURIDAD","VIOLENCIA DE PAREJA","Sin Especificar"
"30401",45781,0.850659722222222,"PERIODISTA",20.1560789007559,-98.7991464522392,"SEGURIDAD","OTRAS ALARMAS DE EMERGENCIAS ACTIVADAS","Sin Especificar"
"10104",45965,0.891354166666667,"EX-HACIENDA DE COSCOTITLAN",20.1444506217548,-98.7382144085728,"MEDICO","ACCIDENTE DE VEHÍCULO AUTOMOTOR CON LESIONADOS","Femenino"
"31104",46006,0.543981481481481,"SAN IDELFONSO",20.0887881266448,-99.3005387456077,"SEGURIDAD","CONSUMO DE ALCOHOL EN VÍA PÚBLICA","Masculino"
"10308",45880,0.538923611111111,"LINDAVISTA",20.1619786437111,-98.2959460922255,"MEDICO","PERSONA INCONSCIENTE / URGENCIA NEUROLÓGICA","Femenino"
"20201",45683,0.333090277777778,"LA COLONIA",19.9166991673148,-98.718711992447,"PROTECCIÓN CIVIL","CONTAMINACIÓN DE SUELO, AIRE Y AGUA","Sin Especificar"
"30503",45855,0.923842592592593,"RIO SECO PUENTE DE DORIA",20.3782999219693,-98.6003189935883,"SEGURIDAD","VIOLENCIA FAMILIAR","Femenino"
"30401",45979,0.96787037037037,"CUIXTITLA",19.825704419548,-98.9530253015701,"SEGURIDAD","OTRAS ALARMAS DE EMERGENCIAS ACTIVADAS","Masculino"
"30907",45955,0.200324074074074,"SAN FERNANDO",20.1963249927846,-98.8085432676758,"SEGURIDAD","PERSONA AGRESIVA","Sin Especificar"
"31112",45773,0.970046296296296,"CIUDAD NATURA",19.8494093631942,-98.9160639750997,"SEGURIDAD","RIÑA / PELEA CLANDESTINA","Femenino"
"30904",46003,0.409641203703704,"AMPLIACION SANTA JULIA 3RA SEECION",19.9857896810687,-98.6147439902297,"SEGURIDAD","PERSONA SOSPECHOSA","Femenino"
"30907",45885,0.884375,"PRESAS",20.0525849824883,-99.2526022580807,"SEGURIDAD","PERSONA AGRESIVA","Masculino"
"31101",45800,0.011099537037037,"BUENOS AIRES",20.0293127418956,-98.731049613159,"SEGURIDAD","ALTERACIÓN DEL ORDEN PÚBLICO POR PERSONA ALCOHOLIZADA","Sin Especificar"
"30503",45907,0.831608796296296,"SANTIAGO JALTEPEC",20.0598566970912,-98.552775709371,"SEGURIDAD","VIOLENCIA FAMILIAR","Femenino"
"30907",45976,0.903819444444445,"VITO",20.0496446822946,-98.8944856563334,"SEGURIDAD","PERSONA AGRESIVA","Sin Especificar"
"30308",45925,0.005,"EL LLANO (1A SECCION)",20.0601703289305,-99.3411391982421,"SEGURIDAD","VEHÍCULO DESCOMPUESTO","Masculino"
"30904",45865,0.172384259259259,"LOS ROMEROS",20.0088961915316,-98.2876503526275,"SEGURIDAD","PERSONA SOSPECHOSA","Masculino"
"20404",45951,0.472662037037037,"LAS PINTAS",19.9763158806455,-98.9557019577436,"PROTECCIÓN CIVIL","OTROS RESCATES","Femenino"
"10308",45990,0.810405092592593,"SAN FRANCISCO SACACHICHILCO",20.3586175859017,-99.2283878077474,"MEDICO","PERSONA INCONSCIENTE / URGENCIA NEUROLÓGICA","Sin Especificar"
"10103",45700,0.770949074074074,"SIN COLONIA",20.0524424132224,-98.6692034901993,"MEDICO","ACCIDENTE DE MOTOCICLETA CON LESIONADOS","Masculino"
"50301",45888,0.791944444444445,"PEDREGAL DE LOS ANGELES",20.0399067299764,-98.7685380169497,"ASISTENCIA","APOYO A LA CIUDADANÍA","Sin Especificar"
"50203",45807,0.4309375,"SAN GABRIEL",20.3367861402804,-99.3064855261154,"ASISTENCIA","VEHÍCULO RECUPERADO","Femenino"
"30502",45998,0.102118055555556,"PASEOS DE CHAVARRIA",20.193848360928,-98.7239479747769,"SEGURIDAD","VIOLENCIA DE PAREJA","Femenino"
"30404",45762,0.89681712962963,"SANTA JULIA",20.1973493421922,-98.8956205005626,"SEGURIDAD","DAÑO A PROPIEDAD AJENA","Masculino"
"50107",45930,0.268298611111111,"PARQUE LOS ENCINOS",20.1772908537539,-98.6918381239563,"ASISTENCIA","ABUSO DE CONFIANZA","Femenino"
"30446",46002,0.0421180555555556,"LA LOMA",20.2861239377227,-98.9099880863041,"SEGURIDAD","OTROS ACTOS RELACIONADOS CON EL PATRIMONIO","Masculino"
"30307",45735,0.829016203703704,"HUAPALCALCO",20.1737785964001,-98.6647030027735,"SEGURIDAD","VEHÍCULO SOSPECHOSO","Sin Especificar"
"30907",45786,0.578738425925926,"NUEVO CENTRO DE POBLACION AGRICOLA EL CHACON",20.0936261431963,-98.8546086610068,"SEGURIDAD","PERSONA AGRESIVA","Femenino"
"30503",45937,0.762511574074074,"PARQUE DE POBLAMIENTO",19.8906946175966,-98.6641872709972,"SEGURIDAD","VIOLENCIA FAMILIAR","Sin Especificar"
"31112",45914,0.699386574074074,"EL CERRITO",20.1060356534394,-99.0215392844282,"SEGURIDAD","RIÑA / PELEA CLANDESTINA","Sin Especificar"
"31112",45752,0.729247685185185,"GUADALUPE MINERVA",20.1432863727535,-98.516281770505,"SEGURIDAD","RIÑA / PELEA CLANDESTINA","Femenino"
"10107",45750,0.657453703703704,"DONGUIÑYO",20.3932402093336,-99.4263015447969,"MEDICO","ACCIDENTE MÚLTIPLE CON LESIONADOS","Sin Especificar"
"50104",45772,0.711377314814815,"TEPEAPULCO CENTRO",19.9319761434473,-98.4790015640562,"ASISTENCIA","FRAUDE","Femenino"
"10212",45687,0.935810185185185,"HUAPALCALCO",20.054179727796,-98.4588034387837,"MEDICO","TRAUMATISMOS MÚLTIPLES","Sin Especificar"
"30204",45722,0.332476851851852,"EL ROBLE",19.9885003309467,-98.6922576628283,"SEGURIDAD","PORTACIÓN DE ARMAS O CARTUCHOS","Femenino"
"30414",45893,0.820231481481482,"EL CARMEN (LA MESITA)",19.8414620196919,-99.4922704558442,"SEGURIDAD","ROBO A CASA HABITACIÓN SIN VIOLENCIA","Masculino"
"31112",45990,0.819224537037037,"XOLOSTITLA DE MORELOS (XOLOSTITLA)",19.7782735394032,-98.8089636160371,"SEGURIDAD","RIÑA / PELEA CLANDESTINA","Masculino"
"31101",45712,0.949016203703704,"BELLAVISTA",19.8809236828237,-98.409093511808,"SEGURIDAD","ALTERACIÓN DEL ORDEN PÚBLICO POR PERSONA ALCOHOLIZADA","Masculino"
"10204",45790,0.842268518518519,"REAL CASTILLA",19.8852257915741,-99.3607892162372,"MEDICO","CAÍDA","Femenino"
"31102",45950,0.244768518518519,"EX-HACIENDA DE COSCOTITLAN",20.021299628421,-98.7520457453652,"SEGURIDAD","ALTERACIÓN DEL ORDEN PÚBLICO POR PERSONA DROGADA","Sin Especificar"
"50301",45928,0.917083333333333,"SIN COLONIA",20.1127449459724,-99.3370876033531,"ASISTENCIA","APOYO A LA CIUDADANÍA","Masculino"
"10203",45744,0.678472222222222,"SAN PEDRITO ALPUYECA",19.8517354253629,-99.3033411249707,"MEDICO","ASFIXIA","Sin Especificar"
"31112",45981,0.595601851851852,"LA PROVIDENCIA SIGLO XXI",19.9209143747364,-98.8325630298523,"SEGURIDAD","RIÑA / PELEA CLANDESTINA","Femenino"
"30904",45685,0.744803240740741,"BOSQUES DEL PEÑAR",20.1228652603309,-98.985981840789,"SEGURIDAD","PERSONA SOSPECHOSA","Femenino"
"20311",45695,0.790590277777778,"EL CARMEN",20.0409501257953,-99.3427636415234,"PROTECCIÓN CIVIL","OTROS INCENDIOS","Femenino"
"50107",45667,0.854340277777778,"EL PALMAR",20.3070845658359,-98.973905429834,"ASISTENCIA","ABUSO DE CONFIANZA","Femenino"
"50301",45841,0.519479166666667,"TAXISTAS",20.0934863149614,-98.9543554161343,"ASISTENCIA","APOYO A LA CIUDADANÍA","Masculino"
"30422",45664,0.627395833333333,"VILLA MAGNA",19.7177525033737,-99.0508333607836,"SEGURIDAD","ROBO A TRANSEÚNTE SIN VIOLENCIA","Sin Especificar"
"50203",45658,0.499409722222222,"CERRO DE LA CRUZ",20.0938413416295,-99.2794189382885,"ASISTENCIA","VEHÍCULO RECUPERADO","Masculino"
"10317",45816,0.260092592592593,"RESIDENCIAL ARBOLEDAS",20.1835648716956,-99.4054994860256,"MEDICO","FALLECIDO DE CAUSA NATURAL","Femenino"
"30309",45979,0.612037037037037,"TULANCINGO CENTRO",20.0020768230235,-98.5480720392299,"SEGURIDAD","ACCIDENTE DE TRÁNSITO SIN LESIONADOS","Sin Especificar"
"20307",45696,0.494351851851852,"TAXHUE",20.3079938292549,-99.5158768924086,"PROTECCIÓN CIVIL","INCENDIO FORESTAL","Masculino"
"30907",45749,0.369537037037037,"TEPEAPULCO CENTRO",19.8583579441549,-98.4397212126843,"SEGURIDAD","PERSONA AGRESIVA","Femenino"
"30309",45986,0.847986111111111,"EX-HACIENDA DE COSCOTITLAN",20.0862575152201,-98.8935119647483,"SEGURIDAD","ACCIDENTE DE TRÁNSITO SIN LESIONADOS","Femenino"
"40107",45719,0.878055555555556,"FELIPE ANGELES",19.8746880252865,-98.8588995995581,"SERVICIOS PÚBLICOS","CORTO CIRCUITO","Femenino"
"30446",45990,0.553425925925926,"AMPLIACION NUEVA ITALIA",19.7048558547423,-99.0151288802357,"SEGURIDAD","OTROS ACTOS RELACIONADOS CON EL PATRIMONIO","Femenino"
"50301",45982,0.615474537037037,"MANZANA CENTRO",20.4049550542416,-99.4126879945828,"ASISTENCIA","APOYO A LA CIUDADANÍA","Masculino"
"20311",45701,0.575162037037037,"EL ABRA",20.1610103263883,-98.3162098578662,"PROTECCIÓN CIVIL","OTROS INCENDIOS","Femenino"
"30202",45794,0.880902777777778,"NOPALA CENTRO",20.1352785494536,-99.6334579756312,"SEGURIDAD","DETONACIÓN DE ARMA DE FUEGO","Sin Especificar"
"20404",45940,0.601851851851852,"BENITO JUAREZ",20.2059361204873,-98.9948522464173,"PROTECCIÓN CIVIL","OTROS RESCATES","Masculino"
"50303",45884,0.445925925925926,"U. H. 18 DE MARZO",20.0144669945159,-99.4491479886867,"ASISTENCIA","MALTRATO DE ANIMALES","Masculino"
"20404",45999,0.755694444444445,"PIEDRA BLANCA",20.2293168700366,-98.2318658248375,"PROTECCIÓN CIVIL","OTROS RESCATES","Femenino"
"30908",45732,0.33556712962963,"OLMOS",19.7764383352046,-98.8816562928191,"SEGURIDAD","SUICIDIO","Sin Especificar"
"30102",45987,0.534351851851852,"EXHACIENDA LA CONCEPCION",20.1261135491483,-98.8751839956256,"SEGURIDAD","OBJETO SOSPECHOSO O PELIGROSO","Sin Especificar"
"30907",45958,0.568159722222222,"TIANGUISTENGO (LA ROMERA)",19.8884841172997,-99.4457841377528,"SEGURIDAD","PERSONA AGRESIVA","Femenino"
"10204",45960,0.613287037037037,"EL PALMAR",20.2575326250891,-98.9153330711352,"MEDICO","CAÍDA","Masculino"
"30309",45995,0.587523148148148,"SAN PEDRO NOPANCALCO",20.0046889938649,-98.9564452829979,"SEGURIDAD","ACCIDENTE DE TRÁNSITO SIN LESIONADOS","Masculino"
"30407",45878,0.495925925925926,"LOS HEROES TIZAYUCA",19.8410780071164,-98.8065831165046,"SEGURIDAD","EXTORSIÓN TELEFÓNICA","Masculino"
"10104",45954,0.147673611111111,"VALLE DE SAN JAVIER",20.221073466256,-98.7358346058271,"MEDICO","ACCIDENTE DE VEHÍCULO AUTOMOTOR CON LESIONADOS","Femenino"
"20311",45665,0.417337962962963,"PUERTO VALLARTA",20.2874807647553,-99.4612278634773,"PROTECCIÓN CIVIL","OTROS INCENDIOS","Sin Especificar"
"31112",45836,0.984745370370371,"PRADERAS DEL POTRERO",19.8088812751101,-99.0667851472235,"SEGURIDAD","RIÑA / PELEA CLANDESTINA","Femenino"
"20311",45976,0.535243055555556,"PACHUQUILLA",19.8868131623125,-98.8977365654578,"PROTECCIÓN CIVIL","OTROS INCENDIOS","Femenino"
"30446",45907,0.357418981481481,"VALLE VERDE",20.0765482695168,-98.4571607569548,"SEGURIDAD","OTROS ACTOS RELACIONADOS CON EL PATRIMONIO","Masculino"
"30401",45970,0.435798611111111,"SANTA CRUZ",21.0267037516618,-98.7498662173073,"SEGURIDAD","OTRAS ALARMAS DE EMERGENCIAS ACTIVADAS","Femenino"
"30907",45943,0.827002314814815,"JARDINES DEL SUR 1 RA. SECCION",20.0788511741829,-98.4561276903262,"SEGURIDAD","PERSONA AGRESIVA","Sin Especificar"
"30307",45681,0.720104166666667,"CENTRO NORTE",20.0989633173733,-99.0439858759671,"SEGURIDAD","VEHÍCULO SOSPECHOSO","Masculino"
"30401",45738,0.578865740740741,"JALTOCAN CENTRO",21.2632771401883,-98.5378485154211,"SEGURIDAD","OTRAS ALARMAS DE EMERGENCIAS ACTIVADAS","Masculino"
"30310",45877,0.38349537037037,"REAL DEL VALLE",20.231812794267,-98.6862349802107,"SEGURIDAD","OTRAS FALTAS AL REGLAMENTO DE TRÁNSITO","Masculino"
"30602",45757,0.378240740740741,"EL LLANO (2A SECCION)",20.0841463869458,-99.2415675775395,"SEGURIDAD","PERSONA NO LOCALIZADA","Masculino"
"20207",45925,0.660277777777778,"REAL DE MINAS",20.0690049474555,-98.7102346603387,"PROTECCIÓN CIVIL","INUNDACIONES","Femenino"
"30302",45701,0.207962962962963,"SAN VICENTE",20.086460784033,-98.3570198700098,"SEGURIDAD","ARRANCONES O CARRERAS DE VEHÍCULOS","Masculino"
"50102",45825,0.0772685185185185,"5 DE MAYO",19.9406632238598,-98.3699446371411,"ASISTENCIA","TENTATIVA DE ROBO","Masculino"
"50301",45914,0.965891203703704,"HACIENDAS DE TIZAYUCA",19.8850015152752,-98.981505379786,"ASISTENCIA","APOYO A LA CIUDADANÍA","Femenino"
"10204",45730,0.453888888888889,"TULTENGO",20.1338846421733,-99.4274956605038,"MEDICO","CAÍDA","Sin Especificar"
"30503",46020,0.872210648148148,"VILLA DE TEZONTEPEC CENTRO",20.0610318454933,-99.0304689108013,"SEGURIDAD","VIOLENCIA FAMILIAR","Femenino"
"50102",45855,0.445752314814815,"PARQUE DE POBLAMIENTO",20.2030412791703,-98.7540162170393,"ASISTENCIA","TENTATIVA DE ROBO","Masculino"
"30907",45742,0.780173611111111,"PIRACANTOS",20.2281160116681,-98.8597806654254,"SEGURIDAD","PERSONA AGRESIVA","Femenino"
"30307",45877,0.112233796296296,"VILLA MILAGROS",19.7129373878194,-98.9520091319578,"SEGURIDAD","VEHÍCULO SOSPECHOSO","Masculino"
"20207",45901,0.631782407407407,"SANTA JULIA",20.150921036116,-98.8344876602142,"PROTECCIÓN CIVIL","INUNDACIONES","Masculino"
"30401",45692,0.00234953703703704,"PUERTA DE HIERRO",19.9859249559645,-98.7091738924193,"SEGURIDAD","OTRAS ALARMAS DE EMERGENCIAS ACTIVADAS","Sin Especificar"
"31112",45962,0.937071759259259,"EL PALMAR",20.2054575870344,-98.9479865698797,"SEGURIDAD","RIÑA / PELEA CLANDESTINA","Femenino"
"10103",45718,0.0630671296296296,"DEL LLANO",20.0496908237846,-99.2723446222718,"MEDICO","ACCIDENTE DE MOTOCICLETA CON LESIONADOS","Masculino"
"30202",45868,0.863425925925926,"PATONI",20.2051348286692,-98.6185442513109,"SEGURIDAD","DETONACIÓN DE ARMA DE FUEGO","Femenino"
"31001",45952,0.763032407407407,"EL CARMEN",20.0693181847035,-99.2161262329831,"SEGURIDAD","ALLANAMIENTO DE MORADA","Sin Especificar"
"30907",45859,0.554641203703704,"PLUTARCO ELIAS CALLES",20.179035579241,-98.5987125184027,"SEGURIDAD","PERSONA AGRESIVA","Masculino"
"30307",45697,0.608287037037037,"SIN COLONIA",19.9480487589462,-99.440463658135,"SEGURIDAD","VEHÍCULO SOSPECHOSO","Sin Especificar"
"30202",46010,0.827418981481481,"SANTA MARIA QUELITES",19.8909675079664,-99.4706327745409,"SEGURIDAD","DETONACIÓN DE ARMA DE FUEGO","Femenino"
"30309",45885,0.661481481481482,"CONSTITUCION",20.0759760110975,-98.8449854773667,"SEGURIDAD","ACCIDENTE DE TRÁNSITO SIN LESIONADOS","Femenino"
"40102",45810,0.7703125,"CARBONERAS",20.1154973598579,-98.8048932404638,"SERVICIOS PÚBLICOS","CAÍDA DE POSTE","Femenino"
"31102",45700,0.797592592592593,"PERIODISTA",20.1730475505411,-98.6902719255259,"SEGURIDAD","ALTERACIÓN DEL ORDEN PÚBLICO POR PERSONA DROGADA","Sin Especificar"
"20311",45738,0.352025462962963,"SAN CAYETANO EL BORDO",19.995772446699,-98.9561548879007,"PROTECCIÓN CIVIL","OTROS INCENDIOS","Sin Especificar"
"30309",46010,0.408622685185185,"11 DE JULIO 3A SECCION",20.1290356166589,-98.688296024958,"SEGURIDAD","ACCIDENTE DE TRÁNSITO SIN LESIONADOS","Femenino"
"30904",45937,0.443611111111111,"COLONIA EL ROSARIO",20.28608564614,-99.0438902129707,"SEGURIDAD","PERSONA SOSPECHOSA","Femenino"
"31105",45878,0.623113425925926,"GUADALUPE",20.150584407573,-98.8992732254303,"SEGURIDAD","CONSUMO DE DROGAS EN VÍA PÚBLICA","Femenino"
"30504",45905,0.271238425925926,"JARDINES DE COLOSIO",19.9804705300447,-98.9511442926164,"SEGURIDAD","OTROS ACTOS RELACIONADOS CON LA FAMILIA","Masculino"
"20403",45684,0.674618055555556,"UNION POPULAR",20.1575118006006,-98.5272006997031,"PROTECCIÓN CIVIL","RESCATE ANIMAL","Sin Especificar"
"10310",45852,0.837743055555556,"LA TOSCANA (BAJA)",19.9838560444099,-99.1715496302429,"MEDICO","URGENCIA POR ENFERMEDAD GENERAL","Sin Especificar"
"50105",45738,0.34130787037037,"SAN MIGUEL VINDHO",19.9253886608088,-99.2972876162499,"ASISTENCIA","RUIDO EXCESIVO","Femenino"
"31002",45934,0.440613425925926,"BOMINTZHA CENTRO",19.9459910774316,-99.3021824084389,"SEGURIDAD","AMENAZA","Masculino"
"20203",45963,0.642013888888889,"LAS PALOMAS",19.8551541478848,-98.4210541256177,"PROTECCIÓN CIVIL","ENJAMBRE DE ABEJAS","Masculino"
"10219",45690,0.143576388888889,"COLALAMBRE",21.2402752374265,-98.4795429120681,"MEDICO","FALLECIDO DE CAUSA TRAUMÁTICA","Femenino"
"20108",45713,0.782615740740741,"ROJO GOMEZ",20.0491999025098,-99.2358216682421,"PROTECCIÓN CIVIL","FUGAS Y DERRAMES DE SUSTANCIAS QUÍMICAS","Sin Especificar"
"31001",45911,0.0545717592592593,"EL TREBOL",20.4445487269827,-98.2787012667579,"SEGURIDAD","ALLANAMIENTO DE MORADA","Masculino"
"30503",45747,0.89818287037037,"BENITO JUAREZ",19.6911730352938,-98.7209503619475,"SEGURIDAD","VIOLENCIA FAMILIAR","Sin Especificar"
"30407",45712,0.681180555555556,"DON ANTONIO",19.7410927713367,-98.9661029924596,"SEGURIDAD","EXTORSIÓN TELEFÓNICA","Masculino"
"20311",45986,0.497777777777778,"LOS SABINOS",20.1676200457221,-98.4575760644005,"PROTECCIÓN CIVIL","OTROS INCENDIOS","Femenino"
"30503",45718,0.890752314814815,"EL HUIXMI",20.0217149419463,-98.7420140098533,"SEGURIDAD","VIOLENCIA FAMILIAR","Femenino"
"30103",45798,0.380138888888889,"SANTA JULIA",20.0816864848889,-98.7262135882743,"SEGURIDAD","PERSONA TIRADA EN VÍA PÚBLICA","Sin Especificar"
"20307",45658,0.165196759259259,"SAN MIGUEL CEREZO (EL CEREZO)",20.2286315381035,-98.7640062382036,"PROTECCIÓN CIVIL","INCENDIO FORESTAL","Masculino"
"30401",46008,0.0957638888888889,"VILLA TENANGO DE DORIA CENTRO",20.5410738124022,-98.3186631471989,"SEGURIDAD","OTRAS ALARMAS DE EMERGENCIAS ACTIVADAS","Masculino"
"10103",45707,0.782766203703704,"SANTIAGO DE TULANTEPEC CENTRO",20.0804928670182,-98.4387575368423,"MEDICO","ACCIDENTE DE MOTOCICLETA CON LESIONADOS","Sin Especificar"
"31001",45688,0.513472222222222,"APAPAXTLA EL CHICO",20.0080156856459,-98.09881959018,"SEGURIDAD","ALLANAMIENTO DE MORADA","Masculino"
"30309",45680,0.320532407407407,"SAN ANTONIO",20.0235971526274,-98.7885979721907,"SEGURIDAD","ACCIDENTE DE TRÁNSITO SIN LESIONADOS","Masculino"
"30414",45968,0.701354166666667,"PEDREGAL DE LOS ANGELES",20.2901863128389,-98.6744821056421,"SEGURIDAD","ROBO A CASA HABITACIÓN SIN VIOLENCIA","Masculino"
"30302",45682,0.241458333333333,"LINDAVISTA",20.0046109888167,-98.3447149635451,"SEGURIDAD","ARRANCONES O CARRERAS DE VEHÍCULOS","Masculino"
"30503",45869,0.103344907407407,"PRIVADAS DE LA HACIENDA",20.076862086438,-98.7869284363575,"SEGURIDAD","VIOLENCIA FAMILIAR","Femenino"
"10311",45792,0.513425925925926,"METILATLA",20.0144774298714,-98.3166784557781,"MEDICO","DOLOR ABDOMINAL / URGENCIA ABDOMINAL","Sin Especificar"
"10308",45663,0.222337962962963,"SAN JOSE TEPENENE (TEPENENE)",20.272184298061,-98.9639607208503,"MEDICO","PERSONA INCONSCIENTE / URGENCIA NEUROLÓGICA","Femenino"
"31001",45793,0.811041666666667,"SANTIAGO TEZONTLALE",19.9239579976061,-99.1767428825512,"SEGURIDAD","ALLANAMIENTO DE MORADA","Femenino"
"50305",45707,0.238530092592593,"PLUTARCO ELIAS CALLES",19.9993459375731,-98.6487348188111,"ASISTENCIA","SOLICITUD DE RONDÍN","Femenino"
"30907",45968,0.959247685185185,"TLAXINACALPAN",19.9081217240991,-99.2832640021775,"SEGURIDAD","PERSONA AGRESIVA","Femenino"
"30903",45989,0.196608796296296,"SAN FERNANDO",20.1332475222946,-98.7444303080935,"SEGURIDAD","VIOLENCIA CONTRA LA MUJER","Femenino"
"20103",45789,0.394756944444444,"EL LLANO (2A SECCION)",19.9868174130525,-99.2859770123043,"PROTECCIÓN CIVIL","ANIMAL PELIGROSO","Femenino"
"31104",45758,0.588993055555556,"CONSTITUCION",20.3257217361893,-98.7182456979546,"SEGURIDAD","CONSUMO DE ALCOHOL EN VÍA PÚBLICA","Sin Especificar"
"30702",45866,0.671678240740741,"EX-HACIENDA DE COSCOTITLAN",20.0588449644787,-98.7281161808528,"SEGURIDAD","ACOSO U HOSTIGAMIENTO SEXUAL","Sin Especificar"
"31112",45968,0.149178240740741,"LA PROVIDENCIA SIGLO XXI",19.906139235319,-98.6320691947437,"SEGURIDAD","RIÑA / PELEA CLANDESTINA","Femenino"
"50301",45734,0.00201388888888889,"SAN JOSE PALMA GORDA",20.0074806037062,-98.809977066374,"ASISTENCIA","APOYO A LA CIUDADANÍA","Femenino"
"10104",45884,0.668703703703704,"SIN COLONIA",20.1962689900636,-99.1150187265348,"MEDICO","ACCIDENTE DE VEHÍCULO AUTOMOTOR CON LESIONADOS","Masculino"
"20208",45937,0.632453703703704,"CONSTITUCION",20.149572699999,-98.7802127368536,"PROTECCIÓN CIVIL","PLAGAS","Masculino"
"31001",45762,0.849467592592593,"VALLE DE SAN JAVIER",19.9972870973867,-98.812590783537,"SEGURIDAD","ALLANAMIENTO DE MORADA","Femenino"
"30401",45816,0.65068287037037,"SAN MARINO",19.8823388810655,-98.7889928931935,"SEGURIDAD","OTRAS ALARMAS DE EMERGENCIAS ACTIVADAS","Sin Especificar"
"30401",45812,0.85505787037037,"MANZANA CENTRO",20.4300380872936,-99.4704820157025,"SEGURIDAD","OTRAS ALARMAS DE EMERGENCIAS ACTIVADAS","Femenino"
"30904",45935,0.835208333333333,"RANCHO VIEJO",20.4853723733535,-99.4409690794641,"SEGURIDAD","PERSONA SOSPECHOSA","Femenino"
"10307",45845,0.5621875,"NUEVO TIZAYUCA",19.6671580169509,-98.9377980935474,"MEDICO","CONVULSIONES","Masculino"
"10204",45686,0.696886574074074,"GEOVILLAS DE NUEVO HIDALGO",20.0686893268748,-98.9220478213616,"MEDICO","CAÍDA","Sin Especificar"
"30904",45926,0.915520833333333,"EX-HACIENDA DE COSCOTITLAN",20.1027884673605,-98.8662788270669,"SEGURIDAD","PERSONA SOSPECHOSA","Sin Especificar"
"30310",45963,0.529479166666667,"VALLE DE SAN JAVIER",20.1207080233982,-98.8339590497139,"SEGURIDAD","OTRAS FALTAS AL REGLAMENTO DE TRÁNSITO","Masculino"
"30907",45967,0.320266203703704,"AMPLIACION SAN ANTONIO",19.9372479600383,-98.7438911401361,"SEGURIDAD","PERSONA AGRESIVA","Femenino"
"30502",45687,0.636759259259259,"DON ANTONIO",19.8332410577472,-98.9059923239312,"SEGURIDAD","VIOLENCIA DE PAREJA","Sin Especificar"
"30446",45759,0.764328703703704,"SIN COLONIA",20.1195250369124,-98.7678728742049,"SEGURIDAD","OTROS ACTOS RELACIONADOS CON EL PATRIMONIO","Masculino"
"10305",46002,0.875416666666667,"AHUEHUETES",20.1127959176543,-98.4398981342649,"MEDICO","DIFICULTAD RESPIRATORIA / URGENCIA RESPIRATORIA","Femenino"
"30907",45778,0.810949074074074,"LOS HEROES TIZAYUCA",19.9888602574821,-98.9389521848165,"SEGURIDAD","PERSONA AGRESIVA","Femenino"
"30401",45962,0.67318287037037,"NUEVO",21.1156728237672,-98.6009606607491,"SEGURIDAD","OTRAS ALARMAS DE EMERGENCIAS ACTIVADAS","Femenino"
"31112",45711,0.628449074074074,"EL CAPULIN",19.7651540046151,-98.1421907976627,"SEGURIDAD","RIÑA / PELEA CLANDESTINA","Sin Especificar"
"30504",45975,0.968969907407407,"CONSTITUCION",20.174515701295,-98.6968097929431,"SEGURIDAD","OTROS ACTOS RELACIONADOS CON LA FAMILIA","Femenino"
"30907",45935,0.857743055555556,"MILITAR",20.0073432077249,-98.7617628442555,"SEGURIDAD","PERSONA AGRESIVA","Femenino"
"10107",45755,0.522604166666667,"DEL LLANO",20.101653292621,-99.2601872357888,"MEDICO","ACCIDENTE MÚLTIPLE CON LESIONADOS","Femenino"
"30307",45753,0.130821759259259,"LA PROVIDENCIA SIGLO XXI",20.0384310726318,-98.8011841888354,"SEGURIDAD","VEHÍCULO SOSPECHOSO","Masculino"
"10103",45957,0.618414351851852,"FRANCISCO I MADERO",20.0741535806015,-98.9455343852536,"MEDICO","ACCIDENTE DE MOTOCICLETA CON LESIONADOS","Femenino"
"30907",45899,0.984247685185185,"CENTRO APAN",19.61445512557,-98.5296311789164,"SEGURIDAD","PERSONA AGRESIVA","Masculino"
"31001",45963,0.533229166666667,"BOXAXNI",20.5614532238422,-99.1591182609391,"SEGURIDAD","ALLANAMIENTO DE MORADA","Masculino"
"30903",45978,0.831886574074074,"LAS DELICIAS",19.6512793885359,-98.4570118629437,"SEGURIDAD","VIOLENCIA CONTRA LA MUJER","Masculino"
"30310",45909,0.475069444444444,"CENTRO PACHUCA DE SOTO",20.197937679213,-98.7801729015615,"SEGURIDAD","OTRAS FALTAS AL REGLAMENTO DE TRÁNSITO","Sin Especificar"
"30401",45941,0.422488425925926,"SANTA JULIA",20.1440999378735,-98.818786230462,"SEGURIDAD","OTRAS ALARMAS DE EMERGENCIAS ACTIVADAS","Femenino"
"30310",45917,0.803252314814815,"EL PALMAR",19.9228944655345,-98.6529525067196,"SEGURIDAD","OTRAS FALTAS AL REGLAMENTO DE TRÁNSITO","Femenino"
"50105",45722,0.0287268518518519,"16 DE ENERO 2DA AMPLIACION (EL TESORO)",20.0612476764321,-99.2890207579696,"ASISTENCIA","RUIDO EXCESIVO","Masculino"
"10303",45965,0.629953703703704,"EL TABLON",19.9544189269702,-99.270692713111,"MEDICO","URGENCIA EN PACIENTE EMBARAZADA","Masculino"
"30310",45710,0.822002314814815,"LA GRANADA",20.2806115245455,-98.6251747813511,"SEGURIDAD","OTRAS FALTAS AL REGLAMENTO DE TRÁNSITO","Masculino"
"10103",45662,0.0012037037037037,"TOTHIE DE ROJO GOMEZ",20.2129434961606,-98.9117675795826,"MEDICO","ACCIDENTE DE MOTOCICLETA CON LESIONADOS","Sin Especificar"
"30907",46021,0.8871875,"JERICO",21.0913251046025,-98.3417098615446,"SEGURIDAD","PERSONA AGRESIVA","Femenino"
"30420",45940,0.307418981481482,"MORELOS 1A SECCION",20.1622080638233,-98.8945130335644,"SEGURIDAD","ROBO A NEGOCIO SIN VIOLENCIA","Sin Especificar"
"10308",45974,0.516238425925926,"EL MANDHO",20.4604987753294,-99.1427290523993,"MEDICO","PERSONA INCONSCIENTE / URGENCIA NEUROLÓGICA","Masculino"
"20311",46016,0.763993055555556,"DOXEY",20.0730952375128,-99.4080587105052,"PROTECCIÓN CIVIL","OTROS INCENDIOS","Sin Especificar"
"31001",45924,0.902337962962963,"SIN COLONIA",20.0286949606113,-98.4665330607119,"SEGURIDAD","ALLANAMIENTO DE MORADA","Femenino"
"30404",45825,0.708773148148148,"NOXTONGO SEGUNDA SECCION",19.9844918597045,-99.4342740001585,"SEGURIDAD","DAÑO A PROPIEDAD AJENA","Masculino"
"31114",45818,0.576284722222222,"SANTA MARIA MATILDE",20.049483441063,-98.6057134466067,"SEGURIDAD","OTROS TIPOS DE ALTERACIÓN AL ORDEN PÚBLICO","Femenino"
"10308",45843,0.441597222222222,"SANTA CRUZ",19.9620700575901,-98.6692320356212,"MEDICO","PERSONA INCONSCIENTE / URGENCIA NEUROLÓGICA","Femenino"
"30204",46012,0.91849537037037,"FRACCIONAMIENTO LA REFORMA",20.0457807998809,-98.854831694022,"SEGURIDAD","PORTACIÓN DE ARMAS O CARTUCHOS","Masculino"
"30503",45680,0.947627314814815,"QUINTAS TIZAYUCA",19.6333887005567,-99.0394549053458,"SEGURIDAD","VIOLENCIA FAMILIAR","Femenino"
"31102",45885,0.785266203703704,"SAN ANDRES (SAN ANDRES TULTEPEC)",20.0645956209656,-99.4391016609361,"SEGURIDAD","ALTERACIÓN DEL ORDEN PÚBLICO POR PERSONA DROGADA","Sin Especificar"
"30907",45894,0.497881944444444,"CALABAZAS",20.1197718493343,-98.7132769365273,"SEGURIDAD","PERSONA AGRESIVA","Sin Especificar"
"10103",45740,0.803599537037037,"SANTIAGO CALTENGO (BUENOS AIRES)",20.0149464494581,-98.3885896170611,"MEDICO","ACCIDENTE DE MOTOCICLETA CON LESIONADOS","Masculino"
"50301",45913,0.64681712962963,"SIN COLONIA",19.7149324047915,-98.9175486755523,"ASISTENCIA","APOYO A LA CIUDADANÍA","Femenino"
"50105",45744,0.00704861111111111,"LOS CANTARES",21.1440899727907,-98.2158066736226,"ASISTENCIA","RUIDO EXCESIVO","Sin Especificar"
"20311",45748,0.564791666666667,"HUAJOMULCO",20.0564435413754,-98.5494725847975,"PROTECCIÓN CIVIL","OTROS INCENDIOS","Femenino"
"30907",45833,0.860358796296296,"P.R.I. CHACON",20.0789598643823,-98.6493103845712,"SEGURIDAD","PERSONA AGRESIVA","Masculino"
"20403",45812,0.370451388888889,"LOMA BONITA (LA LOMA)",20.1924982853935,-98.9263654379484,"PROTECCIÓN CIVIL","RESCATE ANIMAL","Masculino"
"30307",45811,0.323645833333333,"VENTA PRIETA",20.1456259652215,-98.6965696916021,"SEGURIDAD","VEHÍCULO SOSPECHOSO","Femenino"
"30904",46016,0.121481481481481,"PRIVADA DE CUESCO",20.1404218889508,-98.6939029639731,"SEGURIDAD","PERSONA SOSPECHOSA","Masculino"
"30407",45728,0.780590277777778,"RINCONADA DEL VENADO I",19.8618917782605,-98.6731081534303,"SEGURIDAD","EXTORSIÓN TELEFÓNICA","Femenino"
"30503",45928,0.0237962962962963,"LOMAS VERDES",21.3369930962333,-98.5338507286553,"SEGURIDAD","VIOLENCIA FAMILIAR","Masculino"
"30401",45828,0.806840277777778,"SAN ANTONIO EL DESMONTE",19.9250445398272,-98.8281755256128,"SEGURIDAD","OTRAS ALARMAS DE EMERGENCIAS ACTIVADAS","Sin Especificar"
"20311",45741,0.433796296296296,"18 DE MARZO",19.8049372187222,-98.5209091275741,"PROTECCIÓN CIVIL","OTROS INCENDIOS","Femenino"
"20208",45968,0.462789351851852,"PRADERAS DE VIRREYES",20.0228917840012,-98.7492140102101,"PROTECCIÓN CIVIL","PLAGAS","Masculino"
"10111",45920,0.733078703703704,"DE TLAMINULPA (EL SALITRE)",19.9950110422052,-99.3262395243045,"MEDICO","ACCIDENTE DE MOTOCICLETA CON FALLECIDO","Masculino"
"50301",45963,0.476342592592593,"JAVIER ROJO GOMEZ 1 RA. SECCION",20.040160310132,-98.3448856556181,"ASISTENCIA","APOYO A LA CIUDADANÍA","Sin Especificar"
"10204",45698,0.0551041666666667,"EL BONDHO",20.3903132863879,-99.1628672447889,"MEDICO","CAÍDA","Femenino"
"10317",45727,0.563101851851852,"SAN NICOLAS",20.4211046299174,-99.1375932910305,"MEDICO","FALLECIDO DE CAUSA NATURAL","Femenino"
"50102",45732,0.741828703703704,"CENTRO EL ARENAL",20.0691109515762,-98.9830737808489,"ASISTENCIA","TENTATIVA DE ROBO","Masculino"
"30502",45821,0.615358796296296,"SAN CAYETANO EL BORDO",20.0468120426433,-98.7068885300263,"SEGURIDAD","VIOLENCIA DE PAREJA","Femenino"
"30503",45696,0.93662037037037,"ACATIPA",20.9236429073413,-98.390095483062,"SEGURIDAD","VIOLENCIA FAMILIAR","Masculino"
"10310",45958,0.548842592592593,"PASEOS DE CHAVARRIA",20.1598510809001,-98.6265191522889,"MEDICO","URGENCIA POR ENFERMEDAD GENERAL","Masculino"
"31113",45709,0.957430555555556,"JUAN C. DORIA",20.0692620124755,-98.7988700952095,"SEGURIDAD","PERSONA EXHIBICIONISTA","Femenino"
"30309",45743,0.544513888888889,"JALPA",20.1411413923423,-99.4096037547257,"SEGURIDAD","ACCIDENTE DE TRÁNSITO SIN LESIONADOS","Sin Especificar"
"30309",45884,0.0290393518518519,"LA COLONIA",20.0840997345055,-98.754644336863,"SEGURIDAD","ACCIDENTE DE TRÁNSITO SIN LESIONADOS","Femenino"
"10305",45765,0.143599537037037,"BOSQUES DEL PEÑAR",20.1338280837155,-98.6861841137138,"MEDICO","DIFICULTAD RESPIRATORIA / URGENCIA RESPIRATORIA","Femenino"
"50301",45842,0.702916666666667,"SIN COLONIA",19.8064811162733,-98.5738642208013,"ASISTENCIA","APOYO A LA CIUDADANÍA","Femenino"
"20301",45696,0.226643518518519,"LOS HEROES TIZAYUCA",20.0642980045438,-98.8579242895399,"PROTECCIÓN CIVIL","INCENDIO DE CASA HABITACIÓN","Femenino"
"10103",45670,0.339849537037037,"CUAUNEPANTLA",19.9994189649023,-98.2394302460524,"MEDICO","ACCIDENTE DE MOTOCICLETA CON LESIONADOS","Sin Especificar"
"20303",45887,0.473449074074074,"SIN COLONIA",20.3585193237456,-99.1999521746263,"PROTECCIÓN CIVIL","INCENDIO DE VEHÍCULO","Femenino"
"30202",46011,0.105034722222222,"EL PERAL",20.1926457205895,-98.521843085342,"SEGURIDAD","DETONACIÓN DE ARMA DE FUEGO","Masculino"
"30503",45825,0.809444444444444,"SAN MIGUEL DEL ARCO",19.7189430028666,-98.4998422070297,"SEGURIDAD","VIOLENCIA FAMILIAR","Femenino"
"10308",45955,0.482928240740741,"LOMAS DE VISTA HERMOSA",20.1442474519918,-98.6532600745655,"MEDICO","PERSONA INCONSCIENTE / URGENCIA NEUROLÓGICA","Masculino"
"50102",45839,0.915358796296296,"ACAYUCA",19.9144715611522,-98.9349365269199,"ASISTENCIA","TENTATIVA DE ROBO","Masculino"
"10308",45903,0.707141203703704,"SAN MIGUEL CEREZO (EL CEREZO)",20.0987467446248,-98.8415338981476,"MEDICO","PERSONA INCONSCIENTE / URGENCIA NEUROLÓGICA","Masculino"
"30907",45706,0.492210648148148,"CENTRO PACHUCA DE SOTO",20.2389226214532,-98.8317188105848,"SEGURIDAD","PERSONA AGRESIVA","Femenino"
"20208",45872,0.758877314814815,"SAN ANTONIO EL DESMONTE",20.0333788791511,-98.8196076972398,"PROTECCIÓN CIVIL","PLAGAS","Masculino"
"10103",45800,0.867280092592593,"IGNACIO LOPEZ RAYON",20.4636158215362,-99.019925136541,"MEDICO","ACCIDENTE DE MOTOCICLETA CON LESIONADOS","Sin Especificar"
"30904",45769,0.778888888888889,"HUERTO NANTZHA",20.0035478857529,-99.5037930758899,"SEGURIDAD","PERSONA SOSPECHOSA","Sin Especificar"
"10308",45929,0.668136574074074,"PLAZA VIEJA",19.866190537538,-98.4338634299977,"MEDICO","PERSONA INCONSCIENTE / URGENCIA NEUROLÓGICA","Femenino"
"30907",45969,0.673703703703704,"LA PROVIDENCIA SIGLO XXI",20.1464885268046,-98.6489065531731,"SEGURIDAD","PERSONA AGRESIVA","Masculino"
"30309",45870,0.122453703703704,"ZONA PLATEADA",19.9825091225133,-98.7805209694686,"SEGURIDAD","ACCIDENTE DE TRÁNSITO SIN LESIONADOS","Femenino"
"31101",45801,0.899606481481482,"SAN FELIPE ORIZATLAN CENTRO",21.0161521339056,-98.6912958817416,"SEGURIDAD","ALTERACIÓN DEL ORDEN PÚBLICO POR PERSONA ALCOHOLIZADA","Sin Especificar"
"20207",45863,0.643854166666667,"SAN CAYETANO EL BORDO",20.0796901858297,-98.7150058069312,"PROTECCIÓN CIVIL","INUNDACIONES","Sin Especificar"
"30446",45909,0.558842592592593,"DEL LLANO",20.1471637487642,-99.3997152870439,"SEGURIDAD","OTROS ACTOS RELACIONADOS CON EL PATRIMONIO","Masculino"
"30907",45950,0.630706018518519,"CENTRO PACHUCA DE SOTO",19.949987825945,-98.85028332009,"SEGURIDAD","PERSONA AGRESIVA","Sin Especificar"
"31101",45692,0.795613425925926,"EL CALVARIO",20.1677919151939,-99.3895827995255,"SEGURIDAD","ALTERACIÓN DEL ORDEN PÚBLICO POR PERSONA ALCOHOLIZADA","Femenino"
"30309",45670,0.276319444444444,"SIN COLONIA",19.8374771706104,-99.1213090775281,"SEGURIDAD","ACCIDENTE DE TRÁNSITO SIN LESIONADOS","Masculino"
"30907",45687,0.897511574074074,"SANTIAGO TLAPACOYA CENTRO",20.0386921293976,-99.0239997079008,"SEGURIDAD","PERSONA AGRESIVA","Masculino"
"10315",45860,0.608472222222222,"ZONA PLATEADA",20.1551457479166,-98.7936781812287,"MEDICO","INTOXICACIÓN / SOBREDOSIS / ENVENENAMIENTO POR SUSTANCIAS","Masculino"
"30907",45816,0.131423611111111,"LOMAS DEL PEDREGAL",20.0930588116479,-98.9388455840534,"SEGURIDAD","PERSONA AGRESIVA","Femenino"
"10204",45763,0.392488425925926,"BOULEVARES DE SAN FRANCISCO",20.1606350210314,-98.5843180609494,"MEDICO","CAÍDA","Sin Especificar"
"31001",45936,0.285775462962963,"LA TRINIDAD",20.0157777704091,-98.3511075494616,"SEGURIDAD","ALLANAMIENTO DE MORADA","Masculino"
"20304",45704,0.668518518518519,"JUAREZ",21.0651310266921,-98.4136589606721,"PROTECCIÓN CIVIL","INCENDIO DE COMERCIO","Femenino"
"30904",45954,0.574930555555556,"DINA HABITACIONAL",19.9214535212439,-98.3832440486608,"SEGURIDAD","PERSONA SOSPECHOSA","Femenino"
"30904",45994,0.828032407407407,"EL TEZONTLE",20.1850424444116,-98.7999264943851,"SEGURIDAD","PERSONA SOSPECHOSA","Femenino"
"31001",45828,0.369988425925926,"PACHUQUILLA",20.0820091109638,-98.6630024883643,"SEGURIDAD","ALLANAMIENTO DE MORADA","Masculino"
"50301",45786,0.380659722222222,"PIRACANTOS",20.0972035902718,-98.8553301996163,"ASISTENCIA","APOYO A LA CIUDADANÍA","Sin Especificar"
"30502",45924,0.837164351851852,"LA PALMA",20.0639948247895,-98.8866019305297,"SEGURIDAD","VIOLENCIA DE PAREJA","Sin Especificar"
"30310",45701,0.521805555555556,"REVOLUCION",20.1149750294661,-98.9424887366361,"SEGURIDAD","OTRAS FALTAS AL REGLAMENTO DE TRÁNSITO","Masculino"
"30903",45659,0.845150462962963,"INSURGENTES",20.041832069749,-98.316593633734,"SEGURIDAD","VIOLENCIA CONTRA LA MUJER","Masculino"
"30414",46002,0.943541666666667,"SIN COLONIA",20.5476234272151,-98.6062083208648,"SEGURIDAD","ROBO A CASA HABITACIÓN SIN VIOLENCIA","Masculino"
"30907",45818,0.717303240740741,"PACHOACAN",20.0510122739837,-98.6918012205189,"SEGURIDAD","PERSONA AGRESIVA","Femenino"
"30401",45762,0.0204861111111111,"SAN ANTONIO",20.094072470006,-98.775831433733,"SEGURIDAD","OTRAS ALARMAS DE EMERGENCIAS ACTIVADAS","Sin Especificar"
"31103",45955,0.875509259259259,"JALTEPEC",20.120217815419,-98.5029432248026,"SEGURIDAD","CONDUCTOR EBRIO","Masculino"
"30401",45700,0.1796875,"EL LLANO (1A SECCION)",20.0409551458222,-99.2187016109461,"SEGURIDAD","OTRAS ALARMAS DE EMERGENCIAS ACTIVADAS","Masculino"
"30202",45934,0.667430555555556,"IGNACIO ZARAGOZA",20.0502174857098,-99.2482612421664,"SEGURIDAD","DETONACIÓN DE ARMA DE FUEGO","Femenino"
"30307",45892,0.915613425925926,"SAN MATEO 1RA",19.8571820517124,-99.3831951699378,"SEGURIDAD","VEHÍCULO SOSPECHOSO","Masculino"
"30503",45975,0.629305555555556,"VILLAS DE PACHUCA",20.1957909803225,-98.7027626879035,"SEGURIDAD","VIOLENCIA FAMILIAR","Masculino"
"50107",45773,0.713391203703704,"DON ANTONIO",19.9936374295603,-98.9339220356693,"ASISTENCIA","ABUSO DE CONFIANZA","Femenino"
"20311",45659,0.600300925925926,"HACIENDAS DE TIZAYUCA",19.9302122864096,-98.8073090337944,"PROTECCIÓN CIVIL","OTROS INCENDIOS","Femenino"
"50301",45820,0.480868055555556,"SIN COLONIA",20.1094219570042,-98.2692645741568,"ASISTENCIA","APOYO A LA CIUDADANÍA","Femenino"
"50301",45866,0.0142476851851852,"PANALES",20.5234787044113,-99.2085566526184,"ASISTENCIA","APOYO A LA CIUDADANÍA","Femenino"
"50304",46006,0.564976851851852,"VENUSTIANO CARRANZA",20.0314545837826,-98.8177805882099,"ASISTENCIA","PERSONA EN SITUACIÓN DE CALLE","Femenino"
"30503",45796,0.783541666666667,"TULTENGO",20.0922896388059,-99.3073663562683,"SEGURIDAD","VIOLENCIA FAMILIAR","Femenino"
"31004",45978,0.393310185185185,"EL PALMAR",20.0661246025297,-98.6900556702869,"SEGURIDAD","DESCARGA DE DESECHOS SIN PERMISOS","Masculino"
"30907",45999,0.0278125,"VILLAS DE PACHUCA",20.0388880545911,-98.6294535279916,"SEGURIDAD","PERSONA AGRESIVA","Sin Especificar"
"30504",45830,0.899340277777778,"SANTA RITA",19.9670066212765,-98.3896100166705,"SEGURIDAD","OTROS ACTOS RELACIONADOS CON LA FAMILIA","Sin Especificar"
"30204",45789,0.943831018518519,"FELIPE ANGELES",19.9961395601258,-98.5970630757367,"SEGURIDAD","PORTACIÓN DE ARMAS O CARTUCHOS","Femenino"
"30307",45966,0.872060185185185,"PALOMAS",19.9441119779437,-98.3972577638564,"SEGURIDAD","VEHÍCULO SOSPECHOSO","Masculino"
"30309",45803,0.265740740740741,"HACIENDA SAN LUNES",20.2961353175793,-98.7299379951498,"SEGURIDAD","ACCIDENTE DE TRÁNSITO SIN LESIONADOS","Sin Especificar"
"30503",45738,0.758333333333333,"CAXUXI",20.1524261686284,-98.8620444670353,"SEGURIDAD","VIOLENCIA FAMILIAR","Masculino"
"30401",45793,0.892395833333333,"JUAN C. DORIA",20.0555718253801,-98.5592764678889,"SEGURIDAD","OTRAS ALARMAS DE EMERGENCIAS ACTIVADAS","Sin Especificar"
"31102",45710,0.523842592592593,"JORGE ROJO LUGO",20.1473770024501,-98.8611135452454,"SEGURIDAD","ALTERACIÓN DEL ORDEN PÚBLICO POR PERSONA DROGADA","Sin Especificar"
"30401",45801,0.0793287037037037,"CESPEDES REFORMA",20.1312269791515,-98.7184062071172,"SEGURIDAD","OTRAS ALARMAS DE EMERGENCIAS ACTIVADAS","Masculino"
"10103",45833,0.711782407407407,"SIN COLONIA",20.013756813982,-99.3027072207203,"MEDICO","ACCIDENTE DE MOTOCICLETA CON LESIONADOS","Masculino"
"50304",45996,0.870069444444445,"ATEMPA",19.9057723373211,-98.9119989591895,"ASISTENCIA","PERSONA EN SITUACIÓN DE CALLE","Sin Especificar"
"30307",45980,0.919351851851852,"AMAQUE",19.9664789297203,-98.6233776635847,"SEGURIDAD","VEHÍCULO SOSPECHOSO","Masculino"
"20301",45814,0.799247685185185,"BANDERAS",21.0043761113515,-98.0893064382968,"PROTECCIÓN CIVIL","INCENDIO DE CASA HABITACIÓN","Sin Especificar"
"10103",46014,0.643252314814815,"ESTACION",20.3495426604227,-99.0988057850882,"MEDICO","ACCIDENTE DE MOTOCICLETA CON LESIONADOS","Femenino"
"30102",45741,0.599097222222222,"PASEO DE LOS SOLARES",20.2134789190724,-98.882469346462,"SEGURIDAD","OBJETO SOSPECHOSO O PELIGROSO","Masculino"
"20203",45825,0.457905092592593,"LOS AMORES DE DON JUAN, TELLEZ",20.0708883631408,-98.8839757313847,"PROTECCIÓN CIVIL","ENJAMBRE DE ABEJAS","Sin Especificar"
"50105",45786,0.996898148148148,"LA PALMA",19.9967819907997,-99.1413743418154,"ASISTENCIA","RUIDO EXCESIVO","Sin Especificar"
"30103",45780,0.964884259259259,"NIÑOS HEROES",19.6099863757653,-98.3045709125804,"SEGURIDAD","PERSONA TIRADA EN VÍA PÚBLICA","Masculino"
"30907",45796,0.745578703703704,"JUAN C. DORIA",20.1393288664681,-98.8431346855521,"SEGURIDAD","PERSONA AGRESIVA","Sin Especificar"
"31103",45958,0.821238425925926,"SIN COLONIA",20.1366675349059,-99.2721858137411,"SEGURIDAD","CONDUCTOR EBRIO","Masculino"
"31001",45747,0.0408564814814815,"LOMA DE LOS PINOS",20.1961505989292,-98.2626975282338,"SEGURIDAD","ALLANAMIENTO DE MORADA","Sin Especificar"
"10219",45941,0.901898148148148,"CAMPO DE TIRO",20.0354980196533,-98.8120153676396,"MEDICO","FALLECIDO DE CAUSA TRAUMÁTICA","Masculino"
"31101",45944,0.814270833333333,"MAESTRANZA",20.1781400658615,-98.8441073739163,"SEGURIDAD","ALTERACIÓN DEL ORDEN PÚBLICO POR PERSONA ALCOHOLIZADA","Masculino"
"30903",46013,0.814884259259259,"EL CERRITO",19.7999402096423,-98.9495235067777,"SEGURIDAD","VIOLENCIA CONTRA LA MUJER","Femenino"
"20311",45773,0.632962962962963,"SAN MARCOS",19.9107779110997,-99.2974930927484,"PROTECCIÓN CIVIL","OTROS INCENDIOS","Masculino"
"30401",45990,0.105891203703704,"SIN COLONIA",20.7032077734158,-98.6838684445159,"SEGURIDAD","OTRAS ALARMAS DE EMERGENCIAS ACTIVADAS","Masculino"
"10308",46003,0.969722222222222,"PAÑHE",20.5932739194445,-99.8792513289537,"MEDICO","PERSONA INCONSCIENTE / URGENCIA NEUROLÓGICA","Masculino"
"10307",45950,0.638298611111111,"BARRIO ALTO PRIMERA SECCION",20.0679376239226,-99.1963469482,"MEDICO","CONVULSIONES","Masculino"
"31101",45967,0.120578703703704,"PLUTARCO ELIAS CALLES",20.1711413455764,-98.8470077554123,"SEGURIDAD","ALTERACIÓN DEL ORDEN PÚBLICO POR PERSONA ALCOHOLIZADA","Masculino"
"30503",46013,0.638020833333333,"RIO DE LA SOLEDAD",19.9640820755271,-98.6052359261997,"SEGURIDAD","VIOLENCIA FAMILIAR","Masculino"
"30904",45858,0.689733796296296,"REVOLUCION",20.1853291329827,-98.7366985416395,"SEGURIDAD","PERSONA SOSPECHOSA","Sin Especificar"
"30309",45878,0.761006944444444,"HUIZACHE",20.0473778698932,-99.0001505358581,"SEGURIDAD","ACCIDENTE DE TRÁNSITO SIN LESIONADOS","Sin Especificar"
"10220",45730,0.468993055555556,"CUAUHTEMOC",20.3376345193504,-99.0314081695124,"MEDICO","OTROS INCIDENTES MÉDICOS TRAUMÁTICOS","Femenino"
"31101",45752,0.988761574074074,"GUADALUPE",19.8978173921765,-98.2833616327392,"SEGURIDAD","ALTERACIÓN DEL ORDEN PÚBLICO POR PERSONA ALCOHOLIZADA","Masculino"
"30907",45980,0.493981481481481,"PRIVADAS DE LA HERRADURA",19.9349184085225,-98.7557557544864,"SEGURIDAD","PERSONA AGRESIVA","Femenino"
"10107",45822,0.515069444444444,"SAN PEDRO TLAQUILPAN",20.0201351286068,-98.4869907058995,"MEDICO","ACCIDENTE MÚLTIPLE CON LESIONADOS","Femenino"
"30307",45813,0.500590277777778,"TULIPANES II",20.2376663956497,-98.8939797574022,"SEGURIDAD","VEHÍCULO SOSPECHOSO","Femenino"
"30307",45928,0.816087962962963,"LOS TUZOS",19.9912256978148,-98.5065428522324,"SEGURIDAD","VEHÍCULO SOSPECHOSO","Masculino"
"20311",45666,0.456828703703704,"RENACIMIENTO",20.0067498190839,-98.722035125665,"PROTECCIÓN CIVIL","OTROS INCENDIOS","Masculino"
"10310",45918,0.46443287037037,"SANTIAGO TLAPACOYA CENTRO",19.850060548316,-98.756251564249,"MEDICO","URGENCIA POR ENFERMEDAD GENERAL","Sin Especificar"
"10204",45679,0.401956018518519,"MANGAS",20.3192431275094,-99.1343625421074,"MEDICO","CAÍDA","Femenino"
"30446",45666,0.845451388888889,"VENTA PRIETA",20.0714095170691,-98.9153863486989,"SEGURIDAD","OTROS ACTOS RELACIONADOS CON EL PATRIMONIO","Femenino"
"10307",45824,0.598564814814815,"VALLE DE SAN JAVIER",20.1460606346533,-98.7792387250626,"MEDICO","CONVULSIONES","Femenino"
"30904",45861,0.609918981481482,"JUAN C. DORIA",20.0812536911835,-98.9368472808124,"SEGURIDAD","PERSONA SOSPECHOSA","Masculino"
"20304",45938,0.758298611111111,"CENTRO PACHUCA DE SOTO",20.0194015534527,-98.7561196427708,"PROTECCIÓN CIVIL","INCENDIO DE COMERCIO","Masculino"
"30904",45707,0.0709375,"ROJO GOMEZ",20.5114115980816,-98.9345047397081,"SEGURIDAD","PERSONA SOSPECHOSA","Femenino"
"30204",45942,0.356157407407407,"VILLAS DE PACHUCA",20.046133547406,-98.7435598687754,"SEGURIDAD","PORTACIÓN DE ARMAS O CARTUCHOS","Femenino"
"30611",45820,0.863958333333333,"FRACC SAUCILLO",20.1018385501206,-98.7518083189259,"SEGURIDAD","NOTIFICACIÓN DE CIBER INCIDENTE","Masculino"
"30202",45778,0.852962962962963,"NAPATECO",20.2594666793254,-98.3106410390925,"SEGURIDAD","DETONACIÓN DE ARMA DE FUEGO","Sin Especificar"
"31114",45875,0.959699074074074,"BUGAMBILIAS",20.9742788133121,-98.4487640542276,"SEGURIDAD","OTROS TIPOS DE ALTERACIÓN AL ORDEN PÚBLICO","Sin Especificar"
"10103",45690,0.61806712962963,"CERRO DE CUBITOS",20.1597819685705,-98.7630815095612,"MEDICO","ACCIDENTE DE MOTOCICLETA CON LESIONADOS","Sin Especificar"
"50102",46013,0.69630787037037,"ATOTONILCO DE TULA CENTRO",20.0181683516146,-99.1405947488398,"ASISTENCIA","TENTATIVA DE ROBO","Sin Especificar"
"50105",45921,0.0330555555555556,"1RA DEMARCACION",20.3060333834442,-99.1220722919045,"ASISTENCIA","RUIDO EXCESIVO","Femenino"
"40102",45851,0.814756944444445,"EL PEDREGAL 1RA SECCION",19.9214957380745,-98.4766204924863,"SERVICIOS PÚBLICOS","CAÍDA DE POSTE","Masculino"
"10316",46002,0.809594907407408,"LOS HEROES TIZAYUCA",20.0184680898084,-98.843957090275,"MEDICO","OTROS INCIDENTES MÉDICOS CLINICOS","Masculino"
"30502",45979,0.707719907407407,"SAN CAYETANO EL BORDO",20.0122080579882,-98.9694314034578,"SEGURIDAD","VIOLENCIA DE PAREJA","Femenino"
"10219",45721,0.43412037037037,"NANTZHA",20.0236377277773,-99.3728980146273,"MEDICO","FALLECIDO DE CAUSA TRAUMÁTICA","Masculino"
"30309",45868,0.681863425925926,"ATOTONILCO DE TULA CENTRO",19.9276642113501,-99.1579397650626,"SEGURIDAD","ACCIDENTE DE TRÁNSITO SIN LESIONADOS","Masculino"
"30907",46018,0.18693287037037,"CENTRO PACHUCA DE SOTO",20.1400241643793,-98.8417672694188,"SEGURIDAD","PERSONA AGRESIVA","Femenino"
"30502",45740,0.169444444444444,"PRESAS",20.3267022720787,-99.0642377965371,"SEGURIDAD","VIOLENCIA DE PAREJA","Masculino"
"50105",45730,0.555023148148148,"SAN ANTONIO EL DESMONTE",19.9770982163283,-98.6985580402582,"ASISTENCIA","RUIDO EXCESIVO","Femenino"
"30907",45710,0.449027777777778,"ZONA PLATEADA",20.1312818842612,-98.9431274087179,"SEGURIDAD","PERSONA AGRESIVA","Masculino"
"31112",45718,0.913032407407407,"SAN ISIDRO",20.1122886117047,-98.4536303072959,"SEGURIDAD","RIÑA / PELEA CLANDESTINA","Masculino"
"30401",45815,0.210983796296296,"SAN SALVADOR CENTRO",20.2939367441034,-99.0166438332623,"SEGURIDAD","OTRAS ALARMAS DE EMERGENCIAS ACTIVADAS","Masculino"
"10103",45784,0.945393518518519,"EL CARMEN",19.9840943528987,-99.4459614351587,"MEDICO","ACCIDENTE DE MOTOCICLETA CON LESIONADOS","Masculino"
"50102",45950,0.947476851851852,"EL PUERTO",20.1317495152709,-98.7588092646406,"ASISTENCIA","TENTATIVA DE ROBO","Sin Especificar"
"10104",45782,0.916481481481482,"SAN CARLOS",20.2525334415379,-98.9244018595816,"MEDICO","ACCIDENTE DE VEHÍCULO AUTOMOTOR CON LESIONADOS","Masculino"
"30308",46014,0.948831018518519,"SANTA ANA ATZCAPOTZALTONGO",20.0501407362176,-99.4371089778156,"SEGURIDAD","VEHÍCULO DESCOMPUESTO","Femenino"
"31101",45836,0.545914351851852,"VALLE DE SAN JAVIER",20.1534623478621,-98.8143297199691,"SEGURIDAD","ALTERACIÓN DEL ORDEN PÚBLICO POR PERSONA ALCOHOLIZADA","Masculino"
"30309",45736,0.763784722222222,"EL PALMAR",19.9995422918183,-98.6016477639675,"SEGURIDAD","ACCIDENTE DE TRÁNSITO SIN LESIONADOS","Masculino"
"31103",45858,0.735,"EL MAGISTERIO",20.0100096846171,-98.3776202575011,"SEGURIDAD","CONDUCTOR EBRIO","Femenino"
"30503",45779,0.92275462962963,"APEPELCO",19.9178865919111,-98.8451920169645,"SEGURIDAD","VIOLENCIA FAMILIAR","Masculino"
"31105",45775,0.930138888888889,"CENTRO PACHUCA DE SOTO",20.0741773923763,-98.6117893122674,"SEGURIDAD","CONSUMO DE DROGAS EN VÍA PÚBLICA","Masculino"
"30904",45737,0.0468402777777778,"EL LLANO (1A SECCION)",20.1071712578432,-99.2279372982987,"SEGURIDAD","PERSONA SOSPECHOSA","Masculino"
"30401",45850,0.874074074074074,"NUEVO",20.9721668172847,-98.5561579846696,"SEGURIDAD","OTRAS ALARMAS DE EMERGENCIAS ACTIVADAS","Femenino"
"20103",45723,0.839791666666667,"METEPEC PRIMERO",19.9800033871153,-98.5139265405527,"PROTECCIÓN CIVIL","ANIMAL PELIGROSO","Femenino"
"10317",45919,0.944027777777778,"SIN COLONIA",21.244733142547,-98.2509479709954,"MEDICO","FALLECIDO DE CAUSA NATURAL","Femenino"
"10312",45950,0.63931712962963,"AVIACION CIVIL",21.1481962140207,-98.4367983377563,"MEDICO","DESCOMPENSACIÓN DE LA DIABETES/DESHIDRATACIÓN","Sin Especificar"
"30611",45816,0.503275462962963,"ANAHUAC",20.2547236249823,-99.2508622925963,"SEGURIDAD","NOTIFICACIÓN DE CIBER INCIDENTE","Masculino"
"30307",45973,0.977789351851852,"MEDIAS TIERRAS",20.0092446413581,-98.5362662158252,"SEGURIDAD","VEHÍCULO SOSPECHOSO","Femenino"
"30505",45907,0.82181712962963,"FELIPE ANGELES",20.2390880857373,-98.8248382046003,"SEGURIDAD","MALTRATO INFANTIL","Femenino"
"30401",45705,0.995347222222222,"CESPEDES REFORMA",20.0015522307684,-98.8888501973498,"SEGURIDAD","OTRAS ALARMAS DE EMERGENCIAS ACTIVADAS","Sin Especificar"
"30503",45830,0.937997685185185,"SAN PEDRO",21.0163211265157,-98.5873588223734,"SEGURIDAD","VIOLENCIA FAMILIAR","Masculino"
"30430",45752,0.73400462962963,"PASEOS DE LA PRADERA",19.9023833625934,-99.1709298884929,"SEGURIDAD","ROBO DE VEHÍCULO PARTICULAR SIN VIOLENCIA","Masculino"
"30907",45672,0.780717592592593,"CENTRO PACHUCA DE SOTO",20.2474323391064,-98.7863691210328,"SEGURIDAD","PERSONA AGRESIVA","Sin Especificar"
"30307",45873,0.0128125,"LA CAMPANA",20.3834880579837,-99.6676410714929,"SEGURIDAD","VEHÍCULO SOSPECHOSO","Masculino"
"30503",45700,0.851875,"SIN COLONIA",19.7403377727469,-98.9648497071616,"SEGURIDAD","VIOLENCIA FAMILIAR","Femenino"
"30503",45759,0.950868055555556,"SANTA JACOBA",20.0525670284176,-99.235227418689,"SEGURIDAD","VIOLENCIA FAMILIAR","Femenino"
"10204",46011,0.397905092592593,"SAN JUAN IXTILMACO",19.7799612928926,-98.5176188955644,"MEDICO","CAÍDA","Sin Especificar"
"50305",45840,0.836319444444445,"MEDIAS TIERRAS",19.9891531067764,-98.3764428148947,"ASISTENCIA","SOLICITUD DE RONDÍN","Femenino"
"40105",45824,0.627685185185185,"SIN COLONIA",19.9255848158476,-99.1833661169791,"SERVICIOS PÚBLICOS","ALCANTARILLA SIN TAPA","Masculino"
"30907",45680,0.775266203703704,"SAN MIGUEL DEL ARCO",19.6832227607023,-98.3759379667838,"SEGURIDAD","PERSONA AGRESIVA","Femenino"
"31112",45708,0.582037037037037,"EL HUIZACHE",19.9956708942525,-98.7651490486436,"SEGURIDAD","RIÑA / PELEA CLANDESTINA","Femenino"
"10305",45964,0.36974537037037,"SANTA MARIA LA CALERA",20.0312823289646,-98.4429332827522,"MEDICO","DIFICULTAD RESPIRATORIA / URGENCIA RESPIRATORIA","Masculino"
"30503",45942,0.897013888888889,"CUAUHTEMOC",20.169602278587,-98.7922162518523,"SEGURIDAD","VIOLENCIA FAMILIAR","Femenino"
"31001",45976,0.128900462962963,"CHAPULTEPEC",20.096606570236,-98.9451333911697,"SEGURIDAD","ALLANAMIENTO DE MORADA","Masculino"
"30504",45846,0.0136111111111111,"SAN PEDRO NOPANCALCO",20.1116640088477,-98.8124552825916,"SEGURIDAD","OTROS ACTOS RELACIONADOS CON LA FAMILIA","Femenino"
"10311",45991,0.871828703703704,"CAMELIA (BARRIO LA CAMELIA)",20.2020094607961,-98.6863492289912,"MEDICO","DOLOR ABDOMINAL / URGENCIA ABDOMINAL","Femenino"
"10311",45866,0.622627314814815,"EL VENADO",20.1340520838861,-98.8584529679279,"MEDICO","DOLOR ABDOMINAL / URGENCIA ABDOMINAL","Sin Especificar"
"30309",45907,0.135266203703704,"AGUAYUTLA",19.9087214229526,-98.5704637682557,"SEGURIDAD","ACCIDENTE DE TRÁNSITO SIN LESIONADOS","Sin Especificar"
"30310",45929,0.633206018518519,"SAN ANTONIO EL DESMONTE",20.1303419350506,-98.7060948453284,"SEGURIDAD","OTRAS FALTAS AL REGLAMENTO DE TRÁNSITO","Sin Especificar"
"10307",45771,0.647141203703704,"SAN ANTONIO ZARAGOZA",20.2894758249759,-99.1183503762861,"MEDICO","CONVULSIONES","Femenino"
"10308",45669,0.913240740740741,"LAS FLORES",20.4109216068536,-98.616958889,"MEDICO","PERSONA INCONSCIENTE / URGENCIA NEUROLÓGICA","Masculino"
"50301",46011,0.822743055555556,"11 DE JULIO 1RA SECCION",20.187772183624,-98.753900109177,"ASISTENCIA","APOYO A LA CIUDADANÍA","Sin Especificar"
"10315",46013,0.0952430555555556,"EL SAUCILLO",20.0402044921382,-98.6464784640121,"MEDICO","INTOXICACIÓN / SOBREDOSIS / ENVENENAMIENTO POR SUSTANCIAS","Femenino"
"30907",45814,0.91068287037037,"LA RAZA",20.079033835153,-98.7594201997166,"SEGURIDAD","PERSONA AGRESIVA","Femenino"
"10204",45992,0.907974537037037,"SIN COLONIA",19.9214740226173,-99.1152530285136,"MEDICO","CAÍDA","Femenino"
"10204",45756,0.824131944444444,"FELIPE ANGELES",19.9976937013519,-98.4277093702411,"MEDICO","CAÍDA","Masculino"
"30904",45892,0.824421296296296,"NOXTONGO PRIMERA SECCION",19.9739400186645,-99.4204693748521,"SEGURIDAD","PERSONA SOSPECHOSA","Masculino"
"20311",45965,0.48625,"SAN JOSE",20.0471399635469,-99.4917771884337,"PROTECCIÓN CIVIL","OTROS INCENDIOS","Masculino"
"30503",45846,0.982534722222222,"SAN PRIMITIVO",20.0451797713458,-99.0862291455827,"SEGURIDAD","VIOLENCIA FAMILIAR","Sin Especificar"
"31001",45968,0.416481481481482,"SANTIAGO TLAPACOYA CENTRO",19.9974151357725,-98.7565181289298,"SEGURIDAD","ALLANAMIENTO DE MORADA","Masculino"
"30903",45695,0.829722222222222,"SAN MIGUEL REGLA",20.1865676664337,-98.532827861065,"SEGURIDAD","VIOLENCIA CONTRA LA MUJER","Sin Especificar"
"30502",45766,0.618043981481482,"LOMAS DE NOPALAPA [PRIVADA]",19.7682572470801,-98.6364581990012,"SEGURIDAD","VIOLENCIA DE PAREJA","Sin Especificar"
"30310",45950,0.370555555555556,"SAN FERNANDO",19.9443437225068,-98.7859553211941,"SEGURIDAD","OTRAS FALTAS AL REGLAMENTO DE TRÁNSITO","Femenino"
"30301",45673,0.970821759259259,"PROGRESO SEGUNDA SECCION",19.9333343802087,-99.0859678408325,"SEGURIDAD","AERONAVE SOSPECHOSA","Sin Especificar"
"50301",45994,0.737349537037037,"LA CONCHITA",19.7614496876486,-98.2956357577009,"ASISTENCIA","APOYO A LA CIUDADANÍA","Masculino"
"30401",45855,0.562476851851852,"INSURGENTES",20.0503830741875,-98.3279256826524,"SEGURIDAD","OTRAS ALARMAS DE EMERGENCIAS ACTIVADAS","Femenino"
"31001",45900,0.799247685185185,"SAN ANTONIO",20.5992313138904,-99.6777011044119,"SEGURIDAD","ALLANAMIENTO DE MORADA","Sin Especificar"
"30305",45790,0.629664351851852,"EL PUERTO DE SAN PEDRO",20.1554049964681,-98.867485382304,"SEGURIDAD","VEHÍCULO A EXCESO DE VELOCIDAD","Masculino"
"30446",45802,0.406851851851852,"ABUNDIO MARTINEZ",20.3366812872528,-98.7185658078077,"SEGURIDAD","OTROS ACTOS RELACIONADOS CON EL PATRIMONIO","Sin Especificar"
"30907",46001,0.849143518518519,"DENDHO",20.0187439469764,-99.447409244347,"SEGURIDAD","PERSONA AGRESIVA","Femenino"
"30401",45898,0.0261342592592593,"SANTA JULIA",20.1318536210265,-98.874780165436,"SEGURIDAD","OTRAS ALARMAS DE EMERGENCIAS ACTIVADAS","Sin Especificar"
"50102",45900,0.196157407407407,"CARROS",19.809210511204,-98.6067311844597,"ASISTENCIA","TENTATIVA DE ROBO","Masculino"
"30202",46009,0.0832175925925926,"EL DURAZNO",20.0197068325396,-98.7826417938979,"SEGURIDAD","DETONACIÓN DE ARMA DE FUEGO","Masculino"
"20311",45970,0.37818287037037,"AVIACION",20.3068104068874,-98.8573965416384,"PROTECCIÓN CIVIL","OTROS INCENDIOS","Femenino"
"30907",46016,0.906481481481482,"SANTA JULIA 2A SECCION",20.123862496951,-98.706754911585,"SEGURIDAD","PERSONA AGRESIVA","Sin Especificar"
"31001",46018,0.826527777777778,"PASEOS DE CHAVARRIA",20.1420481047503,-98.7299391599324,"SEGURIDAD","ALLANAMIENTO DE MORADA","Masculino"
"30401",45843,0.342662037037037,"LOMAS RESIDENCIAL PACHUCA",20.1665982525546,-98.8428026128807,"SEGURIDAD","OTRAS ALARMAS DE EMERGENCIAS ACTIVADAS","Femenino"
"30309",45708,0.493877314814815,"PERIODISTA",20.1157152146207,-98.662138093323,"SEGURIDAD","ACCIDENTE DE TRÁNSITO SIN LESIONADOS","Masculino"
"10103",45930,0.44974537037037,"SAN JOSE BOJAY",19.9870495985008,-99.3661095965384,"MEDICO","ACCIDENTE DE MOTOCICLETA CON LESIONADOS","Femenino"
"30502",45794,0.114212962962963,"HACIENDA MARGARITA",20.1525180706952,-98.7618902532085,"SEGURIDAD","VIOLENCIA DE PAREJA","Sin Especificar"
"30310",45664,0.609756944444445,"CONSTITUCION",20.1805585723987,-98.844295070935,"SEGURIDAD","OTRAS FALTAS AL REGLAMENTO DE TRÁNSITO","Sin Especificar"
"10116",45681,0.728472222222222,"CARLOS ROVIROSA",19.9897563510961,-98.8117402652264,"MEDICO","ATROPELLAMIENTO","Masculino"
"50105",45933,0.0484259259259259,"LAZARO CARDENAS (EL MEXE)",20.3196615428068,-99.1548117303064,"ASISTENCIA","RUIDO EXCESIVO","Masculino"
"31102",46015,0.245219907407407,"PASEOS DE LA PRADERA",19.7665825303677,-99.4272227070363,"SEGURIDAD","ALTERACIÓN DEL ORDEN PÚBLICO POR PERSONA DROGADA","Masculino"
"31113",45896,0.996828703703704,"ISSSTE",20.0470734870126,-98.6777727222628,"SEGURIDAD","PERSONA EXHIBICIONISTA","Sin Especificar"
"20108",45698,0.743229166666667,"SAN JUAN TILCUAUTLA",20.0395699140688,-98.8754795402803,"PROTECCIÓN CIVIL","FUGAS Y DERRAMES DE SUSTANCIAS QUÍMICAS","Masculino"
"30307",45898,0.426354166666667,"SIN COLONIA",20.2130672299447,-98.8587856154956,"SEGURIDAD","VEHÍCULO SOSPECHOSO","Femenino"
"10310",45699,0.43875,"DON ANTONIO",20.0572132288618,-99.0035035135258,"MEDICO","URGENCIA POR ENFERMEDAD GENERAL","Masculino"
"30907",45821,0.531851851851852,"CARBONERAS",20.0139612588999,-98.7758850964957,"SEGURIDAD","PERSONA AGRESIVA","Masculino"
"31101",46022,0.147719907407407,"REAL MADEIRA",20.016078014841,-98.9640051170222,"SEGURIDAD","ALTERACIÓN DEL ORDEN PÚBLICO POR PERSONA ALCOHOLIZADA","Femenino"
"30904",45661,0.961805555555556,"PASEOS DE LA PLATA",20.1215363586519,-98.83359857083,"SEGURIDAD","PERSONA SOSPECHOSA","Femenino"
"30205",45915,0.894409722222222,"DON ANTONIO",19.8663392789514,-98.8781129066977,"SEGURIDAD","DETONACIÓN DE COHETES O FUEGOS ARTIFICIALES","Femenino"
"31001",45751,0.0297685185185185,"BOMINTZHA CENTRO",19.8926029486346,-99.3280439420842,"SEGURIDAD","ALLANAMIENTO DE MORADA","Masculino"
"30309",45949,0.237175925925926,"LA CUMBRE DE SAN LUCAS",20.5186138740844,-98.68535041672,"SEGURIDAD","ACCIDENTE DE TRÁNSITO SIN LESIONADOS","Masculino"
"30903",45771,0.0503703703703704,"EL LLANO (2A SECCION)",20.0747690470429,-99.3695626191405,"SEGURIDAD","VIOLENCIA CONTRA LA MUJER","Masculino"
"31101",45829,0.875358796296296,"SANTA RITA",20.0790976220993,-98.3431648055324,"SEGURIDAD","ALTERACIÓN DEL ORDEN PÚBLICO POR PERSONA ALCOHOLIZADA","Sin Especificar"
"40107",45900,0.939247685185185,"EL PARAISO",20.1031089309056,-98.2218684630167,"SERVICIOS PÚBLICOS","CORTO CIRCUITO","Masculino"
"50301",45888,0.852280092592593,"CUAUHTEMOC",20.125218047824,-98.8044154426117,"ASISTENCIA","APOYO A LA CIUDADANÍA","Sin Especificar"
"30907",45767,0.917233796296296,"REVOLUCION",19.9632104049887,-98.743539099823,"SEGURIDAD","PERSONA AGRESIVA","Sin Especificar"
"30307",45732,0.59025462962963,"TEPALZINGO",20.0242052184728,-98.2924965830818,"SEGURIDAD","VEHÍCULO SOSPECHOSO","Masculino"
"10302",45922,0.719456018518519,"AMPLIACION ROJO GOMEZ",20.1545750007978,-98.4071315996774,"MEDICO","AMENAZA DE ABORTO","Femenino"
"10310",45720,0.873587962962963,"BARRIO DEL JUDIO",20.0402798349628,-98.7682260073971,"MEDICO","URGENCIA POR ENFERMEDAD GENERAL","Sin Especificar"
"30502",45774,0.0802546296296296,"SAN ANTONIO EL DESMONTE",19.7835839207703,-98.8776862863668,"SEGURIDAD","VIOLENCIA DE PAREJA","Sin Especificar"
"30103",45922,0.680613425925926,"SIN COLONIA",19.9580085377388,-99.1987432281091,"SEGURIDAD","PERSONA TIRADA EN VÍA PÚBLICA","Masculino"
"10104",45825,0.0550231481481481,"SIN COLONIA",20.5873014552559,-98.5828719245936,"MEDICO","ACCIDENTE DE VEHÍCULO AUTOMOTOR CON LESIONADOS","Masculino"
"10204",45997,0.372418981481482,"CIUDAD SAHAGUN",19.7388627600048,-98.6681879162954,"MEDICO","CAÍDA","Masculino"
"10316",45760,0.424699074074074,"PERIODISTA",20.2211056533424,-98.6502539438966,"MEDICO","OTROS INCIDENTES MÉDICOS CLINICOS","Masculino"
"50105",45731,0.00960648148148148,"EL LLANO (1A SECCION)",19.8816419101469,-99.3572621209684,"ASISTENCIA","RUIDO EXCESIVO","Masculino"
"10316",45875,0.7059375,"PROGRESO DE OBREGON CENTRO",20.1690036046817,-99.0567469744431,"MEDICO","OTROS INCIDENTES MÉDICOS CLINICOS","Sin Especificar"
"10103",45968,0.725405092592593,"JALTEPEC",20.150374500015,-98.4593857494083,"MEDICO","ACCIDENTE DE MOTOCICLETA CON LESIONADOS","Femenino"
"10317",45860,0.364641203703704,"CENTRO PACHUCA DE SOTO",20.0946926431888,-98.7194356709511,"MEDICO","FALLECIDO DE CAUSA NATURAL","Femenino"
"50301",45904,0.774837962962963,"2 DE AGOSTO",20.1588308970051,-98.2979595433159,"ASISTENCIA","APOYO A LA CIUDADANÍA","Femenino"
"50301",45843,0.350509259259259,"HUAJOMULCO",20.0672332159553,-98.4397381335351,"ASISTENCIA","APOYO A LA CIUDADANÍA","Sin Especificar"
"10107",45732,0.117013888888889,"ZONA PLATEADA",20.0172510837101,-98.8003585164018,"MEDICO","ACCIDENTE MÚLTIPLE CON LESIONADOS","Femenino"
"30101",46001,0.452349537037037,"ROJO GOMEZ",19.7992665304012,-98.7042548174678,"SEGURIDAD","VEHÍCULO ABANDONADO","Masculino"
"50301",45855,0.55568287037037,"CESPEDES REFORMA",20.0564933657463,-98.9108837279994,"ASISTENCIA","APOYO A LA CIUDADANÍA","Sin Especificar"
"30401",45695,0.00305555555555556,"REAL DE MINAS",20.3394010912201,-98.8207249069453,"SEGURIDAD","OTRAS ALARMAS DE EMERGENCIAS ACTIVADAS","Sin Especificar"
"50301",45868,0.537314814814815,"SIN COLONIA",20.1894061379887,-98.9531041507782,"ASISTENCIA","APOYO A LA CIUDADANÍA","Masculino"
"30204",45872,0.805706018518518,"PACHECO DE ALLENDE",20.3430146333422,-98.9894074836031,"SEGURIDAD","PORTACIÓN DE ARMAS O CARTUCHOS","Sin Especificar"
"10305",45701,0.665868055555556,"EL BORDO (BARRIO DEL BORDO)",20.2196656646221,-98.7789378353505,"MEDICO","DIFICULTAD RESPIRATORIA / URGENCIA RESPIRATORIA","Femenino"
"10103",45952,0.68587962962963,"PRADERAS DE VIRREYES",19.9864375232744,-98.6729194788638,"MEDICO","ACCIDENTE DE MOTOCICLETA CON LESIONADOS","Femenino"
"10220",45680,0.647083333333333,"EL CARMEN",20.0125802046326,-99.0007910739304,"MEDICO","OTROS INCIDENTES MÉDICOS TRAUMÁTICOS","Sin Especificar"
"30606",45877,0.707627314814815,"VILLAS DEL SALITRE",19.9615133739823,-99.1896066770632,"SEGURIDAD","PERSONA DETENIDA","Masculino"
"30401",45715,0.434895833333333,"LA MORALEJA",20.0042505571957,-98.5655879186945,"SEGURIDAD","OTRAS ALARMAS DE EMERGENCIAS ACTIVADAS","Sin Especificar"
"30702",45747,0.491122685185185,"CENTRO 1 ER. CUADRO",19.9731447205475,-98.3143877776618,"SEGURIDAD","ACOSO U HOSTIGAMIENTO SEXUAL","Sin Especificar"
"30309",45966,0.559803240740741,"CAMPO DE GOLF",20.1878042606109,-98.8716658009183,"SEGURIDAD","ACCIDENTE DE TRÁNSITO SIN LESIONADOS","Masculino"
"31102",45787,0.543969907407407,"PERIODISTA",20.2597933416215,-98.7199309844638,"SEGURIDAD","ALTERACIÓN DEL ORDEN PÚBLICO POR PERSONA DROGADA","Femenino"
"10318",45941,0.880185185185185,"RINCONES DE LA HACIENDA",20.2523807488174,-98.3839396513348,"MEDICO","PERSONA EN CRISIS POR TRASTORNO MENTAL","Femenino"
"30446",45756,0.0928240740740741,"TEPEAPULCO CENTRO",19.8840402933503,-98.5781314421037,"SEGURIDAD","OTROS ACTOS RELACIONADOS CON EL PATRIMONIO","Femenino"
"30407",45710,0.628125,"HACIENDAS DE TIZAYUCA",19.8555411639822,-98.9897800493843,"SEGURIDAD","EXTORSIÓN TELEFÓNICA","Masculino"
"30401",45802,0.529618055555556,"3RA DEMARCACION",20.2091359848761,-99.0013797562794,"SEGURIDAD","OTRAS ALARMAS DE EMERGENCIAS ACTIVADAS","Masculino"
"50104",45733,0.62318287037037,"TEPALZINGO",20.1992587463718,-98.4728719820216,"ASISTENCIA","FRAUDE","Masculino"
"20311",45658,0.617974537037037,"POXINDEJE DE MORELOS",20.2396329793501,-99.2321625059042,"PROTECCIÓN CIVIL","OTROS INCENDIOS","Femenino"
"30503",45677,0.0698726851851852,"AMPLIACION ROJO GOMEZ",20.0545973401686,-98.4888554220532,"SEGURIDAD","VIOLENCIA FAMILIAR","Masculino"
"10220",45823,0.731805555555556,"SAN CAYETANO EL BORDO",20.0907824019556,-98.7696408598083,"MEDICO","OTROS INCIDENTES MÉDICOS TRAUMÁTICOS","Sin Especificar"
"10104",45691,0.637199074074074,"SIN COLONIA",20.1101226517071,-98.1731093772666,"MEDICO","ACCIDENTE DE VEHÍCULO AUTOMOTOR CON LESIONADOS","Femenino"
"10116",45862,0.823460648148148,"PARQUE DE POBLAMIENTO",20.0993739963447,-98.7624131902166,"MEDICO","ATROPELLAMIENTO","Femenino"
"30401",45711,0.712962962962963,"CESPEDES REFORMA",20.0770247908817,-98.5679830655282,"SEGURIDAD","OTRAS ALARMAS DE EMERGENCIAS ACTIVADAS","Sin Especificar"
"30414",45892,0.0344560185185185,"SAN JOSE ATLAN",20.3501251798354,-99.6427723688326,"SEGURIDAD","ROBO A CASA HABITACIÓN SIN VIOLENCIA","Sin Especificar"
"30503",45906,0.905393518518519,"LA PROVIDENCIA SIGLO XXI",20.32507900148,-98.8219524628439,"SEGURIDAD","VIOLENCIA FAMILIAR","Femenino"
"30401",45994,0.70125,"CENTRO PACHUCA DE SOTO",20.0399520905414,-98.8418049868359,"SEGURIDAD","OTRAS ALARMAS DE EMERGENCIAS ACTIVADAS","Sin Especificar"
"10311",45661,0.827789351851852,"CAMPO ALEGRE",20.0292174741689,-98.3501983332,"MEDICO","DOLOR ABDOMINAL / URGENCIA ABDOMINAL","Masculino"
"31112",45940,0.851932870370371,"DON ANTONIO",19.9194027011191,-98.8174341403707,"SEGURIDAD","RIÑA / PELEA CLANDESTINA","Sin Especificar"
"30309",45998,0.151539351851852,"SANTIAGO TLAPACOYA CENTRO",20.2051104988558,-98.8265199357171,"SEGURIDAD","ACCIDENTE DE TRÁNSITO SIN LESIONADOS","Sin Especificar"
"30907",45846,0.826828703703704,"PUEBLO NUEVO",20.1982648029573,-98.64409972124,"SEGURIDAD","PERSONA AGRESIVA","Femenino"
"30308",45788,0.839467592592593,"EL TINACO",20.3764331874185,-99.3323655135074,"SEGURIDAD","VEHÍCULO DESCOMPUESTO","Femenino"
"30401",45854,0.996643518518519,"TLAXCANGO",20.8784108731123,-98.81039119831,"SEGURIDAD","OTRAS ALARMAS DE EMERGENCIAS ACTIVADAS","Femenino"
"30202",45803,0.871944444444444,"RAMOS ARIZPE",20.2182415614689,-98.7763459427337,"SEGURIDAD","DETONACIÓN DE ARMA DE FUEGO","Femenino"
"30401",45979,0.949803240740741,"TEPEYACAPA",20.6199001114675,-98.8254897684935,"SEGURIDAD","OTRAS ALARMAS DE EMERGENCIAS ACTIVADAS","Femenino"
"10103",45973,0.865740740740741,"TELTIPAN DE JUAREZ",20.2200803368358,-99.300678500059,"MEDICO","ACCIDENTE DE MOTOCICLETA CON LESIONADOS","Femenino"
"30309",45984,0.718055555555556,"EL PALMAR",20.2002558062645,-98.7068266917177,"SEGURIDAD","ACCIDENTE DE TRÁNSITO SIN LESIONADOS","Masculino"
"30204",45990,0.950173611111111,"SAN JUAN OTLAXPA",19.9974268745992,-99.3618174783718,"SEGURIDAD","PORTACIÓN DE ARMAS O CARTUCHOS","Sin Especificar"
"50105",45890,0.756944444444444,"CARBONERAS",19.9647302446952,-98.6705592810868,"ASISTENCIA","RUIDO EXCESIVO","Femenino"
"20110",45918,0.2978125,"FRACC SAUCILLO",20.0469345387043,-98.7598706921483,"PROTECCIÓN CIVIL","GASES TÓXICOS","Femenino"
"10104",45897,0.841111111111111,"PORTEZUELO",20.5622796729931,-99.4220337631265,"MEDICO","ACCIDENTE DE VEHÍCULO AUTOMOTOR CON LESIONADOS","Sin Especificar"
"30414",45981,0.550393518518519,"CARBONERAS",20.2715049666269,-98.7473383632486,"SEGURIDAD","ROBO A CASA HABITACIÓN SIN VIOLENCIA","Masculino"
"30310",45693,0.495173611111111,"PERIODISTA",20.1966144009697,-98.7645386934411,"SEGURIDAD","OTRAS FALTAS AL REGLAMENTO DE TRÁNSITO","Sin Especificar"
"20311",45725,0.319108796296296,"JOSE LOPEZ PORTILLO",20.142503601936,-98.7833312325738,"PROTECCIÓN CIVIL","OTROS INCENDIOS","Femenino"
"30446",45806,0.272534722222222,"JALPA",20.1196113205534,-99.2228489684585,"SEGURIDAD","OTROS ACTOS RELACIONADOS CON EL PATRIMONIO","Masculino"
"31001",46004,0.74693287037037,"TULANCINGO CENTRO",20.0841167118748,-98.3463596978554,"SEGURIDAD","ALLANAMIENTO DE MORADA","Sin Especificar"
"30503",45978,0.899884259259259,"LA CANTERA",20.103687321672,-99.3435252089426,"SEGURIDAD","VIOLENCIA FAMILIAR","Femenino"
"10204",45825,0.431597222222222,"CUBITOS",20.2338185553629,-98.6647972385293,"MEDICO","CAÍDA","Femenino"
"10104",45874,0.393842592592593,"VILLAS DE PACHUCA",19.9957511363898,-98.8132751677795,"MEDICO","ACCIDENTE DE VEHÍCULO AUTOMOTOR CON LESIONADOS","Femenino"
"10310",45771,0.894699074074074,"SAN ANTONIO EL DESMONTE",19.9509411854195,-98.9898567551614,"MEDICO","URGENCIA POR ENFERMEDAD GENERAL","Femenino"
"30904",45951,0.503344907407407,"JARDINES DEL SUR 1 RA. SECCION",19.8992854264987,-98.483308678524,"SEGURIDAD","PERSONA SOSPECHOSA","Femenino"
"20404",45927,0.00666666666666667,"SAN ANTONIO EL DESMONTE",19.9289832876858,-98.9241463210108,"PROTECCIÓN CIVIL","OTROS RESCATES","Sin Especificar"
"10307",45830,0.622800925925926,"CERRO CHIQUITO",20.3020879493052,-98.206105261809,"MEDICO","CONVULSIONES","Sin Especificar"
"30307",45814,0.100532407407407,"COLOSIO II",20.1567984168852,-98.8063723574887,"SEGURIDAD","VEHÍCULO SOSPECHOSO","Masculino"
"20210",45836,0.34537037037037,"SANTIAGO TLAPACOYA CENTRO",20.0838189058553,-98.8430361835194,"PROTECCIÓN CIVIL","ÁRBOL CAÍDO O POR CAER","Femenino"
"30502",45771,0.9946875,"PUNTA AZUL",20.0584227614735,-98.8152887367414,"SEGURIDAD","VIOLENCIA DE PAREJA","Femenino"
"31103",45717,0.632974537037037,"LOS TEPETATES",20.0544866790168,-99.2783208432342,"SEGURIDAD","CONDUCTOR EBRIO","Masculino"
"30401",45944,0.980127314814815,"TLAZCANTITLA",20.8222388865072,-98.1588666202281,"SEGURIDAD","OTRAS ALARMAS DE EMERGENCIAS ACTIVADAS","Masculino"
"30904",45769,0.0881481481481481,"SIN COLONIA",20.2798091325127,-99.8967141361462,"SEGURIDAD","PERSONA SOSPECHOSA","Masculino"
"30904",45859,0.55125,"NUEVA EX-HACIENDA DE APULCO",20.4256450238812,-98.5078224754875,"SEGURIDAD","PERSONA SOSPECHOSA","Femenino"
"30310",45861,0.651284722222222,"SANTA GERTRUDIS",20.0554312064608,-98.6419835915916,"SEGURIDAD","OTRAS FALTAS AL REGLAMENTO DE TRÁNSITO","Masculino"
"10310",46018,0.395266203703704,"CUAUHTEMOC",20.1509400107021,-98.6698654573352,"MEDICO","URGENCIA POR ENFERMEDAD GENERAL","Masculino"
"30309",45992,0.581909722222222,"CENTRO 1 ER. CUADRO",20.1906615988556,-98.410726446108,"SEGURIDAD","ACCIDENTE DE TRÁNSITO SIN LESIONADOS","Femenino"
"20403",45803,0.444201388888889,"16 DE ENERO (EL TESORO)",19.9036272190782,-99.4154708676082,"PROTECCIÓN CIVIL","RESCATE ANIMAL","Femenino"
"31101",45947,0.579259259259259,"EL TEZONTLE",20.0634744941141,-98.7626088201003,"SEGURIDAD","ALTERACIÓN DEL ORDEN PÚBLICO POR PERSONA ALCOHOLIZADA","Femenino"
"30903",45774,0.945763888888889,"PASEOS DE LA PRADERA",20.1946910528208,-98.9416813406288,"SEGURIDAD","VIOLENCIA CONTRA LA MUJER","Femenino"
"10107",45971,0.558622685185185,"JAGUEY DE TELLEZ (ESTACION TELLEZ)",19.8697282548605,-98.938907124828,"MEDICO","ACCIDENTE MÚLTIPLE CON LESIONADOS","Sin Especificar"
"20203",45800,0.431122685185185,"CARBONERAS",20.0815116697062,-98.8061558924065,"PROTECCIÓN CIVIL","ENJAMBRE DE ABEJAS","Femenino"
"20201",45920,0.755347222222222,"EL PUERTO LAZARO CARDENAS",20.222814705343,-98.9185258558504,"PROTECCIÓN CIVIL","CONTAMINACIÓN DE SUELO, AIRE Y AGUA","Femenino"
"30907",45677,0.927268518518518,"TAXHUADA",20.4064918781894,-99.1724575490777,"SEGURIDAD","PERSONA AGRESIVA","Masculino"
"30907",45948,0.894224537037037,"EL REFUGIO (SALITRERA)",19.9767859278659,-99.3380495692304,"SEGURIDAD","PERSONA AGRESIVA","Sin Especificar"
"31112",45921,0.137210648148148,"EL BONDHO",20.3471101650058,-99.2268865441136,"SEGURIDAD","RIÑA / PELEA CLANDESTINA","Masculino"
"30446",45776,0.363634259259259,"AZOYATLA DE OCAMPO",20.0606256965522,-98.833799585078,"SEGURIDAD","OTROS ACTOS RELACIONADOS CON EL PATRIMONIO","Masculino"
"30309",45696,0.247731481481482,"JULIAN VILLAGRAN",20.4585463178888,-99.0693465472037,"SEGURIDAD","ACCIDENTE DE TRÁNSITO SIN LESIONADOS","Sin Especificar"
"30307",45763,0.103865740740741,"TLAXINACALPAN",19.9398208629649,-99.5213856504096,"SEGURIDAD","VEHÍCULO SOSPECHOSO","Sin Especificar"
"30502",45793,0.608310185185185,"LOS HEROES TIZAYUCA",19.8235167653514,-99.0014684269648,"SEGURIDAD","VIOLENCIA DE PAREJA","Sin Especificar"
"30401",46006,0.939513888888889,"3RA DEMARCACION",20.2541702379058,-98.9547934281915,"SEGURIDAD","OTRAS ALARMAS DE EMERGENCIAS ACTIVADAS","Masculino"
"30504",45765,0.121967592592593,"TIERRA PLAYA",20.9741171409756,-98.2678300924618,"SEGURIDAD","OTROS ACTOS RELACIONADOS CON LA FAMILIA","Femenino"
"30503",45896,0.929166666666667,"EL MORO",20.2685541573104,-99.0029829101244,"SEGURIDAD","VIOLENCIA FAMILIAR","Sin Especificar"
"30907",45745,0.968738425925926,"CHIPOCO",20.9841028624947,-98.7060842301102,"SEGURIDAD","PERSONA AGRESIVA","Femenino"
"20110",45849,0.351458333333333,"ADOLFO LOPEZ MATEOS",20.1368961490787,-98.578752629549,"PROTECCIÓN CIVIL","GASES TÓXICOS","Femenino"
"31101",45914,0.0758796296296296,"ROJO LUGO",20.9662224687502,-98.5513960024,"SEGURIDAD","ALTERACIÓN DEL ORDEN PÚBLICO POR PERSONA ALCOHOLIZADA","Femenino"
"30414",45816,0.37037037037037,"15 DE SEPTIEMBRE 1RA SECCION",20.2621734355823,-98.6109931671385,"SEGURIDAD","ROBO A CASA HABITACIÓN SIN VIOLENCIA","Masculino"
"30103",45713,0.56125,"CENTRO PACHUCA DE SOTO",20.2312459074108,-98.7408431868015,"SEGURIDAD","PERSONA TIRADA EN VÍA PÚBLICA","Femenino"
"30907",45936,0.774826388888889,"SANTA JULIA",20.0307567755031,-98.7307399445318,"SEGURIDAD","PERSONA AGRESIVA","Sin Especificar"
"20311",45899,0.86287037037037,"HACIENDA MARGARITA",20.2269435743625,-98.5534310000551,"PROTECCIÓN CIVIL","OTROS INCENDIOS","Femenino"
"30307",45733,0.886828703703704,"PARQUE INDUSTRIAL ATITALAQUIA",19.8198835759052,-99.2496410173586,"SEGURIDAD","VEHÍCULO SOSPECHOSO","Masculino"
"20311",45886,0.876053240740741,"SIN COLONIA",20.3505524403736,-98.6104287745271,"PROTECCIÓN CIVIL","OTROS INCENDIOS","Femenino"
"31001",45836,0.484826388888889,"AMPLIACION ROJO GOMEZ",19.913120325725,-98.4767276693229,"SEGURIDAD","ALLANAMIENTO DE MORADA","Masculino"
"30401",45743,0.0707407407407407,"SIN COLONIA",20.5244532308945,-98.8410243371577,"SEGURIDAD","OTRAS ALARMAS DE EMERGENCIAS ACTIVADAS","Masculino"
"50301",45949,0.535960648148148,"IXTLAHUACO",20.8050104443467,-98.8090913464253,"ASISTENCIA","APOYO A LA CIUDADANÍA","Femenino"
"31105",46022,0.118460648148148,"CHIMALPA TLALAYOTE",19.649306668708,-98.3972365492835,"SEGURIDAD","CONSUMO DE DROGAS EN VÍA PÚBLICA","Sin Especificar"
"30503",45788,0.391064814814815,"EL MIRADOR",20.0686073774211,-98.325771402011,"SEGURIDAD","VIOLENCIA FAMILIAR","Femenino"
"10315",45906,0.849861111111111,"SIN COLONIA",19.9225361221401,-98.8999532214596,"MEDICO","INTOXICACIÓN / SOBREDOSIS / ENVENENAMIENTO POR SUSTANCIAS","Sin Especificar"
"30903",45737,0.967939814814815,"VILLAS DE PACHUCA",19.8139763994159,-98.8610698514262,"SEGURIDAD","VIOLENCIA CONTRA LA MUJER","Masculino"
"31101",45732,0.657222222222222,"AHUEHUETITLA",20.1218415603785,-98.4297996934048,"SEGURIDAD","ALTERACIÓN DEL ORDEN PÚBLICO POR PERSONA ALCOHOLIZADA","Femenino"
"30401",45978,0.351550925925926,"LOS PINOS 2 DA. SECCION",20.0604901641772,-98.2802175831769,"SEGURIDAD","OTRAS ALARMAS DE EMERGENCIAS ACTIVADAS","Femenino"
"30309",45991,0.53931712962963,"ZAPOTLAN DE JUAREZ CENTRO",19.7730009946532,-98.8224443636049,"SEGURIDAD","ACCIDENTE DE TRÁNSITO SIN LESIONADOS","Sin Especificar"
"50301",45678,0.788032407407407,"SAN JUAN SOLIS",20.2308007519275,-99.0323207750712,"ASISTENCIA","APOYO A LA CIUDADANÍA","Sin Especificar"
"31112",45819,0.943310185185185,"PRI REVOLUCION",19.6484083034389,-98.6774977537014,"SEGURIDAD","RIÑA / PELEA CLANDESTINA","Femenino"
"10103",45764,0.0796643518518518,"EL PEDREGAL DE SAN JOSE",20.0345015106342,-98.5672155500812,"MEDICO","ACCIDENTE DE MOTOCICLETA CON LESIONADOS","Femenino"
"30907",45955,0.991747685185185,"TIZAYUCA CENTRO",20.0034600908617,-99.0141238649745,"SEGURIDAD","PERSONA AGRESIVA","Masculino"
"30310",45876,0.594247685185185,"SAN CAYETANO EL BORDO",20.161281675296,-98.598591800523,"SEGURIDAD","OTRAS FALTAS AL REGLAMENTO DE TRÁNSITO","Sin Especificar"
"30307",45715,0.0271296296296296,"EL LLANO (2A SECCION)",20.0705547919786,-99.2579047523226,"SEGURIDAD","VEHÍCULO SOSPECHOSO","Masculino"
"30503",45814,0.973425925925926,"LAS PALMITAS",19.9445572263879,-98.8348390344579,"SEGURIDAD","VIOLENCIA FAMILIAR","Femenino"
"20103",46008,0.657303240740741,"RENACIMIENTO",20.1810860541397,-98.7918968632839,"PROTECCIÓN CIVIL","ANIMAL PELIGROSO","Femenino"
"50104",45745,0.870347222222222,"JARDINES DE COLOSIO",20.1593744812529,-98.811814330394,"ASISTENCIA","FRAUDE","Femenino"
"50102",46012,0.799236111111111,"PROGRESO DE OBREGON CENTRO",20.2284875205821,-99.0742019543531,"ASISTENCIA","TENTATIVA DE ROBO","Masculino"
"10303",45753,0.409803240740741,"JUAN C. DORIA",19.9884508723624,-98.8512496818321,"MEDICO","URGENCIA EN PACIENTE EMBARAZADA","Masculino"
"10107",46011,0.89255787037037,"LA SALIDA",19.8831822847992,-98.6607577891575,"MEDICO","ACCIDENTE MÚLTIPLE CON LESIONADOS","Femenino"
"30907",45849,0.833773148148148,"LAS PLAZAS",19.781799709191,-99.0227409236108,"SEGURIDAD","PERSONA AGRESIVA","Femenino"
"20303",45890,0.885266203703704,"EL JAGUEY",20.4788504466853,-99.5303042062904,"PROTECCIÓN CIVIL","INCENDIO DE VEHÍCULO","Masculino"
"20311",45760,0.613726851851852,"SAN JOSE CALTENGO",20.1701211092608,-98.3476629024425,"PROTECCIÓN CIVIL","OTROS INCENDIOS","Sin Especificar"
"30907",45946,0.414583333333333,"SANTIAGO TLAPACOYA CENTRO",20.3145331429923,-98.8977581029141,"SEGURIDAD","PERSONA AGRESIVA","Femenino"
"50301",45926,0.664155092592593,"TLACPAC",20.101235438638,-98.2653359449541,"ASISTENCIA","APOYO A LA CIUDADANÍA","Masculino"
"30503",45891,0.211585648148148,"COLINAS DE PLATA",20.2190416345662,-98.7815375799027,"SEGURIDAD","VIOLENCIA FAMILIAR","Femenino"
"30430",45921,0.682581018518518,"TULANCINGO CENTRO",19.9250899871349,-98.3371911887293,"SEGURIDAD","ROBO DE VEHÍCULO PARTICULAR SIN VIOLENCIA","Femenino"
"20108",45822,0.357175925925926,"COLINAS DE PLATA",20.1085968654072,-98.6136993971707,"PROTECCIÓN CIVIL","FUGAS Y DERRAMES DE SUSTANCIAS QUÍMICAS","Sin Especificar"
"30907",45997,0.0379513888888889,"LOMA BONITA",19.8510560934246,-98.4677007506214,"SEGURIDAD","PERSONA AGRESIVA","Masculino"
"31101",45666,0.261493055555556,"LAS CRUCES",20.3592338583056,-99.1381289457228,"SEGURIDAD","ALTERACIÓN DEL ORDEN PÚBLICO POR PERSONA ALCOHOLIZADA","Sin Especificar"
"31101",45794,0.63625,"JARDIN COLON",20.1191522301698,-98.8158050362244,"SEGURIDAD","ALTERACIÓN DEL ORDEN PÚBLICO POR PERSONA ALCOHOLIZADA","Sin Especificar"
"30407",45936,0.724548611111111,"LOS HEROES TIZAYUCA",19.8132194754209,-98.9278072434746,"SEGURIDAD","EXTORSIÓN TELEFÓNICA","Masculino"
"10308",45904,0.227789351851852,"MILITAR",20.0984985805534,-98.7283315070743,"MEDICO","PERSONA INCONSCIENTE / URGENCIA NEUROLÓGICA","Femenino"
"30904",45910,0.288356481481481,"PASEOS DE CHAVARRIA",20.0942431093965,-98.8117973975543,"SEGURIDAD","PERSONA SOSPECHOSA","Femenino"
"30907",45914,0.00545138888888889,"EL PEDREGAL",19.9543106803202,-98.9760065703127,"SEGURIDAD","PERSONA AGRESIVA","Masculino"
"50303",45935,0.490277777777778,"EPAZOYUCAN CENTRO",20.0212364965161,-98.5678890949935,"ASISTENCIA","MALTRATO DE ANIMALES","Femenino"
"10220",45878,0.828634259259259,"EL PORVENIR",20.2688357538993,-98.6812641244,"MEDICO","OTROS INCIDENTES MÉDICOS TRAUMÁTICOS","Masculino"
"30310",45988,0.778101851851852,"EL ARBOLITO",20.1609141145202,-98.6048243968677,"SEGURIDAD","OTRAS FALTAS AL REGLAMENTO DE TRÁNSITO","Masculino"
"30401",45859,0.575601851851852,"SAN FELIPE ORIZATLAN CENTRO",21.3201773866193,-98.4770816847844,"SEGURIDAD","OTRAS ALARMAS DE EMERGENCIAS ACTIVADAS","Femenino"
"20311",45792,0.494907407407407,"PLASENTON",20.2139712383336,-98.2397699479779,"PROTECCIÓN CIVIL","OTROS INCENDIOS","Femenino"
"30502",45999,0.630300925925926,"NOXTONGO PRIMERA SECCION",19.9289160111708,-99.3702450447973,"SEGURIDAD","VIOLENCIA DE PAREJA","Masculino"
"30446",45913,0.997731481481482,"EX-HACIENDA DE COSCOTITLAN",20.1228328212119,-98.7375349061665,"SEGURIDAD","OTROS ACTOS RELACIONADOS CON EL PATRIMONIO","Masculino"
"50301",45947,0.288611111111111,"EL LLANO (2A SECCION)",20.0707974377233,-99.2970738700108,"ASISTENCIA","APOYO A LA CIUDADANÍA","Sin Especificar"
"30401",45774,0.0923726851851852,"SAN MATEO SEGUNDA SECCION",19.71868440846,-99.2235191143296,"SEGURIDAD","OTRAS ALARMAS DE EMERGENCIAS ACTIVADAS","Masculino"
"10103",45749,0.883113425925926,"EL FITHZI",20.618771165356,-99.2007009243117,"MEDICO","ACCIDENTE DE MOTOCICLETA CON LESIONADOS","Masculino"
"10308",45734,0.815416666666667,"PRADERAS DEL LLANO",19.8725488611682,-99.2763242730575,"MEDICO","PERSONA INCONSCIENTE / URGENCIA NEUROLÓGICA","Femenino"
"31101",45781,0.787430555555556,"EL CALVARIO",20.2816012996342,-99.1774546796198,"SEGURIDAD","ALTERACIÓN DEL ORDEN PÚBLICO POR PERSONA ALCOHOLIZADA","Masculino"
"50301",45671,0.868321759259259,"SIN COLONIA",20.2188614397683,-98.2526656515928,"ASISTENCIA","APOYO A LA CIUDADANÍA","Sin Especificar"
"10104",45955,0.990601851851852,"SAN GUILLERMO LA REFORMA",20.3010918854009,-98.5248660577051,"MEDICO","ACCIDENTE DE VEHÍCULO AUTOMOTOR CON LESIONADOS","Masculino"
"30309",45695,0.830671296296296,"LOS TUZOS",19.9599417384066,-98.8649046577275,"SEGURIDAD","ACCIDENTE DE TRÁNSITO SIN LESIONADOS","Femenino"
"31104",45844,0.678159722222222,"XOCHIHUACAN",20.0140043293361,-98.5610769462491,"SEGURIDAD","CONSUMO DE ALCOHOL EN VÍA PÚBLICA","Masculino"
"30310",45905,0.738263888888889,"HUEJUTLA DE REYES CENTRO",21.0614316737198,-98.4229734160223,"SEGURIDAD","OTRAS FALTAS AL REGLAMENTO DE TRÁNSITO","Masculino"
"30103",45912,0.871863425925926,"CIUDAD DE LOS NIÑOS",20.1159884493325,-98.7040719251015,"SEGURIDAD","PERSONA TIRADA EN VÍA PÚBLICA","Femenino"
"30305",45799,0.0497337962962963,"15 DE SEPTIEMBRE",20.0653849851192,-98.4501393836754,"SEGURIDAD","VEHÍCULO A EXCESO DE VELOCIDAD","Femenino"
"10104",45865,0.252916666666667,"LA GRANJA",20.1005173160419,-99.270549347072,"MEDICO","ACCIDENTE DE VEHÍCULO AUTOMOTOR CON LESIONADOS","Masculino"
"31001",45712,0.0970138888888889,"VALLE DE GUADALUPE",19.5953570093921,-98.8170067373184,"SEGURIDAD","ALLANAMIENTO DE MORADA","Femenino"
"30907",45898,0.855023148148148,"BELLAVISTA",19.7848807998358,-98.3686789029178,"SEGURIDAD","PERSONA AGRESIVA","Femenino"
"30205",46022,0.935775462962963,"TLANALAPA CENTRO",19.950476179735,-98.5803977964143,"SEGURIDAD","DETONACIÓN DE COHETES O FUEGOS ARTIFICIALES","Masculino"
"30204",45733,0.694247685185185,"HACIENDAS DE TIZAYUCA",19.9173507591918,-98.9871262666801,"SEGURIDAD","PORTACIÓN DE ARMAS O CARTUCHOS","Femenino"
"30904",45842,0.520636574074074,"RESIDENCIAL FLORENCIA TIZAYUCA",19.8695138956392,-99.1010379680395,"SEGURIDAD","PERSONA SOSPECHOSA","Femenino"
"30907",45994,0.993391203703704,"EL ZAPOTE",21.1170606344034,-98.3783185316682,"SEGURIDAD","PERSONA AGRESIVA","Sin Especificar"
"30907",46009,0.746805555555556,"CUIXTITLA",19.6487390302597,-98.8855371942995,"SEGURIDAD","PERSONA AGRESIVA","Masculino"
"30503",45843,0.00430555555555556,"LOMAS DEL ALAMO",19.9000227126961,-98.8930941089027,"SEGURIDAD","VIOLENCIA FAMILIAR","Masculino"
"10310",45809,0.303217592592593,"ESPAÑITA",20.2704566105136,-99.0989282735626,"MEDICO","URGENCIA POR ENFERMEDAD GENERAL","Masculino"
"20110",45896,0.72306712962963,"PASEOS DE CHAVARRIA",20.0216113457611,-98.6388490350601,"PROTECCIÓN CIVIL","GASES TÓXICOS","Femenino"
"30907",45967,0.758275462962963,"SANTA MARIA NATIVITAS",20.1552052758821,-98.4422575882709,"SEGURIDAD","PERSONA AGRESIVA","Masculino"
"30903",45962,0.443391203703704,"FELIPE ANGELES",20.2114585098135,-98.6987263111113,"SEGURIDAD","VIOLENCIA CONTRA LA MUJER","Femenino"
"30504",45799,0.483043981481482,"ISSSTE",20.1073684740017,-98.8543963448397,"SEGURIDAD","OTROS ACTOS RELACIONADOS CON LA FAMILIA","Masculino"
"10103",45734,0.632800925925926,"SAN PEDRO TLACHICHILCO",20.2924519073484,-98.1150991491938,"MEDICO","ACCIDENTE DE MOTOCICLETA CON LESIONADOS","Sin Especificar"
"10104",45769,0.999733796296296,"SIN COLONIA",20.0210696096536,-98.947270380138,"MEDICO","ACCIDENTE DE VEHÍCULO AUTOMOTOR CON LESIONADOS","Sin Especificar"
"30304",46007,0.543541666666667,"SAN JOSE PALMA GORDA",19.9468399979027,-98.8042730724301,"SEGURIDAD","CIRCULAR EN SENTIDO CONTRARIO","Femenino"
"30306",45682,0.671724537037037,"SANTIAGO TLAPACOYA CENTRO",20.0181511214611,-98.9106013352571,"SEGURIDAD","VEHÍCULO EN HUIDA","Sin Especificar"
"30306",45733,0.7734375,"SIN COLONIA",20.0435660455346,-99.3149461961715,"SEGURIDAD","VEHÍCULO EN HUIDA","Masculino"
"50301",45770,0.0468981481481481,"PRIVADA FIORENTINO",19.907220059409,-98.7077346626959,"ASISTENCIA","APOYO A LA CIUDADANÍA","Femenino"
"30502",45899,0.0400347222222222,"PASEOS DE LA PRADERA",19.8708645144613,-99.1258273480673,"SEGURIDAD","VIOLENCIA DE PAREJA","Femenino"
"30306",45865,0.896087962962963,"PEMEX",20.2504748614469,-99.2718704387736,"SEGURIDAD","VEHÍCULO EN HUIDA","Masculino"
"30307",45673,0.59625,"PIRACANTOS",20.1781866755433,-98.8280070625195,"SEGURIDAD","VEHÍCULO SOSPECHOSO","Sin Especificar"
"20301",45779,0.198310185185185,"SANTA TERESA",20.055067631159,-98.5120478981587,"PROTECCIÓN CIVIL","INCENDIO DE CASA HABITACIÓN","Masculino"
"10104",45949,0.689375,"SIN COLONIA",20.0528737060589,-98.6337752602727,"MEDICO","ACCIDENTE DE VEHÍCULO AUTOMOTOR CON LESIONADOS","Masculino"
"30407",45784,0.633321759259259,"ATEMPA",19.7761450578582,-99.0502115251207,"SEGURIDAD","EXTORSIÓN TELEFÓNICA","Masculino"
"31105",45773,0.531967592592593,"CENTRO PERIFERIA",20.1379976482871,-98.3593574255519,"SEGURIDAD","CONSUMO DE DROGAS EN VÍA PÚBLICA","Masculino"
"30308",45776,0.529386574074074,"DANGHU",20.4373057030734,-99.2908679448623,"SEGURIDAD","VEHÍCULO DESCOMPUESTO","Sin Especificar"
"31015",46004,0.426539351851852,"HUEJUTLA DE REYES CENTRO",21.159562730669,-98.5176381588006,"SEGURIDAD","OTROS ACTOS RELACIONADOS CON OTROS BIENES JURÍDICOS","Sin Especificar"
"30310",45945,0.432395833333333,"ZONA PLATEADA",20.0428520825631,-98.7737301171279,"SEGURIDAD","OTRAS FALTAS AL REGLAMENTO DE TRÁNSITO","Masculino"
"30505",45920,0.760509259259259,"ZONA PLATEADA",20.1851459846787,-98.6788222634741,"SEGURIDAD","MALTRATO INFANTIL","Femenino"
"30406",45956,0.804791666666667,"TULANCINGO CENTRO",19.9874422899688,-98.3301258776338,"SEGURIDAD","EXTORSIÓN","Sin Especificar"
"20104",46007,0.014537037037037,"EX-HACIENDA DE COSCOTITLAN",20.1023743759299,-98.7108757248955,"PROTECCIÓN CIVIL","ANIMALES SUELTOS","Masculino"
"50301",45838,0.0588194444444444,"EL DAXTHA",20.2377111786838,-99.0421525163602,"ASISTENCIA","APOYO A LA CIUDADANÍA","Femenino"
"10220",46002,0.388148148148148,"NUEVA FRANCISCO I MADERO",19.9445939872534,-98.7264723209985,"MEDICO","OTROS INCIDENTES MÉDICOS TRAUMÁTICOS","Femenino"
"50105",45729,0.868287037037037,"REAL DE MINAS",19.9945749370434,-98.7562442880533,"ASISTENCIA","RUIDO EXCESIVO","Masculino"
"10317",45761,0.868645833333333,"AMPLIACION SANTA CECILIA",20.6551272121587,-98.5334644467628,"MEDICO","FALLECIDO DE CAUSA NATURAL","Femenino"
"50302",45755,0.974861111111111,"EL PALMAR",20.2803569777311,-98.6323982649555,"ASISTENCIA","PERSONA LOCALIZADA","Femenino"
"30904",46009,0.0390740740740741,"LAS CAMPANAS",19.6944946205072,-99.0344533158486,"SEGURIDAD","PERSONA SOSPECHOSA","Femenino"
"10310",45944,0.632175925925926,"FUENTES DE TIZAYUCA II",19.8180842242364,-98.7580048645953,"MEDICO","URGENCIA POR ENFERMEDAD GENERAL","Masculino"
"10203",45658,0.847650462962963,"TEPOXTECO",21.1789864324186,-98.4737364106963,"MEDICO","ASFIXIA","Sin Especificar"
"50105",45951,0.931319444444444,"PRADERAS DE VIRREYES",20.2451288879477,-98.8188983007371,"ASISTENCIA","RUIDO EXCESIVO","Femenino"
"30401",45962,0.863923611111111,"EL CERRITO",21.0402634881131,-99.2527576947435,"SEGURIDAD","OTRAS ALARMAS DE EMERGENCIAS ACTIVADAS","Masculino"
"30202",45764,0.0189583333333333,"PUEBLO NUEVO",19.8626908959768,-99.191792135068,"SEGURIDAD","DETONACIÓN DE ARMA DE FUEGO","Masculino"
"30307",45744,0.997013888888889,"LA PROVIDENCIA SIGLO XXI",19.9098738242827,-98.7402524032103,"SEGURIDAD","VEHÍCULO SOSPECHOSO","Femenino"
"30103",45941,0.551701388888889,"CENTRO TULA DE ALLENDE",19.9380657025997,-99.3361401481543,"SEGURIDAD","PERSONA TIRADA EN VÍA PÚBLICA","Femenino"
"30907",45814,0.87212962962963,"VILLA MILAGROS",19.6344523241644,-98.8521297661365,"SEGURIDAD","PERSONA AGRESIVA","Femenino"
"50301",45948,0.685208333333333,"TULANCINGO CENTRO",20.0098594110762,-98.3990071149882,"ASISTENCIA","APOYO A LA CIUDADANÍA","Sin Especificar"
"50301",45971,0.650532407407408,"DOCTORES",20.2236192264806,-98.6699153811617,"ASISTENCIA","APOYO A LA CIUDADANÍA","Masculino"
"30504",45993,0.653530092592593,"SAN LUIS",19.9757605533454,-98.7449931096234,"SEGURIDAD","OTROS ACTOS RELACIONADOS CON LA FAMILIA","Masculino"
"31105",45961,0.718333333333333,"SAN CAYETANO EL BORDO",20.1207598829854,-98.6422463492787,"SEGURIDAD","CONSUMO DE DROGAS EN VÍA PÚBLICA","Femenino"
"30907",45945,0.403009259259259,"DEMACU",20.4455919582065,-99.0666453414885,"SEGURIDAD","PERSONA AGRESIVA","Masculino"
"10305",45680,0.457083333333333,"VILLAS DE PACHUCA",20.1541421275536,-98.7671501527364,"MEDICO","DIFICULTAD RESPIRATORIA / URGENCIA RESPIRATORIA","Masculino"
"50301",45676,0.854988425925926,"EL SAUCILLO",20.0231158199059,-98.8033248158402,"ASISTENCIA","APOYO A LA CIUDADANÍA","Masculino"
"31001",46010,0.552361111111111,"LOS TUZOS",20.0968941345098,-98.5492400012444,"SEGURIDAD","ALLANAMIENTO DE MORADA","Masculino"
"31104",45750,0.122569444444444,"LA CAÑADA",20.0200314123703,-98.3681428426649,"SEGURIDAD","CONSUMO DE ALCOHOL EN VÍA PÚBLICA","Femenino"
"31001",45863,0.11056712962963,"SESENTA Y DOS",19.8521293647743,-99.3175727740336,"SEGURIDAD","ALLANAMIENTO DE MORADA","Masculino"
"30503",46012,0.605370370370371,"EL AGUACATE",20.4080624792089,-98.1674498879948,"SEGURIDAD","VIOLENCIA FAMILIAR","Masculino"
"30401",45914,0.311944444444444,"SAN MIGUEL HUATENGO",19.8830729963613,-98.4613380122783,"SEGURIDAD","OTRAS ALARMAS DE EMERGENCIAS ACTIVADAS","Femenino"
"30401",45914,0.964837962962963,"CENTRO PACHUCA DE SOTO",20.2371009601751,-98.7980576631103,"SEGURIDAD","OTRAS ALARMAS DE EMERGENCIAS ACTIVADAS","Sin Especificar"
"30904",45881,0.74619212962963,"AVIACION",20.328856731702,-99.174942586112,"SEGURIDAD","PERSONA SOSPECHOSA","Masculino"
"30401",45824,0.280798611111111,"PROGRESO DE OBREGON CENTRO",20.3269075545132,-99.1446785622942,"SEGURIDAD","OTRAS ALARMAS DE EMERGENCIAS ACTIVADAS","Masculino"
"30309",45676,0.823368055555556,"EL PALMAR",20.181713547775,-98.8812132606378,"SEGURIDAD","ACCIDENTE DE TRÁNSITO SIN LESIONADOS","Masculino"
"10301",45769,0.0168981481481481,"LOS PAPALOTES",21.1393575778524,-98.4286246973762,"MEDICO","TRABAJO DE PARTO","Masculino"
"50301",45964,0.346979166666667,"REVOLUCION",20.0343584969815,-98.6199119899308,"ASISTENCIA","APOYO A LA CIUDADANÍA","Masculino"
"30202",45933,0.902928240740741,"OJO DE AGUA",19.8898888369924,-99.4644407787285,"SEGURIDAD","DETONACIÓN DE ARMA DE FUEGO","Masculino"
"20311",45728,0.83,"OJO DE AGUA SAN JOSE TEPENENE",20.2354451338684,-98.7995274697737,"PROTECCIÓN CIVIL","OTROS INCENDIOS","Masculino"
"31001",45762,0.940752314814815,"VIVEROS DE LA LOMA",20.0893584855808,-98.3839423275361,"SEGURIDAD","ALLANAMIENTO DE MORADA","Femenino"
"50301",45954,0.609768518518519,"LA TOSCANA (MEDIA)",19.7318051312593,-99.5549364956435,"ASISTENCIA","APOYO A LA CIUDADANÍA","Femenino"
"30907",45982,0.913090277777778,"PASEOS DEL PEDREGAL",19.9005676215486,-98.9602685438898,"SEGURIDAD","PERSONA AGRESIVA","Masculino"
"20311",45749,0.129236111111111,"EL DURAZNO",20.0966535009707,-98.795701327437,"PROTECCIÓN CIVIL","OTROS INCENDIOS","Masculino"
"30502",45825,0.572569444444445,"SIN COLONIA",19.9935745118795,-98.2652625338001,"SEGURIDAD","VIOLENCIA DE PAREJA","Femenino"
"30903",45795,0.394965277777778,"PASEOS DE LA PRADERA",19.876769160648,-99.3385523213914,"SEGURIDAD","VIOLENCIA CONTRA LA MUJER","Femenino"
"10307",45723,0.990162037037037,"SIN COLONIA",19.9103091279587,-99.0731016453795,"MEDICO","CONVULSIONES","Sin Especificar"
"31104",45753,0.732534722222222,"SIN COLONIA",20.2327026795409,-98.5218155230797,"SEGURIDAD","CONSUMO DE ALCOHOL EN VÍA PÚBLICA","Sin Especificar"
"31101",45974,0.813518518518519,"CENTRO SUR",20.2952319171449,-98.8389933044947,"SEGURIDAD","ALTERACIÓN DEL ORDEN PÚBLICO POR PERSONA ALCOHOLIZADA","Masculino"
"30310",45967,0.412384259259259,"IMPULSOR SECTOR PRIMARIO",20.154071161068,-98.7986100903571,"SEGURIDAD","OTRAS FALTAS AL REGLAMENTO DE TRÁNSITO","Sin Especificar"
"30309",45838,0.135543981481481,"SAN JOSE PALMA GORDA",19.9382625550012,-98.7319879522214,"SEGURIDAD","ACCIDENTE DE TRÁNSITO SIN LESIONADOS","Masculino"
"30202",46015,0.899953703703704,"SANTA MARIA MATILDE",19.9253079188836,-98.7048482146216,"SEGURIDAD","DETONACIÓN DE ARMA DE FUEGO","Femenino"
"30907",45714,0.265729166666667,"PASEO DE LAS CAMELINAS",19.9813888248988,-98.7341023807375,"SEGURIDAD","PERSONA AGRESIVA","Femenino"
"30907",46021,0.0935069444444444,"NUEVO TULANCINGO",20.0426743719728,-98.323011348764,"SEGURIDAD","PERSONA AGRESIVA","Sin Especificar"
"20110",45715,0.3834375,"LOS JALES",20.1304637493803,-98.7559096644981,"PROTECCIÓN CIVIL","GASES TÓXICOS","Femenino"
"30430",45715,0.328460648148148,"CAMPO REAL",20.1754363205812,-98.4661549387213,"SEGURIDAD","ROBO DE VEHÍCULO PARTICULAR SIN VIOLENCIA","Masculino"
"50105",45855,0.49275462962963,"PERIODISTA",20.0957286349251,-98.5911188762438,"ASISTENCIA","RUIDO EXCESIVO","Sin Especificar"
"30401",45983,0.634444444444444,"TASQUILLO CENTRO",20.5979156305844,-99.2646001143809,"SEGURIDAD","OTRAS ALARMAS DE EMERGENCIAS ACTIVADAS","Masculino"
"30904",45729,0.56275462962963,"CENTRO PACHUCA DE SOTO",20.1158910425156,-98.6979596440326,"SEGURIDAD","PERSONA SOSPECHOSA","Masculino"
"30907",45787,0.454722222222222,"LA PROVIDENCIA SIGLO XXI",20.1121011041315,-98.7562925514982,"SEGURIDAD","PERSONA AGRESIVA","Sin Especificar"
"30309",45989,0.656331018518519,"IMPULSOR SECTOR PRIMARIO",20.089508579334,-98.7222026643506,"SEGURIDAD","ACCIDENTE DE TRÁNSITO SIN LESIONADOS","Femenino"
"30401",45845,0.0476736111111111,"SIN COLONIA",20.0795012842724,-98.1647501002252,"SEGURIDAD","OTRAS ALARMAS DE EMERGENCIAS ACTIVADAS","Masculino"
"31112",45720,0.663252314814815,"ANAHUAC",20.0719822725289,-98.7313496082333,"SEGURIDAD","RIÑA / PELEA CLANDESTINA","Masculino"
"30503",45742,0.929467592592593,"CUBITOS",20.0511084009946,-98.5156786848489,"SEGURIDAD","VIOLENCIA FAMILIAR","Femenino"
"30401",45831,0.801736111111111,"HUEJUTLA DE REYES CENTRO",21.2213119607862,-98.3744147801445,"SEGURIDAD","OTRAS ALARMAS DE EMERGENCIAS ACTIVADAS","Femenino"
"30904",45874,0.954861111111111,"EX-HACIENDA DE COSCOTITLAN",20.0882776085058,-98.6971003116816,"SEGURIDAD","PERSONA SOSPECHOSA","Sin Especificar"
"50302",45800,0.876145833333333,"PRIVADA LOS CIPRECES",20.018130762934,-99.3293270006614,"ASISTENCIA","PERSONA LOCALIZADA","Femenino"
"30401",46008,0.883483796296296,"SAN FELIPE ORIZATLAN CENTRO",21.2010953903267,-98.6099589295809,"SEGURIDAD","OTRAS ALARMAS DE EMERGENCIAS ACTIVADAS","Masculino"
"10219",45991,0.965798611111111,"EL PARAISO ZONA NORTE",19.9462312702647,-98.3323143090612,"MEDICO","FALLECIDO DE CAUSA TRAUMÁTICA","Masculino"
"10103",45801,0.486099537037037,"CENTRO",20.2631770649798,-99.3900635041885,"MEDICO","ACCIDENTE DE MOTOCICLETA CON LESIONADOS","Masculino"
"30907",45916,0.502465277777778,"LOS HEROES TIZAYUCA",19.8538518351305,-99.0291649306349,"SEGURIDAD","PERSONA AGRESIVA","Masculino"
"30310",45973,0.704259259259259,"CUAUHTEMOC",20.3811667397198,-98.7199928400895,"SEGURIDAD","OTRAS FALTAS AL REGLAMENTO DE TRÁNSITO","Femenino"
"30307",45923,0.723831018518519,"SANTIAGO TLAPACOYA CENTRO",20.168378205636,-98.8962388681163,"SEGURIDAD","VEHÍCULO SOSPECHOSO","Sin Especificar"
"30904",45791,0.600370370370371,"SIN COLONIA",20.0529486653523,-99.1210291839102,"SEGURIDAD","PERSONA SOSPECHOSA","Femenino"
"10103",45818,0.699467592592593,"PASEOS DE CHAVARRIA",19.9868336275998,-98.8533512288599,"MEDICO","ACCIDENTE DE MOTOCICLETA CON LESIONADOS","Masculino"
"30307",45662,0.99462962962963,"PUEBLO NUEVO",20.031412727679,-98.6927207419522,"SEGURIDAD","VEHÍCULO SOSPECHOSO","Femenino"
"20311",45738,0.719085648148148,"METROPOLITANO [PARQUE INDUSTRIAL]",20.1212713253186,-98.6692533796585,"PROTECCIÓN CIVIL","OTROS INCENDIOS","Masculino"
"20311",45999,0.371064814814815,"ZONA PLATEADA",20.1517454185981,-98.6735910446945,"PROTECCIÓN CIVIL","OTROS INCENDIOS","Masculino"
"50301",45928,0.959907407407407,"SAN ISIDRO",20.5827561787975,-99.3528129872976,"ASISTENCIA","APOYO A LA CIUDADANÍA","Femenino"
"30907",45670,0.863761574074074,"EL MAYE",20.3669755721593,-99.1658585071924,"SEGURIDAD","PERSONA AGRESIVA","Sin Especificar"
"31101",46012,0.877060185185185,"PAXTEPEC",20.1586557207497,-98.4160153712695,"SEGURIDAD","ALTERACIÓN DEL ORDEN PÚBLICO POR PERSONA ALCOHOLIZADA","Femenino"
"50105",45868,0.532326388888889,"CENTRO PACHUCA DE SOTO",20.1758445427629,-98.543596186559,"ASISTENCIA","RUIDO EXCESIVO","Sin Especificar"
"30204",45780,0.0548148148148148,"CIUDAD SAHAGUN",19.907850604404,-98.6192575037425,"SEGURIDAD","PORTACIÓN DE ARMAS O CARTUCHOS","Sin Especificar"
"30602",45871,0.0181018518518519,"APEPECHOCA",20.1377803417712,-99.0695427802188,"SEGURIDAD","PERSONA NO LOCALIZADA","Femenino"
"30310",45955,0.891365740740741,"LA PROVIDENCIA SIGLO XXI",20.0863070799597,-98.8245941565623,"SEGURIDAD","OTRAS FALTAS AL REGLAMENTO DE TRÁNSITO","Femenino"
"30907",45990,0.0229398148148148,"LA OTRA BANDA",20.496072813589,-98.750437087918,"SEGURIDAD","PERSONA AGRESIVA","Masculino"
"30310",45927,0.00320601851851852,"SAN CLEMENTE",20.0610870141833,-98.7578938485605,"SEGURIDAD","OTRAS FALTAS AL REGLAMENTO DE TRÁNSITO","Femenino"
"30309",45928,0.960520833333333,"TEPA EL GRANDE",20.0249020937398,-98.8203005394319,"SEGURIDAD","ACCIDENTE DE TRÁNSITO SIN LESIONADOS","Masculino"
"30202",45919,0.606030092592593,"HUITZILA",19.8407104491223,-98.9310470559333,"SEGURIDAD","DETONACIÓN DE ARMA DE FUEGO","Masculino"
"30204",45976,0.968888888888889,"NOXTONGO SEGUNDA SECCION",20.0045974481506,-99.467474598292,"SEGURIDAD","PORTACIÓN DE ARMAS O CARTUCHOS","Sin Especificar"
"30309",45909,0.18849537037037,"REAL MADEIRA",20.1405383614653,-98.8050215503522,"SEGURIDAD","ACCIDENTE DE TRÁNSITO SIN LESIONADOS","Masculino"
"30502",45928,0.971435185185185,"VILLA ELENA",20.079066083899,-98.6815404332913,"SEGURIDAD","VIOLENCIA DE PAREJA","Femenino"
"30309",45916,0.38130787037037,"FRUTILLAL BAJO",20.2544297305588,-98.8912326493042,"SEGURIDAD","ACCIDENTE DE TRÁNSITO SIN LESIONADOS","Femenino"
"30446",45810,0.501886574074074,"COLINAS DE PLATA",19.9627188746044,-98.6112832213035,"SEGURIDAD","OTROS ACTOS RELACIONADOS CON EL PATRIMONIO","Femenino"
"50301",45728,0.401041666666667,"FELIPE ANGELES",20.1722921254126,-98.7566079078765,"ASISTENCIA","APOYO A LA CIUDADANÍA","Sin Especificar"
"30401",45808,0.135358796296296,"ROJO GOMEZ",20.0787646139588,-99.0586941080256,"SEGURIDAD","OTRAS ALARMAS DE EMERGENCIAS ACTIVADAS","Masculino"
"30907",45698,0.497361111111111,"TIZAYUCA CENTRO",19.7180982250272,-98.9011847966123,"SEGURIDAD","PERSONA AGRESIVA","Femenino"
"30309",45924,0.305347222222222,"SANTA MARIA LA CALERA",19.9185951891511,-98.8281879200325,"SEGURIDAD","ACCIDENTE DE TRÁNSITO SIN LESIONADOS","Masculino"
"30307",45705,0.0165277777777778,"PUENTE DE LA PAZ",20.2086648414174,-98.3435713177478,"SEGURIDAD","VEHÍCULO SOSPECHOSO","Masculino"
"10107",45919,0.298888888888889,"SAN ANTONIO",20.1223500423942,-98.5826512385818,"MEDICO","ACCIDENTE MÚLTIPLE CON LESIONADOS","Masculino"
"30503",45714,0.831481481481481,"NICOLAS BRAVO",20.0298372085619,-99.1219106539729,"SEGURIDAD","VIOLENCIA FAMILIAR","Femenino"
"30503",45716,0.366516203703704,"TLAMACO",20.0141339348357,-99.0520116537088,"SEGURIDAD","VIOLENCIA FAMILIAR","Femenino"
"30904",45679,0.612002314814815,"SAN JOSE CALTENGO",19.9617075635715,-98.4664672660201,"SEGURIDAD","PERSONA SOSPECHOSA","Femenino"
"20201",45744,0.895914351851852,"LA PALMA",20.1017340827911,-98.8783247156957,"PROTECCIÓN CIVIL","CONTAMINACIÓN DE SUELO, AIRE Y AGUA","Sin Especificar"
"30307",45850,0.949884259259259,"TLATEMPA",20.1386051258836,-98.2799972280223,"SEGURIDAD","VEHÍCULO SOSPECHOSO","Masculino"
"30503",45923,0.933020833333333,"SANTIAGO JALTEPEC",20.1030653075493,-98.8438713666404,"SEGURIDAD","VIOLENCIA FAMILIAR","Sin Especificar"
"10316",45739,0.846979166666667,"LOS TUZOS",20.1826818209288,-98.6921330479668,"MEDICO","OTROS INCIDENTES MÉDICOS CLINICOS","Masculino"
"30903",45717,0.279247685185185,"SAN CAYETANO EL BORDO",20.1271857011323,-98.9560586971473,"SEGURIDAD","VIOLENCIA CONTRA LA MUJER","Femenino"
"20108",46014,0.703715277777778,"HOGARES UNION PASEOS DEL PEDREGAL",19.9103998580958,-99.1926856042553,"PROTECCIÓN CIVIL","FUGAS Y DERRAMES DE SUSTANCIAS QUÍMICAS","Masculino"
"50107",45944,0.680555555555556,"VALLE BLANCO",20.0565413137495,-98.9179347855947,"ASISTENCIA","ABUSO DE CONFIANZA","Femenino"
"30430",45764,0.878657407407407,"CENTRO TULA DE ALLENDE",19.9103562606545,-99.3773805333844,"SEGURIDAD","ROBO DE VEHÍCULO PARTICULAR SIN VIOLENCIA","Masculino"
"10308",45695,0.573912037037037,"CRISOL",20.001320563078,-98.8026744814715,"MEDICO","PERSONA INCONSCIENTE / URGENCIA NEUROLÓGICA","Sin Especificar"
"50301",45733,0.426273148148148,"ZONA PLATEADA",20.2032575424242,-98.9004337169078,"ASISTENCIA","APOYO A LA CIUDADANÍA","Femenino"
"30430",45742,0.601458333333333,"CHAPULTEPEC",20.1521575016866,-98.8689917800291,"SEGURIDAD","ROBO DE VEHÍCULO PARTICULAR SIN VIOLENCIA","Femenino"
"31112",45836,0.914594907407407,"EL ARENAL",20.8988281066956,-98.296904690728,"SEGURIDAD","RIÑA / PELEA CLANDESTINA","Femenino"
"20311",45713,0.614525462962963,"TEXCALTITLA",19.9656631789611,-98.6797205060243,"PROTECCIÓN CIVIL","OTROS INCENDIOS","Masculino"
"10317",45857,0.741701388888889,"EL PEDREGAL",19.7497451534906,-99.0852291847153,"MEDICO","FALLECIDO DE CAUSA NATURAL","Masculino"
"30401",45956,0.62056712962963,"CENTRO TEZONTEPEC DE ALDAMA",20.2651712933605,-99.3131373526042,"SEGURIDAD","OTRAS ALARMAS DE EMERGENCIAS ACTIVADAS","Femenino"
"10103",45789,0.845972222222222,"MEDIAS TIERRAS",20.1163470478132,-98.2664111725522,"MEDICO","ACCIDENTE DE MOTOCICLETA CON LESIONADOS","Femenino"
"30401",45841,0.192175925925926,"TLACPAC",20.1202107289056,-98.3823062622462,"SEGURIDAD","OTRAS ALARMAS DE EMERGENCIAS ACTIVADAS","Masculino"
"30401",45663,0.419502314814815,"PERIODISTA",20.2975374545048,-98.5747085953261,"SEGURIDAD","OTRAS ALARMAS DE EMERGENCIAS ACTIVADAS","Sin Especificar"
"30407",45786,0.735324074074074,"LOS REYES",20.6204284058601,-98.1716731522386,"SEGURIDAD","EXTORSIÓN TELEFÓNICA","Masculino"
"10306",45764,0.0701041666666667,"TEACAL",20.9832220404526,-98.4117871211578,"MEDICO","INTOXICACIÓN ETÍLICA","Sin Especificar"
"31101",45724,0.0516087962962963,"VENUSTIANO CARRANZA",20.0781162071122,-98.63899651852,"SEGURIDAD","ALTERACIÓN DEL ORDEN PÚBLICO POR PERSONA ALCOHOLIZADA","Sin Especificar"
"10104",45855,0.489178240740741,"SAN LUIS",20.1002208404784,-98.3458001183362,"MEDICO","ACCIDENTE DE VEHÍCULO AUTOMOTOR CON LESIONADOS","Femenino"
"30404",45860,0.961261574074074,"FRACC SAUCILLO",19.8849799063062,-98.6324458422847,"SEGURIDAD","DAÑO A PROPIEDAD AJENA","Sin Especificar"
"50305",45749,0.883726851851852,"EJIDO DE CALABAZAS",20.3865949177471,-98.3047372189982,"ASISTENCIA","SOLICITUD DE RONDÍN","Femenino"
"50301",45957,0.840231481481482,"NUEVA FRANCISCO I MADERO",20.0623957873583,-98.7919407584492,"ASISTENCIA","APOYO A LA CIUDADANÍA","Masculino"
"10316",45915,0.964259259259259,"ADOLFO RUIZ CORTINES",20.1459163940628,-98.4599076375713,"MEDICO","OTROS INCIDENTES MÉDICOS CLINICOS","Sin Especificar"
"10104",45828,0.142094907407407,"EL ZAPOTE",19.9660297889076,-99.4061544146092,"MEDICO","ACCIDENTE DE VEHÍCULO AUTOMOTOR CON LESIONADOS","Femenino"
"10104",45885,0.425856481481482,"SOLEDAD DEL COYOL",21.01688496663,-99.0268998525015,"MEDICO","ACCIDENTE DE VEHÍCULO AUTOMOTOR CON LESIONADOS","Masculino"
"31101",45704,0.0923148148148148,"LAS HACIENDAS",19.9143750744451,-98.6180394500201,"SEGURIDAD","ALTERACIÓN DEL ORDEN PÚBLICO POR PERSONA ALCOHOLIZADA","Masculino"
"30401",45936,0.167777777777778,"COLOSIO II",20.1681537680717,-98.9013191501095,"SEGURIDAD","OTRAS ALARMAS DE EMERGENCIAS ACTIVADAS","Masculino"
"30414",45974,0.559930555555556,"NOXTONGO PRIMERA SECCION",20.0214764339215,-99.3879076923383,"SEGURIDAD","ROBO A CASA HABITACIÓN SIN VIOLENCIA","Sin Especificar"
"31101",45753,0.930925925925926,"VENTA PRIETA",20.2916426752,-98.9767925455861,"SEGURIDAD","ALTERACIÓN DEL ORDEN PÚBLICO POR PERSONA ALCOHOLIZADA","Masculino"
"10317",45719,0.148599537037037,"ZOTHE",20.2901048886923,-99.6897383627319,"MEDICO","FALLECIDO DE CAUSA NATURAL","Masculino"
"30404",45867,0.869479166666667,"LAS PLAZAS",19.8360370510515,-98.9001454425202,"SEGURIDAD","DAÑO A PROPIEDAD AJENA","Sin Especificar"
"10103",45863,0.832928240740741,"SIN COLONIA",19.9078345234252,-98.9888879145149,"MEDICO","ACCIDENTE DE MOTOCICLETA CON LESIONADOS","Sin Especificar"
"30904",45855,0.972199074074074,"CENTRO PACHUCA DE SOTO",20.0895022921274,-98.7634245059997,"SEGURIDAD","PERSONA SOSPECHOSA","Sin Especificar"
"50301",45923,0.887407407407407,"SAN GUILLERMO LA REFORMA",20.1154514046592,-98.647513345713,"ASISTENCIA","APOYO A LA CIUDADANÍA","Femenino"
"30309",45862,0.61525462962963,"EL PORTEZUELO",20.1982479080491,-98.6641059260593,"SEGURIDAD","ACCIDENTE DE TRÁNSITO SIN LESIONADOS","Masculino"
"30306",45710,0.419537037037037,"EL BONDHO",20.2777080776731,-99.2221268442972,"SEGURIDAD","VEHÍCULO EN HUIDA","Femenino"
"30907",45886,0.139421296296296,"CERRO DE CUBITOS",20.2393073021088,-98.7018002017931,"SEGURIDAD","PERSONA AGRESIVA","Sin Especificar"
"31102",45687,0.850613425925926,"ARBOLEDAS DE SAN JAVIER",19.8969931664488,-98.9374561732483,"SEGURIDAD","ALTERACIÓN DEL ORDEN PÚBLICO POR PERSONA DROGADA","Femenino"
"30401",46001,0.931087962962963,"PERIODISTA",20.0899013683749,-98.8249905570637,"SEGURIDAD","OTRAS ALARMAS DE EMERGENCIAS ACTIVADAS","Sin Especificar"
"30440",45682,0.531527777777778,"FERROCARRILERA",20.0154701733397,-98.1558627820992,"SEGURIDAD","ROBO DE PLACA","Masculino"
"20203",45748,0.731574074074074,"PASEOS DE LA PLATA",20.007154882607,-98.7073808213572,"PROTECCIÓN CIVIL","ENJAMBRE DE ABEJAS","Masculino"
"30907",45858,0.181041666666667,"LA PROVIDENCIA SIGLO XXI",20.2042715471828,-98.6960875259597,"SEGURIDAD","PERSONA AGRESIVA","Masculino"
"30310",45928,0.831898148148148,"LOMA BONITA",19.9857429022382,-99.239739161071,"SEGURIDAD","OTRAS FALTAS AL REGLAMENTO DE TRÁNSITO","Femenino"
"30310",45716,0.392534722222222,"PLUTARCO ELIAS CALLES",20.0958894556879,-98.7013676778935,"SEGURIDAD","OTRAS FALTAS AL REGLAMENTO DE TRÁNSITO","Sin Especificar"
"30401",45702,0.586087962962963,"CENTRO PACHUCA DE SOTO",20.256502944236,-98.6476120234925,"SEGURIDAD","OTRAS ALARMAS DE EMERGENCIAS ACTIVADAS","Sin Especificar"
"30401",45837,0.46818287037037,"EL SAUCILLO",20.030152920124,-98.8265255980497,"SEGURIDAD","OTRAS ALARMAS DE EMERGENCIAS ACTIVADAS","Femenino"
"30430",45947,0.490833333333333,"VILLAS DEL ALAMO",19.9722501041316,-98.6821569137312,"SEGURIDAD","ROBO DE VEHÍCULO PARTICULAR SIN VIOLENCIA","Sin Especificar"
"31102",45658,0.610358796296296,"LA MALINCHE",20.0454319005412,-99.4381431905662,"SEGURIDAD","ALTERACIÓN DEL ORDEN PÚBLICO POR PERSONA DROGADA","Masculino"
"30904",45746,0.0702662037037037,"SAN FRANCISCO",20.1133655385099,-98.6897182284696,"SEGURIDAD","PERSONA SOSPECHOSA","Femenino"
"20311",45761,0.856377314814815,"AQUILES SERDAN",20.1649756604333,-98.6735963710861,"PROTECCIÓN CIVIL","OTROS INCENDIOS","Sin Especificar"
"50102",45805,0.904710648148148,"HACIENDAS DE TIZAYUCA",19.7586621565998,-98.9285799186899,"ASISTENCIA","TENTATIVA DE ROBO","Masculino"
"30606",45797,0.780671296296296,"POZO GRANDE",20.2160383420486,-98.9964230435398,"SEGURIDAD","PERSONA DETENIDA","Femenino"
"31001",45663,0.925081018518518,"MORELOS 1A SECCION",20.1254070579461,-98.8571412059871,"SEGURIDAD","ALLANAMIENTO DE MORADA","Masculino"
"30907",45787,0.528877314814815,"CENTRO TULA DE ALLENDE",19.8728446736183,-99.4454640805639,"SEGURIDAD","PERSONA AGRESIVA","Masculino"
"10308",45919,0.655740740740741,"20 DE NOVIEMBRE",20.265499001949,-98.4443377649243,"MEDICO","PERSONA INCONSCIENTE / URGENCIA NEUROLÓGICA","Sin Especificar"
"30502",45953,0.705023148148148,"ZONA PLATEADA",20.1359044539983,-98.8167020715582,"SEGURIDAD","VIOLENCIA DE PAREJA","Sin Especificar"
"50303",45721,0.429861111111111,"SAN ANTONIO",20.0201396635521,-98.9418233425496,"ASISTENCIA","MALTRATO DE ANIMALES","Femenino"
"31001",45816,0.524490740740741,"SANTA ALICIA",20.2261086154434,-98.4098352471045,"SEGURIDAD","ALLANAMIENTO DE MORADA","Masculino"
"50102",45963,0.960092592592593,"LOS HEROES TIZAYUCA",19.765252183455,-99.183811151372,"ASISTENCIA","TENTATIVA DE ROBO","Masculino"
"30448",45704,0.0677893518518519,"TEOCALCO",20.1991879796949,-99.0850650703443,"SEGURIDAD","ROBO DE COMBUSTIBLE","Masculino"
"50301",45671,0.895092592592593,"PRADERAS DE VIRREYES",20.0656707510032,-98.5977203240557,"ASISTENCIA","APOYO A LA CIUDADANÍA","Sin Especificar"
"30907",46020,0.520729166666667,"ANDALUCIA RESIDENCIAL",19.7592845375484,-99.1205725297691,"SEGURIDAD","PERSONA AGRESIVA","Masculino"
"40107",45810,0.92119212962963,"EL BONDHO",20.3047812173941,-99.0258161409201,"SERVICIOS PÚBLICOS","CORTO CIRCUITO","Sin Especificar"
"20403",45663,0.55875,"MAESTRANZA",20.0724250539199,-98.7123021881822,"PROTECCIÓN CIVIL","RESCATE ANIMAL","Masculino"
"31112",45830,0.87744212962963,"PUEBLO NUEVO",20.1748946041211,-98.5877691725544,"SEGURIDAD","RIÑA / PELEA CLANDESTINA","Masculino"
"10310",45709,0.770219907407407,"SANTIAGO Y ARIZPE",19.9791500680674,-98.7295153582103,"MEDICO","URGENCIA POR ENFERMEDAD GENERAL","Femenino"
"50203",45840,0.792905092592593,"CENTRO APAN",19.742373566043,-98.4588076584717,"ASISTENCIA","VEHÍCULO RECUPERADO","Femenino"
"30309",45838,0.689606481481482,"AUTOPISTA ARCO NORTE",19.8351339239319,-98.4592206635628,"SEGURIDAD","ACCIDENTE DE TRÁNSITO SIN LESIONADOS","Masculino"
"10104",45849,0.977534722222222,"SIN COLONIA",20.2212875898598,-98.4193037911993,"MEDICO","ACCIDENTE DE VEHÍCULO AUTOMOTOR CON LESIONADOS","Femenino"
"30310",45981,0.682118055555556,"EL SALITRE",20.084294011634,-99.1350792159432,"SEGURIDAD","OTRAS FALTAS AL REGLAMENTO DE TRÁNSITO","Masculino"
"50305",45685,0.0643865740740741,"SANTIAGO TLAUTLA",19.9984317927412,-99.296864311219,"ASISTENCIA","SOLICITUD DE RONDÍN","Masculino"
"31102",45805,0.774039351851852,"ISSSTE",19.9465596149849,-98.8269870367208,"SEGURIDAD","ALTERACIÓN DEL ORDEN PÚBLICO POR PERSONA DROGADA","Masculino"
"10210",45944,0.452881944444444,"PRIVADAS SANTA MATILDE",20.0050597469286,-98.8544234965601,"MEDICO","MORDEDURA DE ANIMAL","Femenino"
"31104",45800,0.942534722222222,"PASEOS DE CHAVARRIA",20.0567891542051,-98.6574735609026,"SEGURIDAD","CONSUMO DE ALCOHOL EN VÍA PÚBLICA","Sin Especificar"
"50102",45702,0.217881944444444,"AUTOPISTA ARCO NORTE",20.1363880829059,-99.145710587049,"ASISTENCIA","TENTATIVA DE ROBO","Masculino"
"30503",45708,0.592384259259259,"LA PROVIDENCIA SIGLO XXI",20.189161415209,-98.7640221643424,"SEGURIDAD","VIOLENCIA FAMILIAR","Femenino"
"10116",45777,0.475590277777778,"CENTRO PACHUCA DE SOTO",20.0925724041974,-98.7788789237572,"MEDICO","ATROPELLAMIENTO","Masculino"
"30602",45722,0.459212962962963,"LA CAMPESINA",20.7111707126604,-98.7274442666129,"SEGURIDAD","PERSONA NO LOCALIZADA","Femenino"
"30904",46010,0.0750578703703704,"FUENTES DE TIZAYUCA",20.0949380600093,-99.0893856560924,"SEGURIDAD","PERSONA SOSPECHOSA","Masculino"
"50301",45884,0.440081018518519,"SIN COLONIA",20.2973850123656,-99.1960772329164,"ASISTENCIA","APOYO A LA CIUDADANÍA","Femenino"
"30407",45835,0.720590277777778,"NACOZARI",19.9905624114646,-98.9780141140443,"SEGURIDAD","EXTORSIÓN TELEFÓNICA","Sin Especificar"
"31101",45753,0.914976851851852,"SAN MIGUEL CEREZO (EL CEREZO)",20.1197319491299,-98.7092884154936,"SEGURIDAD","ALTERACIÓN DEL ORDEN PÚBLICO POR PERSONA ALCOHOLIZADA","Masculino"
"30907",45857,0.883391203703704,"EL TEZONTLE",20.2706331570386,-98.6810220182931,"SEGURIDAD","PERSONA AGRESIVA","Femenino"
"30502",45762,0.889050925925926,"SAN ANTONIO EL DESMONTE",19.9423307296926,-98.7386029682538,"SEGURIDAD","VIOLENCIA DE PAREJA","Femenino"
"30407",45993,0.452083333333333,"SAN ALFONSO",19.7680492480161,-98.720506718643,"SEGURIDAD","EXTORSIÓN TELEFÓNICA","Femenino"
"20106",45839,0.731122685185185,"YOLOTEPEC",20.295044867742,-98.9676890894121,"PROTECCIÓN CIVIL","ENCHARCAMIENTO/ DESBORDAMIENTO DE RÍO","Masculino"
"30204",45998,0.813587962962963,"HOGARES UNION PASEOS DEL PEDREGAL",19.7857233393172,-98.8447831917173,"SEGURIDAD","PORTACIÓN DE ARMAS O CARTUCHOS","Sin Especificar"
"20307",45759,0.576446759259259,"SIN COLONIA",20.2641816449392,-98.3781281512638,"PROTECCIÓN CIVIL","INCENDIO FORESTAL","Masculino"
"50301",45850,0.999398148148148,"LOS VIÑEDOS RESIDENCIALES",19.9799176416627,-98.8870530189757,"ASISTENCIA","APOYO A LA CIUDADANÍA","Masculino"
"31105",45924,0.865162037037037,"ATOTONILCO EL GRANDE CENTRO",20.1065217159717,-98.6099881395534,"SEGURIDAD","CONSUMO DE DROGAS EN VÍA PÚBLICA","Masculino"
"30907",45789,0.795011574074074,"TIANGUISTENGO (LA ROMERA)",19.823002321838,-99.517874534487,"SEGURIDAD","PERSONA AGRESIVA","Masculino"
"10104",45935,0.821643518518519,"JONACAPA",20.4268080999526,-99.5769763071372,"MEDICO","ACCIDENTE DE VEHÍCULO AUTOMOTOR CON LESIONADOS","Femenino"
"30401",45936,0.00752314814814815,"CENTRO",20.2523704590351,-98.2683486742069,"SEGURIDAD","OTRAS ALARMAS DE EMERGENCIAS ACTIVADAS","Masculino"
"31001",45933,0.45025462962963,"POZO GRANDE",20.4048335844336,-99.0703021076327,"SEGURIDAD","ALLANAMIENTO DE MORADA","Femenino"
"30309",45670,0.315138888888889,"SAN MIGUEL",20.6154585433179,-99.2938202137486,"SEGURIDAD","ACCIDENTE DE TRÁNSITO SIN LESIONADOS","Masculino"
"30609",45676,0.616782407407407,"NUEVA MORELOS",20.1236768796203,-98.4390543165322,"SEGURIDAD","OTROS ACTOS RELACIONADOS CON LA LIBERTAD PERSONAL","Femenino"
"30502",45900,0.217407407407407,"NANTZHA",20.2309848083127,-99.3596519515235,"SEGURIDAD","VIOLENCIA DE PAREJA","Femenino"
"50302",45842,0.962083333333333,"P.R.I. CHACON",20.0752472083781,-98.6584598804818,"ASISTENCIA","PERSONA LOCALIZADA","Femenino"
"10104",45870,0.535532407407407,"SIN COLONIA",19.9003525166774,-98.5630434458927,"MEDICO","ACCIDENTE DE VEHÍCULO AUTOMOTOR CON LESIONADOS","Femenino"
"30904",45996,0.893634259259259,"TAXISTAS",20.2542427903036,-98.6585877348955,"SEGURIDAD","PERSONA SOSPECHOSA","Femenino"
"30307",45880,0.70875,"TEZOQUIPA",20.0932182717996,-99.2208401776269,"SEGURIDAD","VEHÍCULO SOSPECHOSO","Sin Especificar"
"31102",45724,0.852662037037037,"TLAXINACALPAN",19.9268321957688,-99.4054946541903,"SEGURIDAD","ALTERACIÓN DEL ORDEN PÚBLICO POR PERSONA DROGADA","Femenino"
"30502",45689,0.200416666666667,"SAN JOSE",21.3476735472035,-98.399743943301,"SEGURIDAD","VIOLENCIA DE PAREJA","Femenino"
"50105",45801,0.149027777777778,"PIRACANTOS",20.0630999954275,-98.8947074086913,"ASISTENCIA","RUIDO EXCESIVO","Masculino"
"31101",45754,0.024212962962963,"SIN COLONIA",20.0310669455248,-98.8291987012489,"SEGURIDAD","ALTERACIÓN DEL ORDEN PÚBLICO POR PERSONA ALCOHOLIZADA","Masculino"
"30309",45975,0.519976851851852,"PERIODISTA",20.2513379845645,-98.6333811724658,"SEGURIDAD","ACCIDENTE DE TRÁNSITO SIN LESIONADOS","Masculino"
"20403",45904,0.753240740740741,"REAL DE TOLEDO",20.1165549349804,-98.8566224261153,"PROTECCIÓN CIVIL","RESCATE ANIMAL","Masculino"
"50301",45687,0.323576388888889,"PAXTEPEC",19.9681967671933,-98.4260599313169,"ASISTENCIA","APOYO A LA CIUDADANÍA","Masculino"
"20108",45984,0.961967592592593,"MINEROS",19.8584023282234,-98.4880739475229,"PROTECCIÓN CIVIL","FUGAS Y DERRAMES DE SUSTANCIAS QUÍMICAS","Masculino"
"30907",45796,0.795949074074074,"CAMPESTRE VILLAS DEL ALAMO",20.2289161804813,-98.6242843595399,"SEGURIDAD","PERSONA AGRESIVA","Sin Especificar"
"30205",46015,0.943356481481481,"SAN ANTONIO",19.7159967056836,-98.7964750963119,"SEGURIDAD","DETONACIÓN DE COHETES O FUEGOS ARTIFICIALES","Masculino"
"30310",45933,0.716643518518519,"LOMAS DEL CHACON",20.1069990367397,-98.8570830780212,"SEGURIDAD","OTRAS FALTAS AL REGLAMENTO DE TRÁNSITO","Masculino"
"10204",45673,0.687986111111111,"EL LLANO (1A SECCION)",20.1105448100173,-99.2503667024013,"MEDICO","CAÍDA","Femenino"
"10103",45836,0.561631944444444,"EL CARMEN",19.8668471356801,-99.0028196314863,"MEDICO","ACCIDENTE DE MOTOCICLETA CON LESIONADOS","Femenino"
"30904",45963,0.902824074074074,"SIN COLONIA",20.0109131155082,-98.7397487846257,"SEGURIDAD","PERSONA SOSPECHOSA","Masculino"
"10203",45814,0.679444444444444,"POZUELOS",20.4287578353261,-99.0312074902884,"MEDICO","ASFIXIA","Sin Especificar"
"20311",45753,0.852847222222222,"MICHIMALOYA (SAN JUAN MICHIMALOYA)",20.0121621944262,-99.5313490926178,"PROTECCIÓN CIVIL","OTROS INCENDIOS","Masculino"
"50105",45697,0.102488425925926,"CENTRO APAN",19.7086510195939,-98.5178755278922,"ASISTENCIA","RUIDO EXCESIVO","Masculino"
"10104",45744,0.974131944444444,"SIN COLONIA",20.4504894414702,-98.7920329854063,"MEDICO","ACCIDENTE DE VEHÍCULO AUTOMOTOR CON LESIONADOS","Femenino"
"20403",45818,0.486828703703704,"AMPLIACION SANTA JULIA 3RA SEECION",20.0979280665988,-98.6118721916123,"PROTECCIÓN CIVIL","RESCATE ANIMAL","Femenino"
"50301",45845,0.559918981481481,"SIN COLONIA",19.6787264112319,-99.1087607974862,"ASISTENCIA","APOYO A LA CIUDADANÍA","Masculino"
"30204",45838,0.990127314814815,"PASEOS DE CHAVARRIA",19.8573800805722,-98.6852702718577,"SEGURIDAD","PORTACIÓN DE ARMAS O CARTUCHOS","Sin Especificar"
"10219",45737,0.662361111111111,"SANTA JULIA",20.0186218373961,-98.6421142075973,"MEDICO","FALLECIDO DE CAUSA TRAUMÁTICA","Sin Especificar"
